timestamp,index_symbol,commander_state,battle_status,evidence_verdict,evidence_score,call_confidence,put_confidence,premium_flow_side,rotation_state,decay_state,straddle_structure,straddle_bias,spot_price,atm_straddle,outcome_15m,outcome_detail_15m
2026-07-28T09:15:00+05:30,BSE:SENSEX-INDEX,MIXED_PREMIUM_REGIME,WAIT,WEAK_CALL_BIAS,15.0,15.0,10.0,PUT,NO_ROTATION,BALANCED,OPENING_RANGE_NOT_READY,NEUTRAL,76804.34,678.55,CORRECT,Spot +75.96
2026-07-28T09:16:00+05:30,BSE:SENSEX-INDEX,MIXED_PREMIUM_REGIME,WAIT,WEAK_CALL_BIAS,25.0,25.0,0.0,CALL,UPWARD_ROTATION,BALANCED,OPENING_RANGE_NOT_READY,NEUTRAL,76859.83,660.35,CORRECT,Spot +39.20
2026-07-28T09:17:00+05:30,BSE:SENSEX-INDEX,MIXED_PREMIUM_REGIME,WAIT,WEAK_CALL_BIAS,40.0,40.0,0.0,PUT,UPWARD_ROTATION,TIME_PASS,OPENING_RANGE_NOT_READY,NEUTRAL,76862.51,660.3,NEUTRAL,Spot nearly flat -4.13
2026-07-28T09:25:00+05:30,BSE:SENSEX-INDEX,MIXED_PREMIUM_REGIME,WAIT,WEAK_CALL_BIAS,55.0,55.0,0.0,CALL,UPWARD_ROTATION,BALANCED,OPENING_RANGE_NOT_READY,NEUTRAL,76909.8,670.05,CORRECT,Spot +11.92
2026-07-28T09:26:00+05:30,BSE:SENSEX-INDEX,MIXED_PREMIUM_REGIME,WAIT,WEAK_CALL_BIAS,25.0,25.0,15.0,PUT,UPWARD_ROTATION,TIME_PASS,OPENING_RANGE_NOT_READY,NEUTRAL,76872.73,664.85,CORRECT,Spot +49.70
2026-07-28T09:27:00+05:30,BSE:SENSEX-INDEX,MIXED_PREMIUM_REGIME,WAIT,WEAK_CALL_BIAS,25.0,25.0,15.0,CALL,UPWARD_ROTATION,TIME_PASS,OPENING_RANGE_NOT_READY,NEUTRAL,76864.69,666.5,CORRECT,Spot +51.10
2026-07-28T09:28:00+05:30,BSE:SENSEX-INDEX,MIXED_PREMIUM_REGIME,WAIT,WEAK_CALL_BIAS,25.0,25.0,15.0,PUT,UPWARD_ROTATION,TIME_PASS,OPENING_RANGE_NOT_READY,NEUTRAL,76865.95,666.25,CORRECT,Spot +53.62
2026-07-28T09:29:00+05:30,BSE:SENSEX-INDEX,MIXED_PREMIUM_REGIME,WAIT,WEAK_CALL_BIAS,25.0,25.0,15.0,CALL,UPWARD_ROTATION,TIME_PASS,OPENING_RANGE_NOT_READY,NEUTRAL,76882.6,665.4,CORRECT,Spot +49.57
2026-07-28T09:30:00+05:30,BSE:SENSEX-INDEX,MIXED_PREMIUM_REGIME,WAIT,WEAK_CALL_BIAS,25.0,25.0,15.0,PUT,UPWARD_ROTATION,TIME_PASS,TRANSITION,NEUTRAL,76880.3,668.0,CORRECT,Spot +32.52
2026-07-28T09:31:00+05:30,BSE:SENSEX-INDEX,MIXED_PREMIUM_REGIME,WAIT,WEAK_CALL_BIAS,25.0,25.0,15.0,CALL,UPWARD_ROTATION,TIME_PASS,EXPANSION_BREAKOUT,LONG_STRADDLE,76899.03,671.7,CORRECT,Spot +2.32
2026-07-28T09:32:00+05:30,BSE:SENSEX-INDEX,MIXED_PREMIUM_REGIME,WAIT,WEAK_CALL_BIAS,25.0,25.0,15.0,PUT,UPWARD_ROTATION,TIME_PASS,EXPANSION_BREAKOUT,LONG_STRADDLE,76858.38,672.5,CORRECT,Spot +19.63
2026-07-28T09:33:00+05:30,BSE:SENSEX-INDEX,MIXED_PREMIUM_REGIME,WAIT,WEAK_CALL_BIAS,25.0,25.0,15.0,CALL,DOWNWARD_ROTATION,TIME_PASS,TRANSITION,NEUTRAL,76841.76,674.15,CORRECT,Spot +27.18
2026-07-28T09:34:00+05:30,BSE:SENSEX-INDEX,MIXED_PREMIUM_REGIME,WAIT,WEAK_PUT_BIAS,25.0,15.0,25.0,PUT,DOWNWARD_ROTATION,TIME_PASS,TRANSITION,NEUTRAL,76815.54,675.1,WRONG,Spot +68.50
2026-07-28T09:35:00+05:30,BSE:SENSEX-INDEX,MIXED_PREMIUM_REGIME,WAIT,WEAK_CALL_BIAS,25.0,25.0,15.0,CALL,DOWNWARD_ROTATION,TIME_PASS,TRANSITION,NEUTRAL,76839.87,674.15,CORRECT,Spot +41.23
2026-07-28T09:36:00+05:30,BSE:SENSEX-INDEX,MIXED_PREMIUM_REGIME,WAIT,WEAK_CALL_BIAS,25.0,25.0,15.0,CALL,AGGRESSIVE_UPWARD_ROTATION,TIME_PASS,TRANSITION,NEUTRAL,76868.6,665.25,CORRECT,Spot +1.66
2026-07-28T09:37:00+05:30,BSE:SENSEX-INDEX,MIXED_PREMIUM_REGIME,WAIT,WEAK_CALL_BIAS,55.0,55.0,0.0,CALL,AGGRESSIVE_UPWARD_ROTATION,TIME_PASS,TRANSITION,NEUTRAL,76902.2,668.25,WRONG,Spot -42.99
2026-07-28T09:38:00+05:30,BSE:SENSEX-INDEX,MIXED_PREMIUM_REGIME,WAIT,WEAK_CALL_BIAS,40.0,40.0,0.0,PUT,AGGRESSIVE_UPWARD_ROTATION,TIME_PASS,TRANSITION,NEUTRAL,76891.69,667.05,WRONG,Spot -42.86
2026-07-28T09:39:00+05:30,BSE:SENSEX-INDEX,MIXED_PREMIUM_REGIME,WAIT,WEAK_CALL_BIAS,55.0,55.0,0.0,CALL,AGGRESSIVE_UPWARD_ROTATION,TIME_PASS,TRANSITION,NEUTRAL,76917.06,664.65,WRONG,Spot -71.75
2026-07-28T09:40:00+05:30,BSE:SENSEX-INDEX,MIXED_PREMIUM_REGIME,WAIT,WEAK_CALL_BIAS,55.0,55.0,0.0,PUT,AGGRESSIVE_UPWARD_ROTATION,TIME_PASS,TRANSITION,NEUTRAL,76921.72,665.25,NEUTRAL,Spot nearly flat -30.19
2026-07-28T09:41:00+05:30,BSE:SENSEX-INDEX,MIXED_PREMIUM_REGIME,WAIT,WEAK_CALL_BIAS,55.0,55.0,0.0,PUT,AGGRESSIVE_UPWARD_ROTATION,TIME_PASS,TRANSITION,NEUTRAL,76922.43,665.05,NEUTRAL,Spot nearly flat -27.36
2026-07-28T09:42:00+05:30,BSE:SENSEX-INDEX,MIXED_PREMIUM_REGIME,WAIT,WEAK_CALL_BIAS,55.0,55.0,0.0,PUT,AGGRESSIVE_UPWARD_ROTATION,TIME_PASS,TRANSITION,NEUTRAL,76915.79,664.9,NEUTRAL,Spot nearly flat -24.61
2026-07-28T09:43:00+05:30,BSE:SENSEX-INDEX,MIXED_PREMIUM_REGIME,WAIT,WEAK_CALL_BIAS,55.0,55.0,0.0,CALL,AGGRESSIVE_UPWARD_ROTATION,TIME_PASS,TRANSITION,NEUTRAL,76919.57,667.7,NEUTRAL,Spot nearly flat -38.33
2026-07-28T09:44:00+05:30,BSE:SENSEX-INDEX,MIXED_PREMIUM_REGIME,WAIT,WEAK_CALL_BIAS,55.0,55.0,0.0,CALL,AGGRESSIVE_UPWARD_ROTATION,TIME_PASS,TRANSITION,NEUTRAL,76932.17,667.05,WRONG,Spot -48.37
2026-07-28T09:45:00+05:30,BSE:SENSEX-INDEX,MIXED_PREMIUM_REGIME,WAIT,WEAK_CALL_BIAS,55.0,55.0,0.0,PUT,AGGRESSIVE_UPWARD_ROTATION,TIME_PASS,TRANSITION,NEUTRAL,76912.82,664.85,NEUTRAL,Spot nearly flat -18.85
2026-07-28T09:46:00+05:30,BSE:SENSEX-INDEX,MIXED_PREMIUM_REGIME,WAIT,WEAK_CALL_BIAS,40.0,40.0,0.0,PUT,AGGRESSIVE_UPWARD_ROTATION,TIME_PASS,TRANSITION,NEUTRAL,76901.35,664.35,NEUTRAL,Spot nearly flat -15.73
2026-07-28T09:47:00+05:30,BSE:SENSEX-INDEX,MIXED_PREMIUM_REGIME,WAIT,WEAK_CALL_BIAS,25.0,25.0,15.0,PUT,AGGRESSIVE_UPWARD_ROTATION,TIME_PASS,TRANSITION,NEUTRAL,76878.01,665.7,NEUTRAL,Spot nearly flat -29.39
2026-07-28T09:48:00+05:30,BSE:SENSEX-INDEX,MIXED_PREMIUM_REGIME,WAIT,WEAK_CALL_BIAS,25.0,25.0,15.0,PUT,AGGRESSIVE_UPWARD_ROTATION,TIME_PASS,TRANSITION,NEUTRAL,76868.94,660.3,WRONG,Spot -68.74
2026-07-28T09:49:00+05:30,BSE:SENSEX-INDEX,MIXED_PREMIUM_REGIME,WAIT,WEAK_CALL_BIAS,25.0,25.0,15.0,PUT,AGGRESSIVE_UPWARD_ROTATION,TIME_PASS,DECAY_BREAKDOWN_UNCONFIRMED,SHORT_STRADDLE,76884.04,655.55,WRONG,Spot -126.81
2026-07-28T09:50:00+05:30,BSE:SENSEX-INDEX,MIXED_PREMIUM_REGIME,WAIT,WEAK_CALL_BIAS,25.0,25.0,15.0,PUT,AGGRESSIVE_UPWARD_ROTATION,TIME_PASS,DECAY_BREAKDOWN,SHORT_STRADDLE,76881.1,652.8,WRONG,Spot -114.88
2026-07-28T09:51:00+05:30,BSE:SENSEX-INDEX,MIXED_PREMIUM_REGIME,WAIT,WEAK_CALL_BIAS,25.0,25.0,15.0,PUT,AGGRESSIVE_UPWARD_ROTATION,TIME_PASS,DECAY_BREAKDOWN,SHORT_STRADDLE,76870.26,652.7,WRONG,Spot -134.07
2026-07-28T09:52:00+05:30,BSE:SENSEX-INDEX,MIXED_PREMIUM_REGIME,WAIT,WEAK_CALL_BIAS,25.0,25.0,15.0,PUT,AGGRESSIVE_UPWARD_ROTATION,TIME_PASS,DECAY_BREAKDOWN_UNCONFIRMED,SHORT_STRADDLE,76859.21,653.45,WRONG,Spot -103.48
2026-07-28T09:53:00+05:30,BSE:SENSEX-INDEX,MIXED_PREMIUM_REGIME,WAIT,WEAK_CALL_BIAS,25.0,25.0,15.0,PUT,DOWNWARD_ROTATION,TIME_PASS,DECAY_BREAKDOWN,SHORT_STRADDLE,76848.83,659.35,WRONG,Spot -122.52
2026-07-28T09:54:00+05:30,BSE:SENSEX-INDEX,MIXED_PREMIUM_REGIME,WAIT,WEAK_CALL_BIAS,25.0,25.0,15.0,CALL,DOWNWARD_ROTATION,TIME_PASS,DECAY_BREAKDOWN_UNCONFIRMED,SHORT_STRADDLE,76845.31,660.25,WRONG,Spot -108.74
2026-07-28T09:55:00+05:30,BSE:SENSEX-INDEX,MIXED_PREMIUM_REGIME,WAIT,WEAK_CALL_BIAS,25.0,25.0,15.0,CALL,AGGRESSIVE_UPWARD_ROTATION,TIME_PASS,DECAY_BREAKDOWN,SHORT_STRADDLE,76891.53,654.5,WRONG,Spot -152.93
2026-07-28T09:56:00+05:30,BSE:SENSEX-INDEX,MIXED_PREMIUM_REGIME,WAIT,WEAK_CALL_BIAS,25.0,25.0,15.0,CALL,AGGRESSIVE_UPWARD_ROTATION,TIME_PASS,DECAY_BREAKDOWN_UNCONFIRMED,SHORT_STRADDLE,76895.07,655.2,WRONG,Spot -172.66
2026-07-28T09:57:00+05:30,BSE:SENSEX-INDEX,MIXED_PREMIUM_REGIME,WAIT,WEAK_CALL_BIAS,40.0,40.0,0.0,PUT,AGGRESSIVE_UPWARD_ROTATION,TIME_PASS,DECAY_BREAKDOWN,SHORT_STRADDLE,76891.18,653.95,WRONG,Spot -160.53
2026-07-28T09:58:00+05:30,BSE:SENSEX-INDEX,MIXED_PREMIUM_REGIME,WAIT,WEAK_CALL_BIAS,40.0,40.0,0.0,PUT,AGGRESSIVE_UPWARD_ROTATION,TIME_PASS,DECAY_BREAKDOWN,SHORT_STRADDLE,76881.24,653.0,WRONG,Spot -129.05
2026-07-28T09:59:00+05:30,BSE:SENSEX-INDEX,MIXED_PREMIUM_REGIME,WAIT,WEAK_CALL_BIAS,25.0,25.0,15.0,PUT,AGGRESSIVE_UPWARD_ROTATION,TIME_PASS,DECAY_BREAKDOWN,SHORT_STRADDLE,76883.8,652.2,WRONG,Spot -88.44
2026-07-28T10:00:00+05:30,BSE:SENSEX-INDEX,MIXED_PREMIUM_REGIME,WAIT,WEAK_CALL_BIAS,25.0,25.0,15.0,CALL,AGGRESSIVE_UPWARD_ROTATION,TIME_PASS,DECAY_BREAKDOWN,SHORT_STRADDLE,76893.97,650.05,WRONG,Spot -95.52
2026-07-28T10:01:00+05:30,BSE:SENSEX-INDEX,MIXED_PREMIUM_REGIME,WAIT,WEAK_CALL_BIAS,25.0,25.0,15.0,PUT,AGGRESSIVE_UPWARD_ROTATION,TIME_PASS,DECAY_BREAKDOWN,SHORT_STRADDLE,76885.62,647.8,WRONG,Spot -62.33
2026-07-28T10:02:00+05:30,BSE:SENSEX-INDEX,MIXED_PREMIUM_REGIME,WAIT,WEAK_CALL_BIAS,25.0,25.0,15.0,PUT,DOWNWARD_ROTATION,TIME_PASS,DECAY_BREAKDOWN,SHORT_STRADDLE,76848.62,655.1,NEUTRAL,Spot nearly flat -21.81
2026-07-28T10:03:00+05:30,BSE:SENSEX-INDEX,MIXED_PREMIUM_REGIME,WAIT,WEAK_PUT_BIAS,25.0,15.0,25.0,PUT,DOWNWARD_ROTATION,TIME_PASS,DECAY_BREAKDOWN,SHORT_STRADDLE,76800.2,652.3,WRONG,Spot +52.11
2026-07-28T10:04:00+05:30,BSE:SENSEX-INDEX,MIXED_PREMIUM_REGIME,WAIT,WEAK_PUT_BIAS,25.0,15.0,25.0,PUT,DOWNWARD_ROTATION,TIME_PASS,DECAY_BREAKDOWN_UNCONFIRMED,SHORT_STRADDLE,76757.23,658.45,WRONG,Spot +79.73
2026-07-28T10:05:00+05:30,BSE:SENSEX-INDEX,MIXED_PREMIUM_REGIME,WAIT,WEAK_PUT_BIAS,25.0,15.0,25.0,PUT,DOWNWARD_ROTATION,TIME_PASS,DECAY_BREAKDOWN_UNCONFIRMED,SHORT_STRADDLE,76766.22,661.2,WRONG,Spot +76.82
2026-07-28T10:06:00+05:30,BSE:SENSEX-INDEX,MIXED_PREMIUM_REGIME,WAIT,WEAK_PUT_BIAS,25.0,15.0,25.0,PUT,AGGRESSIVE_DOWNWARD_ROTATION,TIME_PASS,DECAY_BREAKDOWN,SHORT_STRADDLE,76736.19,666.25,WRONG,Spot +96.81
2026-07-28T10:07:00+05:30,BSE:SENSEX-INDEX,MIXED_PREMIUM_REGIME,WAIT,WEAK_PUT_BIAS,25.0,15.0,25.0,CALL,DOWNWARD_ROTATION,TIME_PASS,DECAY_BREAKDOWN_UNCONFIRMED,SHORT_STRADDLE,76755.73,659.15,WRONG,Spot +49.73
2026-07-28T10:08:00+05:30,BSE:SENSEX-INDEX,MIXED_PREMIUM_REGIME,WAIT,WEAK_PUT_BIAS,25.0,15.0,25.0,PUT,AGGRESSIVE_DOWNWARD_ROTATION,TIME_PASS,DECAY_BREAKDOWN,SHORT_STRADDLE,76726.31,669.3,WRONG,Spot +73.46
2026-07-28T10:09:00+05:30,BSE:SENSEX-INDEX,MIXED_PREMIUM_REGIME,HOLD_FIRE,WEAK_PUT_BIAS,25.0,0.0,25.0,CALL,AGGRESSIVE_DOWNWARD_ROTATION,TIME_PASS,DECAY_BREAKDOWN_UNCONFIRMED,SHORT_STRADDLE,76736.57,669.75,WRONG,Spot +65.11
2026-07-28T10:10:00+05:30,BSE:SENSEX-INDEX,MIXED_PREMIUM_REGIME,HOLD_FIRE,WEAK_PUT_BIAS,25.0,0.0,25.0,CALL,AGGRESSIVE_DOWNWARD_ROTATION,TIME_PASS,DECAY_BREAKDOWN_UNCONFIRMED,SHORT_STRADDLE,76738.6,670.35,WRONG,Spot +81.35
2026-07-28T10:11:00+05:30,BSE:SENSEX-INDEX,MIXED_PREMIUM_REGIME,WAIT,WEAK_PUT_BIAS,45.0,0.0,45.0,PUT,AGGRESSIVE_DOWNWARD_ROTATION,TIME_PASS,DECAY_BREAKDOWN_UNCONFIRMED,SHORT_STRADDLE,76722.41,671.0,WRONG,Spot +112.43
2026-07-28T10:12:00+05:30,BSE:SENSEX-INDEX,MIXED_PREMIUM_REGIME,WAIT,WEAK_PUT_BIAS,45.0,0.0,45.0,CALL,AGGRESSIVE_DOWNWARD_ROTATION,TIME_PASS,DECAY_BREAKDOWN,SHORT_STRADDLE,76730.65,669.15,WRONG,Spot +98.18
2026-07-28T10:13:00+05:30,BSE:SENSEX-INDEX,MIXED_PREMIUM_REGIME,WAIT,WEAK_PUT_BIAS,45.0,0.0,45.0,CALL,DOWNWARD_ROTATION,TIME_PASS,DECAY_BREAKDOWN,SHORT_STRADDLE,76752.19,660.6,WRONG,Spot +71.70
2026-07-28T10:14:00+05:30,BSE:SENSEX-INDEX,MIXED_PREMIUM_REGIME,WAIT,WEAK_PUT_BIAS,25.0,15.0,25.0,CALL,DOWNWARD_ROTATION,TIME_PASS,DECAY_BREAKDOWN,SHORT_STRADDLE,76795.36,657.3,NEUTRAL,Spot nearly flat +14.64
2026-07-28T10:15:00+05:30,BSE:SENSEX-INDEX,MIXED_PREMIUM_REGIME,WAIT,WEAK_PUT_BIAS,25.0,15.0,25.0,CALL,DOWNWARD_ROTATION,TIME_PASS,DECAY_BREAKDOWN,SHORT_STRADDLE,76798.45,654.3,CORRECT,Spot -16.00
2026-07-28T10:16:00+05:30,BSE:SENSEX-INDEX,MIXED_PREMIUM_REGIME,WAIT,WEAK_PUT_BIAS,25.0,15.0,25.0,CALL,DOWNWARD_ROTATION,TIME_PASS,DECAY_BREAKDOWN,SHORT_STRADDLE,76823.29,653.35,CORRECT,Spot -16.39
2026-07-28T10:17:00+05:30,BSE:SENSEX-INDEX,MIXED_PREMIUM_REGIME,WAIT,WEAK_PUT_BIAS,25.0,15.0,25.0,PUT,DOWNWARD_ROTATION,TIME_PASS,DECAY_BREAKDOWN_UNCONFIRMED,SHORT_STRADDLE,76826.81,655.05,NEUTRAL,Spot nearly flat +5.91
2026-07-28T10:18:00+05:30,BSE:SENSEX-INDEX,MIXED_PREMIUM_REGIME,WAIT,WEAK_CALL_BIAS,25.0,25.0,15.0,CALL,AGGRESSIVE_UPWARD_ROTATION,TIME_PASS,DECAY_BREAKDOWN,SHORT_STRADDLE,76852.31,651.05,NEUTRAL,Spot nearly flat -25.53
2026-07-28T10:19:00+05:30,BSE:SENSEX-INDEX,MIXED_PREMIUM_REGIME,WAIT,WEAK_CALL_BIAS,25.0,25.0,15.0,PUT,DOWNWARD_ROTATION,TIME_PASS,DECAY_BREAKDOWN,SHORT_STRADDLE,76836.96,653.65,NEUTRAL,Spot nearly flat -2.29
2026-07-28T10:20:00+05:30,BSE:SENSEX-INDEX,MIXED_PREMIUM_REGIME,WAIT,WEAK_CALL_BIAS,25.0,25.0,15.0,PUT,DOWNWARD_ROTATION,TIME_PASS,DECAY_BREAKDOWN_UNCONFIRMED,SHORT_STRADDLE,76843.04,653.7,NEUTRAL,Spot nearly flat -20.29
2026-07-28T10:21:00+05:30,BSE:SENSEX-INDEX,MIXED_PREMIUM_REGIME,WAIT,WEAK_PUT_BIAS,25.0,15.0,25.0,PUT,DOWNWARD_ROTATION,TIME_PASS,DECAY_BREAKDOWN,SHORT_STRADDLE,76833.0,653.55,CORRECT,Spot -23.35
2026-07-28T10:22:00+05:30,BSE:SENSEX-INDEX,MIXED_PREMIUM_REGIME,WAIT,WEAK_PUT_BIAS,25.0,15.0,25.0,PUT,DOWNWARD_ROTATION,TIME_PASS,DECAY_BREAKDOWN,SHORT_STRADDLE,76805.46,650.0,NEUTRAL,Spot nearly flat +16.45
2026-07-28T10:23:00+05:30,BSE:SENSEX-INDEX,MIXED_PREMIUM_REGIME,WAIT,WEAK_PUT_BIAS,25.0,15.0,25.0,CALL,DOWNWARD_ROTATION,TIME_PASS,DECAY_BREAKDOWN,SHORT_STRADDLE,76799.77,647.9,NEUTRAL,Spot nearly flat +34.02
2026-07-28T10:24:00+05:30,BSE:SENSEX-INDEX,MIXED_PREMIUM_REGIME,WAIT,WEAK_PUT_BIAS,25.0,15.0,25.0,PUT,DOWNWARD_ROTATION,TIME_PASS,DECAY_BREAKDOWN_UNCONFIRMED,SHORT_STRADDLE,76801.68,651.95,WRONG,Spot +61.18
2026-07-28T10:25:00+05:30,BSE:SENSEX-INDEX,MIXED_PREMIUM_REGIME,WAIT,WEAK_PUT_BIAS,25.0,15.0,25.0,CALL,DOWNWARD_ROTATION,TIME_PASS,DECAY_BREAKDOWN,SHORT_STRADDLE,76819.95,651.35,NEUTRAL,Spot nearly flat +25.75
2026-07-28T10:26:00+05:30,BSE:SENSEX-INDEX,MIXED_PREMIUM_REGIME,WAIT,WEAK_PUT_BIAS,25.0,15.0,25.0,CALL,DOWNWARD_ROTATION,TIME_PASS,DECAY_BREAKDOWN_UNCONFIRMED,SHORT_STRADDLE,76834.84,653.6,NEUTRAL,Spot nearly flat +12.68
2026-07-28T10:27:00+05:30,BSE:SENSEX-INDEX,MIXED_PREMIUM_REGIME,WAIT,WEAK_PUT_BIAS,25.0,15.0,25.0,PUT,DOWNWARD_ROTATION,TIME_PASS,DECAY_BREAKDOWN_UNCONFIRMED,SHORT_STRADDLE,76828.83,653.8,NEUTRAL,Spot nearly flat +28.69
2026-07-28T10:28:00+05:30,BSE:SENSEX-INDEX,MIXED_PREMIUM_REGIME,WAIT,WEAK_PUT_BIAS,25.0,15.0,25.0,PUT,DOWNWARD_ROTATION,TIME_PASS,DECAY_BREAKDOWN,SHORT_STRADDLE,76823.89,652.3,WRONG,Spot +48.73
2026-07-28T10:29:00+05:30,BSE:SENSEX-INDEX,MIXED_PREMIUM_REGIME,WAIT,WEAK_PUT_BIAS,25.0,15.0,25.0,PUT,DOWNWARD_ROTATION,TIME_PASS,DECAY_BREAKDOWN,SHORT_STRADDLE,76810.0,652.2,WRONG,Spot +85.42
2026-07-28T10:30:00+05:30,BSE:SENSEX-INDEX,MIXED_PREMIUM_REGIME,WAIT,WEAK_PUT_BIAS,25.0,15.0,25.0,PUT,DOWNWARD_ROTATION,TIME_PASS,DECAY_BREAKDOWN,SHORT_STRADDLE,76782.45,649.45,WRONG,Spot +104.19
2026-07-28T10:31:00+05:30,BSE:SENSEX-INDEX,MIXED_PREMIUM_REGIME,WAIT,WEAK_PUT_BIAS,25.0,15.0,25.0,CALL,DOWNWARD_ROTATION,TIME_PASS,DECAY_BREAKDOWN_UNCONFIRMED,SHORT_STRADDLE,76806.9,651.5,WRONG,Spot +103.09
2026-07-28T10:32:00+05:30,BSE:SENSEX-INDEX,MIXED_PREMIUM_REGIME,WAIT,WEAK_PUT_BIAS,25.0,15.0,25.0,CALL,DOWNWARD_ROTATION,TIME_PASS,DECAY_BREAKDOWN_UNCONFIRMED,SHORT_STRADDLE,76832.72,651.6,WRONG,Spot +66.54
2026-07-28T10:33:00+05:30,BSE:SENSEX-INDEX,MIXED_PREMIUM_REGIME,WAIT,WEAK_PUT_BIAS,25.0,15.0,25.0,CALL,DOWNWARD_ROTATION,TIME_PASS,DECAY_BREAKDOWN,SHORT_STRADDLE,76826.78,650.95,WRONG,Spot +74.41
2026-07-28T10:34:00+05:30,BSE:SENSEX-INDEX,MIXED_PREMIUM_REGIME,WAIT,WEAK_PUT_BIAS,25.0,15.0,25.0,CALL,DOWNWARD_ROTATION,TIME_PASS,DECAY_BREAKDOWN_UNCONFIRMED,SHORT_STRADDLE,76834.67,652.45,WRONG,Spot +86.81
2026-07-28T10:35:00+05:30,BSE:SENSEX-INDEX,MIXED_PREMIUM_REGIME,WAIT,WEAK_PUT_BIAS,25.0,15.0,25.0,PUT,DOWNWARD_ROTATION,TIME_PASS,DECAY_BREAKDOWN,SHORT_STRADDLE,76822.75,651.4,WRONG,Spot +107.36
2026-07-28T10:36:00+05:30,BSE:SENSEX-INDEX,MIXED_PREMIUM_REGIME,WAIT,WEAK_PUT_BIAS,25.0,15.0,25.0,PUT,DOWNWARD_ROTATION,TIME_PASS,DECAY_BREAKDOWN,SHORT_STRADDLE,76809.65,650.75,WRONG,Spot +113.87
2026-07-28T10:37:00+05:30,BSE:SENSEX-INDEX,MIXED_PREMIUM_REGIME,WAIT,WEAK_PUT_BIAS,25.0,15.0,25.0,CALL,DOWNWARD_ROTATION,TIME_PASS,DECAY_BREAKDOWN_UNCONFIRMED,SHORT_STRADDLE,76821.91,651.4,WRONG,Spot +106.54
2026-07-28T10:38:00+05:30,BSE:SENSEX-INDEX,MIXED_PREMIUM_REGIME,WAIT,WEAK_PUT_BIAS,25.0,15.0,25.0,CALL,DOWNWARD_ROTATION,TIME_PASS,DECAY_BREAKDOWN,SHORT_STRADDLE,76833.79,649.9,WRONG,Spot +90.16
2026-07-28T10:39:00+05:30,BSE:SENSEX-INDEX,MIXED_PREMIUM_REGIME,WAIT,WEAK_CALL_BIAS,25.0,25.0,15.0,CALL,AGGRESSIVE_UPWARD_ROTATION,TIME_PASS,DECAY_BREAKDOWN,SHORT_STRADDLE,76862.86,642.45,CORRECT,Spot +61.10
2026-07-28T10:40:00+05:30,BSE:SENSEX-INDEX,MIXED_PREMIUM_REGIME,WAIT,WEAK_CALL_BIAS,25.0,25.0,15.0,PUT,DOWNWARD_ROTATION,TIME_PASS,DECAY_BREAKDOWN_UNCONFIRMED,SHORT_STRADDLE,76845.7,651.35,CORRECT,Spot +99.12
2026-07-28T10:41:00+05:30,BSE:SENSEX-INDEX,MIXED_PREMIUM_REGIME,WAIT,WEAK_CALL_BIAS,25.0,25.0,15.0,CALL,DOWNWARD_ROTATION,TIME_PASS,DECAY_BREAKDOWN_UNCONFIRMED,SHORT_STRADDLE,76847.52,652.65,CORRECT,Spot +108.30
2026-07-28T10:42:00+05:30,BSE:SENSEX-INDEX,MIXED_PREMIUM_REGIME,WAIT,WEAK_CALL_BIAS,25.0,25.0,15.0,CALL,AGGRESSIVE_UPWARD_ROTATION,TIME_PASS,DECAY_BREAKDOWN_UNCONFIRMED,SHORT_STRADDLE,76857.52,647.6,CORRECT,Spot +84.09
2026-07-28T10:43:00+05:30,BSE:SENSEX-INDEX,MIXED_PREMIUM_REGIME,WAIT,WEAK_CALL_BIAS,40.0,40.0,0.0,CALL,AGGRESSIVE_UPWARD_ROTATION,TIME_PASS,DECAY_BREAKDOWN,SHORT_STRADDLE,76872.62,647.5,CORRECT,Spot +70.68
2026-07-28T10:44:00+05:30,BSE:SENSEX-INDEX,MIXED_PREMIUM_REGIME,WAIT,WEAK_CALL_BIAS,40.0,40.0,0.0,CALL,AGGRESSIVE_UPWARD_ROTATION,TIME_PASS,DECAY_BREAKDOWN,SHORT_STRADDLE,76895.42,646.2,CORRECT,Spot +65.94
2026-07-28T10:45:00+05:30,BSE:SENSEX-INDEX,MIXED_PREMIUM_REGIME,WAIT,WEAK_CALL_BIAS,40.0,40.0,0.0,PUT,AGGRESSIVE_UPWARD_ROTATION,TIME_PASS,DECAY_BREAKDOWN,SHORT_STRADDLE,76886.64,645.7,CORRECT,Spot +73.24
2026-07-28T10:46:00+05:30,BSE:SENSEX-INDEX,MIXED_PREMIUM_REGIME,WAIT,WEAK_CALL_BIAS,55.0,55.0,0.0,CALL,AGGRESSIVE_UPWARD_ROTATION,TIME_PASS,DECAY_BREAKDOWN_UNCONFIRMED,SHORT_STRADDLE,76909.99,646.55,CORRECT,Spot +24.55
2026-07-28T10:47:00+05:30,BSE:SENSEX-INDEX,MIXED_PREMIUM_REGIME,WAIT,WEAK_CALL_BIAS,40.0,40.0,0.0,PUT,AGGRESSIVE_UPWARD_ROTATION,TIME_PASS,DECAY_BREAKDOWN,SHORT_STRADDLE,76899.26,643.25,CORRECT,Spot +6.04
2026-07-28T10:48:00+05:30,BSE:SENSEX-INDEX,MIXED_PREMIUM_REGIME,WAIT,WEAK_CALL_BIAS,40.0,40.0,0.0,PUT,AGGRESSIVE_UPWARD_ROTATION,TIME_PASS,DECAY_BREAKDOWN,SHORT_STRADDLE,76901.19,642.2,CORRECT,Spot +8.73
2026-07-28T10:49:00+05:30,BSE:SENSEX-INDEX,MIXED_PREMIUM_REGIME,WAIT,WEAK_CALL_BIAS,55.0,55.0,0.0,CALL,AGGRESSIVE_UPWARD_ROTATION,TIME_PASS,DECAY_BREAKDOWN,SHORT_STRADDLE,76921.48,641.0,NEUTRAL,Spot nearly flat -14.27
2026-07-28T10:50:00+05:30,BSE:SENSEX-INDEX,MIXED_PREMIUM_REGIME,WAIT,WEAK_CALL_BIAS,55.0,55.0,0.0,CALL,AGGRESSIVE_UPWARD_ROTATION,TIME_PASS,DECAY_BREAKDOWN_UNCONFIRMED,SHORT_STRADDLE,76930.11,644.15,NEUTRAL,Spot nearly flat -17.54
2026-07-28T10:51:00+05:30,BSE:SENSEX-INDEX,MIXED_PREMIUM_REGIME,WAIT,WEAK_CALL_BIAS,55.0,55.0,0.0,CALL,AGGRESSIVE_UPWARD_ROTATION,TIME_PASS,DECAY_BREAKDOWN_UNCONFIRMED,SHORT_STRADDLE,76923.52,644.45,NEUTRAL,Spot nearly flat -3.30
2026-07-28T10:52:00+05:30,BSE:SENSEX-INDEX,MIXED_PREMIUM_REGIME,WAIT,WEAK_CALL_BIAS,55.0,55.0,0.0,PUT,AGGRESSIVE_UPWARD_ROTATION,TIME_PASS,DECAY_BREAKDOWN_UNCONFIRMED,SHORT_STRADDLE,76928.45,645.75,NEUTRAL,Spot nearly flat -32.08
2026-07-28T10:53:00+05:30,BSE:SENSEX-INDEX,MIXED_PREMIUM_REGIME,WAIT,WEAK_CALL_BIAS,55.0,55.0,0.0,PUT,AGGRESSIVE_UPWARD_ROTATION,TIME_PASS,DECAY_BREAKDOWN_UNCONFIRMED,SHORT_STRADDLE,76923.95,646.45,NEUTRAL,Spot nearly flat -19.68
2026-07-28T10:54:00+05:30,BSE:SENSEX-INDEX,MIXED_PREMIUM_REGIME,WAIT,WEAK_CALL_BIAS,55.0,55.0,0.0,CALL,AGGRESSIVE_UPWARD_ROTATION,TIME_PASS,DECAY_BREAKDOWN_UNCONFIRMED,SHORT_STRADDLE,76923.96,647.95,NEUTRAL,Spot nearly flat -19.96
2026-07-28T10:55:00+05:30,BSE:SENSEX-INDEX,MIXED_PREMIUM_REGIME,WAIT,WEAK_CALL_BIAS,55.0,55.0,0.0,PUT,AGGRESSIVE_UPWARD_ROTATION,TIME_PASS,DECAY_BREAKDOWN_UNCONFIRMED,SHORT_STRADDLE,76944.82,651.55,NEUTRAL,Spot nearly flat -32.28
2026-07-28T10:56:00+05:30,BSE:SENSEX-INDEX,MIXED_PREMIUM_REGIME,WAIT,WEAK_CALL_BIAS,55.0,55.0,0.0,CALL,AGGRESSIVE_UPWARD_ROTATION,BALANCED,DECAY_BREAKDOWN,SHORT_STRADDLE,76955.82,640.55,WRONG,Spot -55.39
2026-07-28T10:57:00+05:30,BSE:SENSEX-INDEX,MIXED_PREMIUM_REGIME,WAIT,WEAK_CALL_BIAS,55.0,55.0,0.0,PUT,AGGRESSIVE_UPWARD_ROTATION,TIME_PASS,DECAY_BREAKDOWN,SHORT_STRADDLE,76941.61,645.95,WRONG,Spot -51.27
2026-07-28T10:58:00+05:30,BSE:SENSEX-INDEX,MIXED_PREMIUM_REGIME,WAIT,WEAK_CALL_BIAS,55.0,55.0,0.0,PUT,AGGRESSIVE_UPWARD_ROTATION,TIME_PASS,DECAY_BREAKDOWN_UNCONFIRMED,SHORT_STRADDLE,76943.3,647.35,WRONG,Spot -70.66
2026-07-28T10:59:00+05:30,BSE:SENSEX-INDEX,MIXED_PREMIUM_REGIME,WAIT,WEAK_CALL_BIAS,55.0,55.0,0.0,CALL,AGGRESSIVE_UPWARD_ROTATION,BALANCED,DECAY_BREAKDOWN,SHORT_STRADDLE,76961.36,641.75,WRONG,Spot -87.78
2026-07-28T11:00:00+05:30,BSE:SENSEX-INDEX,MIXED_PREMIUM_REGIME,WAIT,WEAK_CALL_BIAS,55.0,55.0,0.0,PUT,AGGRESSIVE_UPWARD_ROTATION,BALANCED,DECAY_BREAKDOWN,SHORT_STRADDLE,76959.88,641.25,WRONG,Spot -76.22
2026-07-28T11:01:00+05:30,BSE:SENSEX-INDEX,MIXED_PREMIUM_REGIME,WAIT,WEAK_CALL_BIAS,55.0,55.0,0.0,PUT,AGGRESSIVE_UPWARD_ROTATION,TIME_PASS,DECAY_BREAKDOWN,SHORT_STRADDLE,76934.54,641.85,NEUTRAL,Spot nearly flat -28.27
2026-07-28T11:02:00+05:30,BSE:SENSEX-INDEX,MIXED_PREMIUM_REGIME,WAIT,WEAK_CALL_BIAS,55.0,55.0,0.0,PUT,AGGRESSIVE_UPWARD_ROTATION,SLOW_DECAY,DECAY_BREAKDOWN,SHORT_STRADDLE,76905.3,635.8,NEUTRAL,Spot nearly flat -3.54
2026-07-28T11:03:00+05:30,BSE:SENSEX-INDEX,MIXED_PREMIUM_REGIME,WAIT,WEAK_CALL_BIAS,55.0,55.0,0.0,CALL,AGGRESSIVE_UPWARD_ROTATION,TIME_PASS,DECAY_BREAKDOWN_UNCONFIRMED,SHORT_STRADDLE,76909.92,641.55,CORRECT,Spot +19.18
2026-07-28T11:04:00+05:30,BSE:SENSEX-INDEX,MIXED_PREMIUM_REGIME,WAIT,WEAK_CALL_BIAS,55.0,55.0,0.0,PUT,AGGRESSIVE_UPWARD_ROTATION,TIME_PASS,DECAY_BREAKDOWN,SHORT_STRADDLE,76907.21,639.3,CORRECT,Spot +23.99
2026-07-28T11:05:00+05:30,BSE:SENSEX-INDEX,MIXED_PREMIUM_REGIME,WAIT,WEAK_CALL_BIAS,55.0,55.0,0.0,CALL,AGGRESSIVE_UPWARD_ROTATION,TIME_PASS,DECAY_BREAKDOWN_UNCONFIRMED,SHORT_STRADDLE,76912.57,641.1,CORRECT,Spot +18.37
2026-07-28T11:06:00+05:30,BSE:SENSEX-INDEX,MIXED_PREMIUM_REGIME,WAIT,WEAK_CALL_BIAS,55.0,55.0,0.0,PUT,AGGRESSIVE_UPWARD_ROTATION,TIME_PASS,DECAY_BREAKDOWN,SHORT_STRADDLE,76920.22,640.45,NEUTRAL,Spot nearly flat -27.59
2026-07-28T11:07:00+05:30,BSE:SENSEX-INDEX,MIXED_PREMIUM_REGIME,WAIT,WEAK_CALL_BIAS,40.0,40.0,0.0,PUT,AGGRESSIVE_UPWARD_ROTATION,SLOW_DECAY,DECAY_BREAKDOWN,SHORT_STRADDLE,76896.37,635.6,CORRECT,Spot +14.28
2026-07-28T11:08:00+05:30,BSE:SENSEX-INDEX,MIXED_PREMIUM_REGIME,WAIT,WEAK_CALL_BIAS,55.0,55.0,0.0,CALL,AGGRESSIVE_UPWARD_ROTATION,TIME_PASS,DECAY_BREAKDOWN_UNCONFIRMED,SHORT_STRADDLE,76904.27,639.45,NEUTRAL,Spot nearly flat -2.86
2026-07-28T11:09:00+05:30,BSE:SENSEX-INDEX,MIXED_PREMIUM_REGIME,WAIT,WEAK_CALL_BIAS,55.0,55.0,0.0,PUT,AGGRESSIVE_UPWARD_ROTATION,TIME_PASS,DECAY_BREAKDOWN,SHORT_STRADDLE,76904.0,638.4,CORRECT,Spot +3.37
2026-07-28T11:10:00+05:30,BSE:SENSEX-INDEX,MIXED_PREMIUM_REGIME,WAIT,WEAK_CALL_BIAS,55.0,55.0,0.0,CALL,AGGRESSIVE_UPWARD_ROTATION,TIME_PASS,DECAY_BREAKDOWN_UNCONFIRMED,SHORT_STRADDLE,76912.54,638.8,NEUTRAL,Spot nearly flat -17.83
2026-07-28T11:11:00+05:30,BSE:SENSEX-INDEX,MIXED_PREMIUM_REGIME,WAIT,WEAK_CALL_BIAS,40.0,40.0,0.0,PUT,AGGRESSIVE_UPWARD_ROTATION,SLOW_DECAY,DECAY_BREAKDOWN,SHORT_STRADDLE,76900.43,635.25,NEUTRAL,Spot nearly flat -20.89
2026-07-28T11:12:00+05:30,BSE:SENSEX-INDEX,MIXED_PREMIUM_REGIME,WAIT,WEAK_CALL_BIAS,40.0,40.0,0.0,PUT,AGGRESSIVE_UPWARD_ROTATION,SLOW_DECAY,DECAY_BREAKDOWN,SHORT_STRADDLE,76890.34,631.3,NEUTRAL,Spot nearly flat -7.11
2026-07-28T11:13:00+05:30,BSE:SENSEX-INDEX,MIXED_PREMIUM_REGIME,WAIT,WEAK_CALL_BIAS,40.0,40.0,0.0,CALL,AGGRESSIVE_UPWARD_ROTATION,SLOW_DECAY,DECAY_BREAKDOWN_UNCONFIRMED,SHORT_STRADDLE,76872.64,633.45,CORRECT,Spot +29.90
2026-07-28T11:14:00+05:30,BSE:SENSEX-INDEX,MIXED_PREMIUM_REGIME,WAIT,WEAK_CALL_BIAS,40.0,40.0,0.0,PUT,AGGRESSIVE_UPWARD_ROTATION,SLOW_DECAY,DECAY_BREAKDOWN,SHORT_STRADDLE,76873.58,632.1,CORRECT,Spot +21.56
2026-07-28T11:15:00+05:30,BSE:SENSEX-INDEX,MIXED_PREMIUM_REGIME,WAIT,WEAK_CALL_BIAS,40.0,40.0,0.0,CALL,AGGRESSIVE_UPWARD_ROTATION,SLOW_DECAY,DECAY_BREAKDOWN,SHORT_STRADDLE,76883.66,631.95,CORRECT,Spot +8.15
2026-07-28T11:16:00+05:30,BSE:SENSEX-INDEX,MIXED_PREMIUM_REGIME,WAIT,WEAK_CALL_BIAS,55.0,55.0,0.0,CALL,AGGRESSIVE_UPWARD_ROTATION,SLOW_DECAY,DECAY_BREAKDOWN_UNCONFIRMED,SHORT_STRADDLE,76906.27,632.45,NEUTRAL,Spot nearly flat -25.15
2026-07-28T11:17:00+05:30,BSE:SENSEX-INDEX,MIXED_PREMIUM_REGIME,WAIT,WEAK_CALL_BIAS,55.0,55.0,0.0,PUT,AGGRESSIVE_UPWARD_ROTATION,SLOW_DECAY,DECAY_BREAKDOWN_UNCONFIRMED,SHORT_STRADDLE,76901.76,634.55,NEUTRAL,Spot nearly flat -19.96
2026-07-28T11:18:00+05:30,BSE:SENSEX-INDEX,MIXED_PREMIUM_REGIME,WAIT,WEAK_CALL_BIAS,55.0,55.0,0.0,CALL,AGGRESSIVE_UPWARD_ROTATION,SLOW_DECAY,DECAY_BREAKDOWN,SHORT_STRADDLE,76929.1,634.0,WRONG,Spot -53.91
2026-07-28T11:19:00+05:30,BSE:SENSEX-INDEX,MIXED_PREMIUM_REGIME,WAIT,WEAK_CALL_BIAS,55.0,55.0,0.0,PUT,AGGRESSIVE_UPWARD_ROTATION,SLOW_DECAY,DECAY_BREAKDOWN_UNCONFIRMED,SHORT_STRADDLE,76931.2,636.0,WRONG,Spot -76.73
2026-07-28T11:20:00+05:30,BSE:SENSEX-INDEX,MIXED_PREMIUM_REGIME,WAIT,WEAK_CALL_BIAS,55.0,55.0,0.0,PUT,AGGRESSIVE_UPWARD_ROTATION,SLOW_DECAY,DECAY_BREAKDOWN,SHORT_STRADDLE,76930.94,635.65,WRONG,Spot -88.54
2026-07-28T11:21:00+05:30,BSE:SENSEX-INDEX,MIXED_PREMIUM_REGIME,WAIT,WEAK_CALL_BIAS,40.0,40.0,0.0,PUT,AGGRESSIVE_UPWARD_ROTATION,SLOW_DECAY,DECAY_BREAKDOWN,SHORT_STRADDLE,76892.63,634.15,WRONG,Spot -46.96
2026-07-28T11:22:00+05:30,BSE:SENSEX-INDEX,MIXED_PREMIUM_REGIME,WAIT,WEAK_CALL_BIAS,55.0,55.0,0.0,CALL,AGGRESSIVE_UPWARD_ROTATION,TIME_PASS,DECAY_BREAKDOWN_UNCONFIRMED,SHORT_STRADDLE,76910.65,638.2,WRONG,Spot -73.67
2026-07-28T11:23:00+05:30,BSE:SENSEX-INDEX,MIXED_PREMIUM_REGIME,WAIT,WEAK_CALL_BIAS,40.0,40.0,0.0,BALANCED,AGGRESSIVE_UPWARD_ROTATION,SLOW_DECAY,DECAY_BREAKDOWN,SHORT_STRADDLE,76901.41,635.55,WRONG,Spot -58.97
2026-07-28T11:24:00+05:30,BSE:SENSEX-INDEX,MIXED_PREMIUM_REGIME,WAIT,WEAK_CALL_BIAS,55.0,55.0,0.0,PUT,AGGRESSIVE_UPWARD_ROTATION,SLOW_DECAY,DECAY_BREAKDOWN,SHORT_STRADDLE,76907.37,634.55,WRONG,Spot -51.52
2026-07-28T11:25:00+05:30,BSE:SENSEX-INDEX,MIXED_PREMIUM_REGIME,WAIT,WEAK_CALL_BIAS,40.0,40.0,0.0,PUT,AGGRESSIVE_UPWARD_ROTATION,SLOW_DECAY,DECAY_BREAKDOWN,SHORT_STRADDLE,76894.71,633.65,NEUTRAL,Spot nearly flat -18.19
2026-07-28T11:26:00+05:30,BSE:SENSEX-INDEX,MIXED_PREMIUM_REGIME,WAIT,WEAK_CALL_BIAS,40.0,40.0,0.0,PUT,AGGRESSIVE_UPWARD_ROTATION,SLOW_DECAY,DECAY_BREAKDOWN,SHORT_STRADDLE,76879.54,633.15,CORRECT,Spot +1.74
2026-07-28T11:27:00+05:30,BSE:SENSEX-INDEX,MIXED_PREMIUM_REGIME,WAIT,WEAK_CALL_BIAS,40.0,40.0,0.0,CALL,AGGRESSIVE_UPWARD_ROTATION,SLOW_DECAY,DECAY_BREAKDOWN_UNCONFIRMED,SHORT_STRADDLE,76883.23,634.2,CORRECT,Spot +2.50
2026-07-28T11:28:00+05:30,BSE:SENSEX-INDEX,MIXED_PREMIUM_REGIME,WAIT,WEAK_CALL_BIAS,55.0,55.0,0.0,CALL,AGGRESSIVE_UPWARD_ROTATION,BALANCED,DECAY_BREAKDOWN_UNCONFIRMED,SHORT_STRADDLE,76902.54,636.9,NEUTRAL,Spot nearly flat -9.18
2026-07-28T11:29:00+05:30,BSE:SENSEX-INDEX,MIXED_PREMIUM_REGIME,WAIT,WEAK_CALL_BIAS,40.0,40.0,0.0,PUT,AGGRESSIVE_UPWARD_ROTATION,BALANCED,DECAY_BREAKDOWN,SHORT_STRADDLE,76895.14,636.9,CORRECT,Spot +11.66
2026-07-28T11:30:00+05:30,BSE:SENSEX-INDEX,MIXED_PREMIUM_REGIME,WAIT,WEAK_CALL_BIAS,40.0,40.0,0.0,PUT,AGGRESSIVE_UPWARD_ROTATION,SLOW_DECAY,DECAY_BREAKDOWN,SHORT_STRADDLE,76891.81,634.35,CORRECT,Spot +17.49
2026-07-28T11:31:00+05:30,BSE:SENSEX-INDEX,MIXED_PREMIUM_REGIME,WAIT,WEAK_CALL_BIAS,40.0,40.0,0.0,BALANCED,AGGRESSIVE_UPWARD_ROTATION,SLOW_DECAY,DECAY_BREAKDOWN,SHORT_STRADDLE,76881.12,633.3,CORRECT,Spot +31.26
2026-07-28T11:32:00+05:30,BSE:SENSEX-INDEX,MIXED_PREMIUM_REGIME,WAIT,WEAK_CALL_BIAS,40.0,40.0,0.0,PUT,AGGRESSIVE_UPWARD_ROTATION,SLOW_DECAY,DECAY_BREAKDOWN,SHORT_STRADDLE,76881.8,630.5,CORRECT,Spot +33.99
2026-07-28T11:33:00+05:30,BSE:SENSEX-INDEX,MIXED_PREMIUM_REGIME,WAIT,WEAK_CALL_BIAS,25.0,25.0,15.0,PUT,AGGRESSIVE_UPWARD_ROTATION,SLOW_DECAY,DECAY_BREAKDOWN,SHORT_STRADDLE,76875.19,628.75,CORRECT,Spot +55.94
2026-07-28T11:34:00+05:30,BSE:SENSEX-INDEX,MIXED_PREMIUM_REGIME,WAIT,WEAK_CALL_BIAS,25.0,25.0,15.0,PUT,AGGRESSIVE_UPWARD_ROTATION,SLOW_DECAY,DECAY_BREAKDOWN,SHORT_STRADDLE,76854.47,625.7,CORRECT,Spot +95.96
2026-07-28T11:35:00+05:30,BSE:SENSEX-INDEX,MIXED_PREMIUM_REGIME,WAIT,WEAK_CALL_BIAS,25.0,25.0,15.0,PUT,DOWNWARD_ROTATION,BALANCED,DECAY_BREAKDOWN,SHORT_STRADDLE,76842.4,638.5,CORRECT,Spot +113.97
2026-07-28T11:36:00+05:30,BSE:SENSEX-INDEX,MIXED_PREMIUM_REGIME,WAIT,WEAK_CALL_BIAS,25.0,25.0,15.0,CALL,DOWNWARD_ROTATION,BALANCED,DECAY_BREAKDOWN_UNCONFIRMED,SHORT_STRADDLE,76845.67,642.85,CORRECT,Spot +82.66
2026-07-28T11:37:00+05:30,BSE:SENSEX-INDEX,MIXED_PREMIUM_REGIME,WAIT,WEAK_CALL_BIAS,25.0,25.0,15.0,PUT,DOWNWARD_ROTATION,BALANCED,DECAY_BREAKDOWN,SHORT_STRADDLE,76836.98,639.15,CORRECT,Spot +90.60
2026-07-28T11:38:00+05:30,BSE:SENSEX-INDEX,MIXED_PREMIUM_REGIME,WAIT,WEAK_CALL_BIAS,25.0,25.0,15.0,CALL,DOWNWARD_ROTATION,BALANCED,DECAY_BREAKDOWN_UNCONFIRMED,SHORT_STRADDLE,76842.44,639.75,CORRECT,Spot +68.91
2026-07-28T11:39:00+05:30,BSE:SENSEX-INDEX,MIXED_PREMIUM_REGIME,WAIT,WEAK_CALL_BIAS,25.0,25.0,15.0,CALL,AGGRESSIVE_UPWARD_ROTATION,SLOW_DECAY,DECAY_BREAKDOWN,SHORT_STRADDLE,76855.85,626.75,CORRECT,Spot +45.31
2026-07-28T11:40:00+05:30,BSE:SENSEX-INDEX,MIXED_PREMIUM_REGIME,WAIT,WEAK_CALL_BIAS,25.0,25.0,15.0,CALL,AGGRESSIVE_UPWARD_ROTATION,SLOW_DECAY,DECAY_BREAKDOWN_UNCONFIRMED,SHORT_STRADDLE,76876.52,629.1,CORRECT,Spot +25.33
2026-07-28T11:41:00+05:30,BSE:SENSEX-INDEX,MIXED_PREMIUM_REGIME,WAIT,WEAK_CALL_BIAS,40.0,40.0,0.0,CALL,AGGRESSIVE_UPWARD_ROTATION,SLOW_DECAY,DECAY_BREAKDOWN,SHORT_STRADDLE,76881.28,629.05,CORRECT,Spot +19.66
2026-07-28T11:42:00+05:30,BSE:SENSEX-INDEX,MIXED_PREMIUM_REGIME,WAIT,WEAK_CALL_BIAS,40.0,40.0,0.0,CALL,AGGRESSIVE_UPWARD_ROTATION,SLOW_DECAY,DECAY_BREAKDOWN,SHORT_STRADDLE,76885.73,627.95,CORRECT,Spot +1.26
2026-07-28T11:43:00+05:30,BSE:SENSEX-INDEX,MIXED_PREMIUM_REGIME,WAIT,WEAK_CALL_BIAS,40.0,40.0,0.0,CALL,AGGRESSIVE_UPWARD_ROTATION,SLOW_DECAY,DECAY_BREAKDOWN,SHORT_STRADDLE,76893.36,627.2,NEUTRAL,Spot nearly flat -11.88
2026-07-28T11:44:00+05:30,BSE:SENSEX-INDEX,MIXED_PREMIUM_REGIME,WAIT,WEAK_CALL_BIAS,55.0,55.0,0.0,CALL,AGGRESSIVE_UPWARD_ROTATION,SLOW_DECAY,DECAY_BREAKDOWN_UNCONFIRMED,SHORT_STRADDLE,76906.8,629.9,NEUTRAL,Spot nearly flat -2.71
2026-07-28T11:45:00+05:30,BSE:SENSEX-INDEX,MIXED_PREMIUM_REGIME,WAIT,WEAK_CALL_BIAS,55.0,55.0,0.0,PUT,AGGRESSIVE_UPWARD_ROTATION,SLOW_DECAY,DECAY_BREAKDOWN_UNCONFIRMED,SHORT_STRADDLE,76909.3,633.25,NEUTRAL,Spot nearly flat -1.98
2026-07-28T11:46:00+05:30,BSE:SENSEX-INDEX,MIXED_PREMIUM_REGIME,WAIT,WEAK_CALL_BIAS,55.0,55.0,0.0,CALL,AGGRESSIVE_UPWARD_ROTATION,SLOW_DECAY,DECAY_BREAKDOWN_UNCONFIRMED,SHORT_STRADDLE,76912.38,634.45,NEUTRAL,Spot nearly flat -11.39
2026-07-28T11:47:00+05:30,BSE:SENSEX-INDEX,MIXED_PREMIUM_REGIME,WAIT,WEAK_CALL_BIAS,55.0,55.0,0.0,CALL,AGGRESSIVE_UPWARD_ROTATION,SLOW_DECAY,DECAY_BREAKDOWN,SHORT_STRADDLE,76915.79,634.4,NEUTRAL,Spot nearly flat -31.10
2026-07-28T11:48:00+05:30,BSE:SENSEX-INDEX,MIXED_PREMIUM_REGIME,WAIT,WEAK_CALL_BIAS,55.0,55.0,0.0,CALL,AGGRESSIVE_UPWARD_ROTATION,BALANCED,DECAY_BREAKDOWN_UNCONFIRMED,SHORT_STRADDLE,76931.13,637.75,WRONG,Spot -47.61
2026-07-28T11:49:00+05:30,BSE:SENSEX-INDEX,MIXED_PREMIUM_REGIME,WAIT,WEAK_CALL_BIAS,55.0,55.0,0.0,CALL,AGGRESSIVE_UPWARD_ROTATION,SLOW_DECAY,DECAY_BREAKDOWN,SHORT_STRADDLE,76950.43,623.7,WRONG,Spot -60.68
2026-07-28T11:50:00+05:30,BSE:SENSEX-INDEX,MIXED_PREMIUM_REGIME,WAIT,WEAK_CALL_BIAS,55.0,55.0,0.0,PUT,AGGRESSIVE_UPWARD_ROTATION,SLOW_DECAY,DECAY_BREAKDOWN_UNCONFIRMED,SHORT_STRADDLE,76956.37,626.15,WRONG,Spot -64.82
2026-07-28T11:51:00+05:30,BSE:SENSEX-INDEX,MIXED_PREMIUM_REGIME,WAIT,WEAK_CALL_BIAS,55.0,55.0,0.0,PUT,AGGRESSIVE_UPWARD_ROTATION,SLOW_DECAY,DECAY_BREAKDOWN,SHORT_STRADDLE,76928.33,630.45,NEUTRAL,Spot nearly flat -19.73
2026-07-28T11:52:00+05:30,BSE:SENSEX-INDEX,MIXED_PREMIUM_REGIME,WAIT,WEAK_CALL_BIAS,55.0,55.0,0.0,PUT,AGGRESSIVE_UPWARD_ROTATION,SLOW_DECAY,DECAY_BREAKDOWN_UNCONFIRMED,SHORT_STRADDLE,76927.58,631.35,NEUTRAL,Spot nearly flat -4.37
2026-07-28T11:53:00+05:30,BSE:SENSEX-INDEX,MIXED_PREMIUM_REGIME,WAIT,WEAK_CALL_BIAS,55.0,55.0,0.0,PUT,AGGRESSIVE_UPWARD_ROTATION,SLOW_DECAY,DECAY_BREAKDOWN,SHORT_STRADDLE,76911.35,622.95,CORRECT,Spot +13.71
2026-07-28T11:54:00+05:30,BSE:SENSEX-INDEX,MIXED_PREMIUM_REGIME,WAIT,WEAK_CALL_BIAS,40.0,40.0,0.0,PUT,AGGRESSIVE_UPWARD_ROTATION,SLOW_DECAY,DECAY_BREAKDOWN_UNCONFIRMED,SHORT_STRADDLE,76901.16,624.5,CORRECT,Spot +35.20
2026-07-28T11:55:00+05:30,BSE:SENSEX-INDEX,MIXED_PREMIUM_REGIME,WAIT,WEAK_CALL_BIAS,55.0,55.0,0.0,CALL,AGGRESSIVE_UPWARD_ROTATION,SLOW_DECAY,DECAY_BREAKDOWN_UNCONFIRMED,SHORT_STRADDLE,76901.85,625.05,CORRECT,Spot +32.74
2026-07-28T11:56:00+05:30,BSE:SENSEX-INDEX,MIXED_PREMIUM_REGIME,WAIT,WEAK_CALL_BIAS,40.0,40.0,0.0,PUT,AGGRESSIVE_UPWARD_ROTATION,SLOW_DECAY,DECAY_BREAKDOWN,SHORT_STRADDLE,76900.94,624.65,CORRECT,Spot +35.89
2026-07-28T11:57:00+05:30,BSE:SENSEX-INDEX,MIXED_PREMIUM_REGIME,WAIT,WEAK_CALL_BIAS,40.0,40.0,0.0,CALL,AGGRESSIVE_UPWARD_ROTATION,SLOW_DECAY,DECAY_BREAKDOWN,SHORT_STRADDLE,76886.99,621.45,CORRECT,Spot +50.38
2026-07-28T11:58:00+05:30,BSE:SENSEX-INDEX,MIXED_PREMIUM_REGIME,WAIT,WEAK_CALL_BIAS,40.0,40.0,0.0,PUT,AGGRESSIVE_UPWARD_ROTATION,SLOW_DECAY,DECAY_BREAKDOWN_UNCONFIRMED,SHORT_STRADDLE,76881.48,621.6,CORRECT,Spot +65.43
2026-07-28T11:59:00+05:30,BSE:SENSEX-INDEX,MIXED_PREMIUM_REGIME,WAIT,WEAK_CALL_BIAS,55.0,55.0,0.0,CALL,AGGRESSIVE_UPWARD_ROTATION,SLOW_DECAY,DECAY_BREAKDOWN_UNCONFIRMED,SHORT_STRADDLE,76904.09,622.1,CORRECT,Spot +57.08
2026-07-28T12:00:00+05:30,BSE:SENSEX-INDEX,MIXED_PREMIUM_REGIME,WAIT,WEAK_CALL_BIAS,55.0,55.0,0.0,PUT,AGGRESSIVE_UPWARD_ROTATION,SLOW_DECAY,DECAY_BREAKDOWN,SHORT_STRADDLE,76907.32,620.3,CORRECT,Spot +59.41
2026-07-28T12:01:00+05:30,BSE:SENSEX-INDEX,MIXED_PREMIUM_REGIME,WAIT,WEAK_CALL_BIAS,40.0,40.0,0.0,PUT,AGGRESSIVE_UPWARD_ROTATION,SLOW_DECAY,DECAY_BREAKDOWN_UNCONFIRMED,SHORT_STRADDLE,76900.99,620.45,CORRECT,Spot +60.77
2026-07-28T12:02:00+05:30,BSE:SENSEX-INDEX,MIXED_PREMIUM_REGIME,WAIT,WEAK_CALL_BIAS,40.0,40.0,0.0,PUT,AGGRESSIVE_UPWARD_ROTATION,SLOW_DECAY,DECAY_BREAKDOWN,SHORT_STRADDLE,76884.69,618.95,CORRECT,Spot +68.15
2026-07-28T12:03:00+05:30,BSE:SENSEX-INDEX,MIXED_PREMIUM_REGIME,WAIT,WEAK_CALL_BIAS,40.0,40.0,0.0,PUT,AGGRESSIVE_UPWARD_ROTATION,SLOW_DECAY,DECAY_BREAKDOWN,SHORT_STRADDLE,76883.52,616.85,CORRECT,Spot +58.04
2026-07-28T12:04:00+05:30,BSE:SENSEX-INDEX,MIXED_PREMIUM_REGIME,WAIT,WEAK_CALL_BIAS,40.0,40.0,0.0,CALL,AGGRESSIVE_UPWARD_ROTATION,SLOW_DECAY,DECAY_BREAKDOWN_UNCONFIRMED,SHORT_STRADDLE,76889.75,618.25,CORRECT,Spot +43.51
2026-07-28T12:05:00+05:30,BSE:SENSEX-INDEX,MIXED_PREMIUM_REGIME,WAIT,WEAK_CALL_BIAS,40.0,40.0,0.0,CALL,AGGRESSIVE_UPWARD_ROTATION,SLOW_DECAY,DECAY_BREAKDOWN_UNCONFIRMED,SHORT_STRADDLE,76891.55,619.9,CORRECT,Spot +44.37
2026-07-28T12:06:00+05:30,BSE:SENSEX-INDEX,MIXED_PREMIUM_REGIME,WAIT,WEAK_CALL_BIAS,55.0,55.0,0.0,CALL,AGGRESSIVE_UPWARD_ROTATION,SLOW_DECAY,DECAY_BREAKDOWN_UNCONFIRMED,SHORT_STRADDLE,76908.6,621.25,CORRECT,Spot +8.30
2026-07-28T12:07:00+05:30,BSE:SENSEX-INDEX,MIXED_PREMIUM_REGIME,WAIT,WEAK_CALL_BIAS,55.0,55.0,0.0,CALL,AGGRESSIVE_UPWARD_ROTATION,SLOW_DECAY,DECAY_BREAKDOWN,SHORT_STRADDLE,76923.21,620.6,NEUTRAL,Spot nearly flat -11.55
2026-07-28T12:08:00+05:30,BSE:SENSEX-INDEX,MIXED_PREMIUM_REGIME,WAIT,WEAK_CALL_BIAS,55.0,55.0,0.0,CALL,AGGRESSIVE_UPWARD_ROTATION,SLOW_DECAY,DECAY_BREAKDOWN_UNCONFIRMED,SHORT_STRADDLE,76925.06,622.65,NEUTRAL,Spot nearly flat -4.98
2026-07-28T12:09:00+05:30,BSE:SENSEX-INDEX,MIXED_PREMIUM_REGIME,WAIT,WEAK_CALL_BIAS,55.0,55.0,0.0,CALL,AGGRESSIVE_UPWARD_ROTATION,SLOW_DECAY,DECAY_BREAKDOWN_UNCONFIRMED,SHORT_STRADDLE,76936.36,624.45,NEUTRAL,Spot nearly flat -19.71
2026-07-28T12:10:00+05:30,BSE:SENSEX-INDEX,MIXED_PREMIUM_REGIME,WAIT,WEAK_CALL_BIAS,55.0,55.0,0.0,PUT,AGGRESSIVE_UPWARD_ROTATION,SLOW_DECAY,DECAY_BREAKDOWN,SHORT_STRADDLE,76934.59,623.3,NEUTRAL,Spot nearly flat -5.73
2026-07-28T12:11:00+05:30,BSE:SENSEX-INDEX,MIXED_PREMIUM_REGIME,WAIT,WEAK_CALL_BIAS,55.0,55.0,0.0,CALL,AGGRESSIVE_UPWARD_ROTATION,SLOW_DECAY,DECAY_BREAKDOWN_UNCONFIRMED,SHORT_STRADDLE,76936.83,624.75,NEUTRAL,Spot nearly flat -9.23
2026-07-28T12:12:00+05:30,BSE:SENSEX-INDEX,MIXED_PREMIUM_REGIME,WAIT,WEAK_CALL_BIAS,55.0,55.0,0.0,PUT,AGGRESSIVE_UPWARD_ROTATION,SLOW_DECAY,DECAY_BREAKDOWN_UNCONFIRMED,SHORT_STRADDLE,76937.37,625.95,NEUTRAL,Spot nearly flat -11.11
2026-07-28T12:13:00+05:30,BSE:SENSEX-INDEX,MIXED_PREMIUM_REGIME,WAIT,WEAK_CALL_BIAS,55.0,55.0,0.0,CALL,AGGRESSIVE_UPWARD_ROTATION,SLOW_DECAY,DECAY_BREAKDOWN_UNCONFIRMED,SHORT_STRADDLE,76946.91,627.95,NEUTRAL,Spot nearly flat -16.95
2026-07-28T12:14:00+05:30,BSE:SENSEX-INDEX,MIXED_PREMIUM_REGIME,WAIT,WEAK_CALL_BIAS,55.0,55.0,0.0,PUT,AGGRESSIVE_UPWARD_ROTATION,SLOW_DECAY,DECAY_BREAKDOWN_UNCONFIRMED,SHORT_STRADDLE,76961.17,619.05,NEUTRAL,Spot nearly flat -2.87
2026-07-28T12:15:00+05:30,BSE:SENSEX-INDEX,MIXED_PREMIUM_REGIME,WAIT,WEAK_CALL_BIAS,55.0,55.0,0.0,CALL,AGGRESSIVE_UPWARD_ROTATION,SLOW_DECAY,DECAY_BREAKDOWN_UNCONFIRMED,SHORT_STRADDLE,76966.73,620.75,NEUTRAL,Spot nearly flat -12.39
2026-07-28T12:16:00+05:30,BSE:SENSEX-INDEX,MIXED_PREMIUM_REGIME,WAIT,WEAK_CALL_BIAS,55.0,55.0,0.0,PUT,AGGRESSIVE_UPWARD_ROTATION,SLOW_DECAY,DECAY_BREAKDOWN,SHORT_STRADDLE,76961.76,619.7,NEUTRAL,Spot nearly flat -6.05
2026-07-28T12:17:00+05:30,BSE:SENSEX-INDEX,MIXED_PREMIUM_REGIME,WAIT,WEAK_CALL_BIAS,55.0,55.0,0.0,PUT,AGGRESSIVE_UPWARD_ROTATION,SLOW_DECAY,DECAY_BREAKDOWN,SHORT_STRADDLE,76952.84,618.8,CORRECT,Spot +6.63
2026-07-28T12:18:00+05:30,BSE:SENSEX-INDEX,MIXED_PREMIUM_REGIME,WAIT,WEAK_CALL_BIAS,55.0,55.0,0.0,PUT,AGGRESSIVE_UPWARD_ROTATION,SLOW_DECAY,DECAY_BREAKDOWN,SHORT_STRADDLE,76941.56,623.35,CORRECT,Spot +11.41
2026-07-28T12:19:00+05:30,BSE:SENSEX-INDEX,MIXED_PREMIUM_REGIME,WAIT,WEAK_CALL_BIAS,55.0,55.0,0.0,PUT,AGGRESSIVE_UPWARD_ROTATION,SLOW_DECAY,DECAY_BREAKDOWN,SHORT_STRADDLE,76933.26,621.55,CORRECT,Spot +0.88
2026-07-28T12:20:00+05:30,BSE:SENSEX-INDEX,MIXED_PREMIUM_REGIME,WAIT,WEAK_CALL_BIAS,55.0,55.0,0.0,CALL,AGGRESSIVE_UPWARD_ROTATION,SLOW_DECAY,DECAY_BREAKDOWN_UNCONFIRMED,SHORT_STRADDLE,76935.92,623.75,NEUTRAL,Spot nearly flat -6.49
2026-07-28T12:21:00+05:30,BSE:SENSEX-INDEX,MIXED_PREMIUM_REGIME,WAIT,WEAK_CALL_BIAS,55.0,55.0,0.0,PUT,AGGRESSIVE_UPWARD_ROTATION,SLOW_DECAY,DECAY_BREAKDOWN,SHORT_STRADDLE,76916.9,619.65,NEUTRAL,Spot nearly flat -2.19
2026-07-28T12:22:00+05:30,BSE:SENSEX-INDEX,MIXED_PREMIUM_REGIME,WAIT,WEAK_CALL_BIAS,55.0,55.0,0.0,PUT,AGGRESSIVE_UPWARD_ROTATION,SLOW_DECAY,DECAY_BREAKDOWN_UNCONFIRMED,SHORT_STRADDLE,76911.66,621.25,NEUTRAL,Spot nearly flat -12.06
2026-07-28T12:23:00+05:30,BSE:SENSEX-INDEX,MIXED_PREMIUM_REGIME,WAIT,WEAK_CALL_BIAS,55.0,55.0,0.0,CALL,AGGRESSIVE_UPWARD_ROTATION,SLOW_DECAY,DECAY_BREAKDOWN_UNCONFIRMED,SHORT_STRADDLE,76920.08,624.35,NEUTRAL,Spot nearly flat -11.31
2026-07-28T12:24:00+05:30,BSE:SENSEX-INDEX,MIXED_PREMIUM_REGIME,WAIT,WEAK_CALL_BIAS,55.0,55.0,0.0,PUT,AGGRESSIVE_UPWARD_ROTATION,SLOW_DECAY,DECAY_BREAKDOWN,SHORT_STRADDLE,76916.65,624.0,CORRECT,Spot +11.24
2026-07-28T12:25:00+05:30,BSE:SENSEX-INDEX,MIXED_PREMIUM_REGIME,WAIT,WEAK_CALL_BIAS,55.0,55.0,0.0,CALL,AGGRESSIVE_UPWARD_ROTATION,SLOW_DECAY,DECAY_BREAKDOWN_UNCONFIRMED,SHORT_STRADDLE,76928.86,627.2,NEUTRAL,Spot nearly flat -5.65
2026-07-28T12:26:00+05:30,BSE:SENSEX-INDEX,MIXED_PREMIUM_REGIME,WAIT,WEAK_CALL_BIAS,55.0,55.0,0.0,PUT,AGGRESSIVE_UPWARD_ROTATION,SLOW_DECAY,DECAY_BREAKDOWN,SHORT_STRADDLE,76927.6,625.8,NEUTRAL,Spot nearly flat -5.69
2026-07-28T12:27:00+05:30,BSE:SENSEX-INDEX,MIXED_PREMIUM_REGIME,WAIT,WEAK_CALL_BIAS,55.0,55.0,0.0,CALL,AGGRESSIVE_UPWARD_ROTATION,SLOW_DECAY,DECAY_BREAKDOWN_UNCONFIRMED,SHORT_STRADDLE,76926.26,626.55,CORRECT,Spot +5.23
2026-07-28T12:28:00+05:30,BSE:SENSEX-INDEX,MIXED_PREMIUM_REGIME,WAIT,WEAK_CALL_BIAS,55.0,55.0,0.0,CALL,AGGRESSIVE_UPWARD_ROTATION,SLOW_DECAY,DECAY_BREAKDOWN,SHORT_STRADDLE,76929.96,625.8,NEUTRAL,Spot nearly flat -2.01
2026-07-28T12:29:00+05:30,BSE:SENSEX-INDEX,MIXED_PREMIUM_REGIME,WAIT,WEAK_CALL_BIAS,55.0,55.0,0.0,CALL,AGGRESSIVE_UPWARD_ROTATION,SLOW_DECAY,DECAY_BREAKDOWN,SHORT_STRADDLE,76958.3,618.45,WRONG,Spot -45.38
2026-07-28T12:30:00+05:30,BSE:SENSEX-INDEX,MIXED_PREMIUM_REGIME,WAIT,WEAK_CALL_BIAS,55.0,55.0,0.0,PUT,AGGRESSIVE_UPWARD_ROTATION,SLOW_DECAY,DECAY_BREAKDOWN_UNCONFIRMED,SHORT_STRADDLE,76954.34,621.1,WRONG,Spot -47.87
2026-07-28T12:31:00+05:30,BSE:SENSEX-INDEX,MIXED_PREMIUM_REGIME,WAIT,WEAK_CALL_BIAS,55.0,55.0,0.0,CALL,AGGRESSIVE_UPWARD_ROTATION,SLOW_DECAY,DECAY_BREAKDOWN_UNCONFIRMED,SHORT_STRADDLE,76955.71,621.25,WRONG,Spot -40.54
2026-07-28T12:32:00+05:30,BSE:SENSEX-INDEX,MIXED_PREMIUM_REGIME,WAIT,WEAK_CALL_BIAS,55.0,55.0,0.0,PUT,AGGRESSIVE_UPWARD_ROTATION,SLOW_DECAY,DECAY_BREAKDOWN,SHORT_STRADDLE,76959.47,619.95,WRONG,Spot -38.87
2026-07-28T12:33:00+05:30,BSE:SENSEX-INDEX,MIXED_PREMIUM_REGIME,WAIT,WEAK_CALL_BIAS,55.0,55.0,0.0,PUT,AGGRESSIVE_UPWARD_ROTATION,SLOW_DECAY,DECAY_BREAKDOWN_UNCONFIRMED,SHORT_STRADDLE,76952.97,620.3,NEUTRAL,Spot nearly flat -29.94
2026-07-28T12:34:00+05:30,BSE:SENSEX-INDEX,MIXED_PREMIUM_REGIME,WAIT,WEAK_CALL_BIAS,55.0,55.0,0.0,PUT,AGGRESSIVE_UPWARD_ROTATION,SLOW_DECAY,DECAY_BREAKDOWN,SHORT_STRADDLE,76934.14,624.9,NEUTRAL,Spot nearly flat -31.74
2026-07-28T12:35:00+05:30,BSE:SENSEX-INDEX,MIXED_PREMIUM_REGIME,WAIT,WEAK_CALL_BIAS,55.0,55.0,0.0,PUT,AGGRESSIVE_UPWARD_ROTATION,SLOW_DECAY,DECAY_BREAKDOWN,SHORT_STRADDLE,76929.43,622.55,NEUTRAL,Spot nearly flat -17.29
2026-07-28T12:36:00+05:30,BSE:SENSEX-INDEX,MIXED_PREMIUM_REGIME,WAIT,WEAK_CALL_BIAS,55.0,55.0,0.0,PUT,AGGRESSIVE_UPWARD_ROTATION,SLOW_DECAY,DECAY_BREAKDOWN,SHORT_STRADDLE,76914.71,620.55,NEUTRAL,Spot nearly flat -28.86
2026-07-28T12:37:00+05:30,BSE:SENSEX-INDEX,MIXED_PREMIUM_REGIME,WAIT,WEAK_CALL_BIAS,40.0,40.0,0.0,PUT,AGGRESSIVE_UPWARD_ROTATION,SLOW_DECAY,DECAY_BREAKDOWN_UNCONFIRMED,SHORT_STRADDLE,76899.6,623.65,CORRECT,Spot +10.76
2026-07-28T12:38:00+05:30,BSE:SENSEX-INDEX,MIXED_PREMIUM_REGIME,WAIT,WEAK_CALL_BIAS,55.0,55.0,0.0,CALL,AGGRESSIVE_UPWARD_ROTATION,SLOW_DECAY,DECAY_BREAKDOWN,SHORT_STRADDLE,76908.77,620.95,NEUTRAL,Spot nearly flat -8.03
2026-07-28T12:39:00+05:30,BSE:SENSEX-INDEX,MIXED_PREMIUM_REGIME,WAIT,WEAK_CALL_BIAS,55.0,55.0,0.0,CALL,AGGRESSIVE_UPWARD_ROTATION,SLOW_DECAY,DECAY_BREAKDOWN_UNCONFIRMED,SHORT_STRADDLE,76927.89,622.6,NEUTRAL,Spot nearly flat -27.76
2026-07-28T12:40:00+05:30,BSE:SENSEX-INDEX,MIXED_PREMIUM_REGIME,WAIT,WEAK_CALL_BIAS,55.0,55.0,0.0,PUT,AGGRESSIVE_UPWARD_ROTATION,SLOW_DECAY,DECAY_BREAKDOWN,SHORT_STRADDLE,76923.21,621.25,NEUTRAL,Spot nearly flat -21.26
2026-07-28T12:41:00+05:30,BSE:SENSEX-INDEX,MIXED_PREMIUM_REGIME,WAIT,WEAK_CALL_BIAS,55.0,55.0,0.0,PUT,AGGRESSIVE_UPWARD_ROTATION,SLOW_DECAY,DECAY_BREAKDOWN,SHORT_STRADDLE,76921.91,620.5,NEUTRAL,Spot nearly flat -23.30
2026-07-28T12:42:00+05:30,BSE:SENSEX-INDEX,MIXED_PREMIUM_REGIME,WAIT,WEAK_CALL_BIAS,55.0,55.0,0.0,CALL,AGGRESSIVE_UPWARD_ROTATION,SLOW_DECAY,DECAY_BREAKDOWN_UNCONFIRMED,SHORT_STRADDLE,76931.49,622.05,NEUTRAL,Spot nearly flat -24.03
2026-07-28T12:43:00+05:30,BSE:SENSEX-INDEX,MIXED_PREMIUM_REGIME,WAIT,WEAK_CALL_BIAS,55.0,55.0,0.0,PUT,AGGRESSIVE_UPWARD_ROTATION,SLOW_DECAY,DECAY_BREAKDOWN_UNCONFIRMED,SHORT_STRADDLE,76927.95,622.15,NEUTRAL,Spot nearly flat -24.33
2026-07-28T12:44:00+05:30,BSE:SENSEX-INDEX,MIXED_PREMIUM_REGIME,WAIT,WEAK_CALL_BIAS,55.0,55.0,0.0,PUT,AGGRESSIVE_UPWARD_ROTATION,SLOW_DECAY,DECAY_BREAKDOWN,SHORT_STRADDLE,76912.92,620.85,NEUTRAL,Spot nearly flat -36.98
2026-07-28T12:45:00+05:30,BSE:SENSEX-INDEX,MIXED_PREMIUM_REGIME,WAIT,WEAK_CALL_BIAS,55.0,55.0,0.0,PUT,AGGRESSIVE_UPWARD_ROTATION,SLOW_DECAY,DECAY_BREAKDOWN,SHORT_STRADDLE,76906.47,619.45,NEUTRAL,Spot nearly flat -33.43
2026-07-28T12:46:00+05:30,BSE:SENSEX-INDEX,MIXED_PREMIUM_REGIME,WAIT,WEAK_CALL_BIAS,55.0,55.0,0.0,CALL,AGGRESSIVE_UPWARD_ROTATION,SLOW_DECAY,DECAY_BREAKDOWN_UNCONFIRMED,SHORT_STRADDLE,76915.17,619.65,WRONG,Spot -46.57
2026-07-28T12:47:00+05:30,BSE:SENSEX-INDEX,MIXED_PREMIUM_REGIME,WAIT,WEAK_CALL_BIAS,55.0,55.0,0.0,CALL,AGGRESSIVE_UPWARD_ROTATION,SLOW_DECAY,DECAY_BREAKDOWN_UNCONFIRMED,SHORT_STRADDLE,76920.6,619.7,WRONG,Spot -53.73
2026-07-28T12:48:00+05:30,BSE:SENSEX-INDEX,MIXED_PREMIUM_REGIME,WAIT,WEAK_CALL_BIAS,55.0,55.0,0.0,BALANCED,AGGRESSIVE_UPWARD_ROTATION,SLOW_DECAY,DECAY_BREAKDOWN_UNCONFIRMED,SHORT_STRADDLE,76923.03,619.75,WRONG,Spot -49.62
2026-07-28T12:49:00+05:30,BSE:SENSEX-INDEX,MIXED_PREMIUM_REGIME,WAIT,WEAK_CALL_BIAS,55.0,55.0,0.0,PUT,AGGRESSIVE_UPWARD_ROTATION,SLOW_DECAY,DECAY_BREAKDOWN_UNCONFIRMED,SHORT_STRADDLE,76902.4,620.75,NEUTRAL,Spot nearly flat -34.88
2026-07-28T12:50:00+05:30,BSE:SENSEX-INDEX,MIXED_PREMIUM_REGIME,WAIT,WEAK_CALL_BIAS,55.0,55.0,0.0,PUT,AGGRESSIVE_UPWARD_ROTATION,SLOW_DECAY,DECAY_BREAKDOWN,SHORT_STRADDLE,76912.14,620.55,WRONG,Spot -50.93
2026-07-28T12:51:00+05:30,BSE:SENSEX-INDEX,MIXED_PREMIUM_REGIME,WAIT,WEAK_CALL_BIAS,40.0,40.0,0.0,PUT,AGGRESSIVE_UPWARD_ROTATION,SLOW_DECAY,DECAY_BREAKDOWN,SHORT_STRADDLE,76885.85,618.15,NEUTRAL,Spot nearly flat -15.79
2026-07-28T12:52:00+05:30,BSE:SENSEX-INDEX,MIXED_PREMIUM_REGIME,WAIT,WEAK_CALL_BIAS,55.0,55.0,0.0,CALL,AGGRESSIVE_UPWARD_ROTATION,SLOW_DECAY,DECAY_BREAKDOWN_UNCONFIRMED,SHORT_STRADDLE,76910.36,619.8,WRONG,Spot -48.76
2026-07-28T12:53:00+05:30,BSE:SENSEX-INDEX,MIXED_PREMIUM_REGIME,WAIT,WEAK_CALL_BIAS,55.0,55.0,0.0,CALL,AGGRESSIVE_UPWARD_ROTATION,SLOW_DECAY,DECAY_BREAKDOWN_UNCONFIRMED,SHORT_STRADDLE,76900.74,620.45,NEUTRAL,Spot nearly flat -32.83
2026-07-28T12:54:00+05:30,BSE:SENSEX-INDEX,MIXED_PREMIUM_REGIME,WAIT,WEAK_CALL_BIAS,40.0,40.0,0.0,PUT,AGGRESSIVE_UPWARD_ROTATION,SLOW_DECAY,DECAY_BREAKDOWN,SHORT_STRADDLE,76900.13,620.05,NEUTRAL,Spot nearly flat -30.24
2026-07-28T12:55:00+05:30,BSE:SENSEX-INDEX,MIXED_PREMIUM_REGIME,WAIT,WEAK_CALL_BIAS,55.0,55.0,0.0,PUT,AGGRESSIVE_UPWARD_ROTATION,SLOW_DECAY,DECAY_BREAKDOWN,SHORT_STRADDLE,76901.95,619.5,NEUTRAL,Spot nearly flat -35.01
2026-07-28T12:56:00+05:30,BSE:SENSEX-INDEX,MIXED_PREMIUM_REGIME,WAIT,WEAK_CALL_BIAS,40.0,40.0,0.0,CALL,AGGRESSIVE_UPWARD_ROTATION,SLOW_DECAY,DECAY_BREAKDOWN_UNCONFIRMED,SHORT_STRADDLE,76898.61,619.85,WRONG,Spot -60.00
2026-07-28T12:57:00+05:30,BSE:SENSEX-INDEX,MIXED_PREMIUM_REGIME,WAIT,WEAK_CALL_BIAS,55.0,55.0,0.0,CALL,AGGRESSIVE_UPWARD_ROTATION,SLOW_DECAY,DECAY_BREAKDOWN,SHORT_STRADDLE,76907.46,619.55,WRONG,Spot -78.96
2026-07-28T12:58:00+05:30,BSE:SENSEX-INDEX,MIXED_PREMIUM_REGIME,WAIT,WEAK_CALL_BIAS,55.0,55.0,0.0,PUT,AGGRESSIVE_UPWARD_ROTATION,SLOW_DECAY,DECAY_BREAKDOWN,SHORT_STRADDLE,76903.62,617.15,WRONG,Spot -71.70
2026-07-28T12:59:00+05:30,BSE:SENSEX-INDEX,MIXED_PREMIUM_REGIME,WAIT,WEAK_CALL_BIAS,25.0,25.0,15.0,PUT,AGGRESSIVE_UPWARD_ROTATION,SLOW_DECAY,DECAY_BREAKDOWN,SHORT_STRADDLE,76875.94,613.45,WRONG,Spot -57.27
2026-07-28T13:00:00+05:30,BSE:SENSEX-INDEX,MIXED_PREMIUM_REGIME,WAIT,WEAK_CALL_BIAS,25.0,25.0,15.0,PUT,AGGRESSIVE_UPWARD_ROTATION,SLOW_DECAY,DECAY_BREAKDOWN_UNCONFIRMED,SHORT_STRADDLE,76873.04,614.8,WRONG,Spot -71.53
2026-07-28T13:01:00+05:30,BSE:SENSEX-INDEX,MIXED_PREMIUM_REGIME,WAIT,WEAK_CALL_BIAS,25.0,25.0,15.0,CALL,AGGRESSIVE_UPWARD_ROTATION,SLOW_DECAY,DECAY_BREAKDOWN,SHORT_STRADDLE,76868.6,614.1,WRONG,Spot -102.80
2026-07-28T13:02:00+05:30,BSE:SENSEX-INDEX,MIXED_PREMIUM_REGIME,WAIT,WEAK_CALL_BIAS,25.0,25.0,15.0,PUT,AGGRESSIVE_UPWARD_ROTATION,SLOW_DECAY,DECAY_BREAKDOWN,SHORT_STRADDLE,76866.87,613.0,WRONG,Spot -101.96
2026-07-28T13:03:00+05:30,BSE:SENSEX-INDEX,MIXED_PREMIUM_REGIME,WAIT,WEAK_CALL_BIAS,25.0,25.0,15.0,CALL,AGGRESSIVE_UPWARD_ROTATION,SLOW_DECAY,DECAY_BREAKDOWN_UNCONFIRMED,SHORT_STRADDLE,76873.41,615.45,WRONG,Spot -93.75
2026-07-28T13:04:00+05:30,BSE:SENSEX-INDEX,MIXED_PREMIUM_REGIME,WAIT,WEAK_CALL_BIAS,25.0,25.0,15.0,PUT,AGGRESSIVE_UPWARD_ROTATION,SLOW_DECAY,DECAY_BREAKDOWN_UNCONFIRMED,SHORT_STRADDLE,76867.52,617.5,WRONG,Spot -81.63
2026-07-28T13:05:00+05:30,BSE:SENSEX-INDEX,MIXED_PREMIUM_REGIME,WAIT,WEAK_CALL_BIAS,25.0,25.0,15.0,PUT,AGGRESSIVE_UPWARD_ROTATION,SLOW_DECAY,DECAY_BREAKDOWN,SHORT_STRADDLE,76861.21,615.8,WRONG,Spot -93.59
2026-07-28T13:06:00+05:30,BSE:SENSEX-INDEX,MIXED_PREMIUM_REGIME,WAIT,WEAK_CALL_BIAS,25.0,25.0,15.0,CALL,AGGRESSIVE_UPWARD_ROTATION,SLOW_DECAY,DECAY_BREAKDOWN,SHORT_STRADDLE,76870.06,615.3,WRONG,Spot -96.25
2026-07-28T13:07:00+05:30,BSE:SENSEX-INDEX,MIXED_PREMIUM_REGIME,WAIT,WEAK_CALL_BIAS,25.0,25.0,15.0,PUT,AGGRESSIVE_UPWARD_ROTATION,SLOW_DECAY,DECAY_BREAKDOWN_UNCONFIRMED,SHORT_STRADDLE,76861.6,615.8,WRONG,Spot -76.07
2026-07-28T13:08:00+05:30,BSE:SENSEX-INDEX,MIXED_PREMIUM_REGIME,WAIT,WEAK_CALL_BIAS,25.0,25.0,15.0,CALL,AGGRESSIVE_UPWARD_ROTATION,SLOW_DECAY,DECAY_BREAKDOWN,SHORT_STRADDLE,76867.91,615.6,WRONG,Spot -68.72
2026-07-28T13:09:00+05:30,BSE:SENSEX-INDEX,MIXED_PREMIUM_REGIME,WAIT,WEAK_CALL_BIAS,25.0,25.0,15.0,CALL,AGGRESSIVE_UPWARD_ROTATION,SLOW_DECAY,DECAY_BREAKDOWN,SHORT_STRADDLE,76869.89,614.3,WRONG,Spot -58.50
2026-07-28T13:10:00+05:30,BSE:SENSEX-INDEX,MIXED_PREMIUM_REGIME,HOLD_FIRE,WEAK_CALL_BIAS,25.0,25.0,15.0,BALANCED,AGGRESSIVE_UPWARD_ROTATION,SLOW_DECAY,DECAY_BREAKDOWN,SHORT_STRADDLE,76866.94,613.3,WRONG,Spot -62.41
2026-07-28T13:11:00+05:30,BSE:SENSEX-INDEX,MIXED_PREMIUM_REGIME,WAIT,WEAK_CALL_BIAS,25.0,25.0,15.0,PUT,DOWNWARD_ROTATION,SLOW_DECAY,DECAY_BREAKDOWN,SHORT_STRADDLE,76838.61,622.5,NEUTRAL,Spot nearly flat -33.90
2026-07-28T13:12:00+05:30,BSE:SENSEX-INDEX,MIXED_PREMIUM_REGIME,HOLD_FIRE,WEAK_PUT_BIAS,25.0,0.0,25.0,PUT,DOWNWARD_ROTATION,SLOW_DECAY,DECAY_BREAKDOWN,SHORT_STRADDLE,76828.5,620.55,CORRECT,Spot -38.29
2026-07-28T13:13:00+05:30,BSE:SENSEX-INDEX,MIXED_PREMIUM_REGIME,HOLD_FIRE,WEAK_PUT_BIAS,25.0,0.0,25.0,CALL,DOWNWARD_ROTATION,SLOW_DECAY,DECAY_BREAKDOWN_UNCONFIRMED,SHORT_STRADDLE,76831.92,622.0,CORRECT,Spot -45.83
2026-07-28T13:14:00+05:30,BSE:SENSEX-INDEX,MIXED_PREMIUM_REGIME,HOLD_FIRE,WEAK_PUT_BIAS,25.0,0.0,25.0,PUT,DOWNWARD_ROTATION,SLOW_DECAY,DECAY_BREAKDOWN,SHORT_STRADDLE,76818.67,619.8,CORRECT,Spot -19.43
2026-07-28T13:15:00+05:30,BSE:SENSEX-INDEX,MIXED_PREMIUM_REGIME,HOLD_FIRE,WEAK_PUT_BIAS,25.0,0.0,25.0,PUT,DOWNWARD_ROTATION,SLOW_DECAY,DECAY_BREAKDOWN,SHORT_STRADDLE,76801.51,613.9,NEUTRAL,Spot nearly flat +1.29
2026-07-28T13:16:00+05:30,BSE:SENSEX-INDEX,MIXED_PREMIUM_REGIME,HOLD_FIRE,WEAK_PUT_BIAS,25.0,0.0,25.0,PUT,DOWNWARD_ROTATION,SLOW_DECAY,DECAY_BREAKDOWN_UNCONFIRMED,SHORT_STRADDLE,76765.8,630.8,NEUTRAL,Spot nearly flat +16.28
2026-07-28T13:17:00+05:30,BSE:SENSEX-INDEX,MIXED_PREMIUM_REGIME,HOLD_FIRE,WEAK_PUT_BIAS,40.0,0.0,40.0,CALL,DOWNWARD_ROTATION,SLOW_DECAY,DECAY_BREAKDOWN,SHORT_STRADDLE,76764.91,626.1,NEUTRAL,Spot nearly flat +27.05
2026-07-28T13:18:00+05:30,BSE:SENSEX-INDEX,MIXED_PREMIUM_REGIME,HOLD_FIRE,WEAK_PUT_BIAS,40.0,0.0,40.0,CALL,DOWNWARD_ROTATION,SLOW_DECAY,DECAY_BREAKDOWN,SHORT_STRADDLE,76779.66,622.75,NEUTRAL,Spot nearly flat +12.26
2026-07-28T13:19:00+05:30,BSE:SENSEX-INDEX,MIXED_PREMIUM_REGIME,HOLD_FIRE,WEAK_PUT_BIAS,40.0,0.0,40.0,PUT,DOWNWARD_ROTATION,SLOW_DECAY,DECAY_BREAKDOWN_UNCONFIRMED,SHORT_STRADDLE,76785.89,624.1,NEUTRAL,Spot nearly flat +13.71
2026-07-28T13:20:00+05:30,BSE:SENSEX-INDEX,MIXED_PREMIUM_REGIME,HOLD_FIRE,WEAK_PUT_BIAS,40.0,0.0,40.0,CALL,DOWNWARD_ROTATION,SLOW_DECAY,DECAY_BREAKDOWN,SHORT_STRADDLE,76767.62,622.2,NEUTRAL,Spot nearly flat +34.29
2026-07-28T13:21:00+05:30,BSE:SENSEX-INDEX,MIXED_PREMIUM_REGIME,HOLD_FIRE,WEAK_PUT_BIAS,40.0,0.0,40.0,PUT,DOWNWARD_ROTATION,SLOW_DECAY,DECAY_BREAKDOWN_UNCONFIRMED,SHORT_STRADDLE,76773.81,624.85,NEUTRAL,Spot nearly flat +29.43
2026-07-28T13:22:00+05:30,BSE:SENSEX-INDEX,MIXED_PREMIUM_REGIME,HOLD_FIRE,WEAK_PUT_BIAS,40.0,0.0,40.0,CALL,DOWNWARD_ROTATION,SLOW_DECAY,DECAY_BREAKDOWN,SHORT_STRADDLE,76785.53,619.55,NEUTRAL,Spot nearly flat +11.97
2026-07-28T13:23:00+05:30,BSE:SENSEX-INDEX,MIXED_PREMIUM_REGIME,HOLD_FIRE,WEAK_PUT_BIAS,40.0,0.0,40.0,CALL,DOWNWARD_ROTATION,SLOW_DECAY,DECAY_BREAKDOWN,SHORT_STRADDLE,76799.19,617.1,CORRECT,Spot -4.76
2026-07-28T13:24:00+05:30,BSE:SENSEX-INDEX,MIXED_PREMIUM_REGIME,HOLD_FIRE,WEAK_PUT_BIAS,25.0,0.0,25.0,PUT,DOWNWARD_ROTATION,SLOW_DECAY,DECAY_BREAKDOWN_UNCONFIRMED,SHORT_STRADDLE,76811.39,619.9,CORRECT,Spot -15.88
2026-07-28T13:25:00+05:30,BSE:SENSEX-INDEX,MIXED_PREMIUM_REGIME,HOLD_FIRE,WEAK_PUT_BIAS,25.0,0.0,25.0,PUT,DOWNWARD_ROTATION,SLOW_DECAY,DECAY_BREAKDOWN_UNCONFIRMED,SHORT_STRADDLE,76804.53,621.1,CORRECT,Spot -13.35
2026-07-28T13:26:00+05:30,BSE:SENSEX-INDEX,MIXED_PREMIUM_REGIME,HOLD_FIRE,WEAK_PUT_BIAS,40.0,0.0,40.0,PUT,DOWNWARD_ROTATION,SLOW_DECAY,DECAY_BREAKDOWN_UNCONFIRMED,SHORT_STRADDLE,76804.71,625.1,CORRECT,Spot -18.08
2026-07-28T13:27:00+05:30,BSE:SENSEX-INDEX,MIXED_PREMIUM_REGIME,HOLD_FIRE,WEAK_PUT_BIAS,40.0,0.0,40.0,PUT,DOWNWARD_ROTATION,SLOW_DECAY,DECAY_BREAKDOWN_UNCONFIRMED,SHORT_STRADDLE,76790.21,625.35,CORRECT,Spot -14.69
2026-07-28T13:28:00+05:30,BSE:SENSEX-INDEX,MIXED_PREMIUM_REGIME,HOLD_FIRE,WEAK_PUT_BIAS,40.0,0.0,40.0,CALL,DOWNWARD_ROTATION,SLOW_DECAY,DECAY_BREAKDOWN_UNCONFIRMED,SHORT_STRADDLE,76786.09,626.85,CORRECT,Spot -14.91
2026-07-28T13:29:00+05:30,BSE:SENSEX-INDEX,MIXED_PREMIUM_REGIME,HOLD_FIRE,WEAK_PUT_BIAS,40.0,0.0,40.0,CALL,DOWNWARD_ROTATION,SLOW_DECAY,DECAY_BREAKDOWN,SHORT_STRADDLE,76799.24,623.85,CORRECT,Spot -15.12
2026-07-28T13:30:00+05:30,BSE:SENSEX-INDEX,MIXED_PREMIUM_REGIME,HOLD_FIRE,WEAK_PUT_BIAS,40.0,0.0,40.0,PUT,DOWNWARD_ROTATION,SLOW_DECAY,DECAY_BREAKDOWN_UNCONFIRMED,SHORT_STRADDLE,76802.8,625.55,CORRECT,Spot -23.25
2026-07-28T13:31:00+05:30,BSE:SENSEX-INDEX,MIXED_PREMIUM_REGIME,HOLD_FIRE,WEAK_PUT_BIAS,40.0,0.0,40.0,PUT,DOWNWARD_ROTATION,SLOW_DECAY,DECAY_BREAKDOWN,SHORT_STRADDLE,76782.08,622.95,CORRECT,Spot -5.84
2026-07-28T13:32:00+05:30,BSE:SENSEX-INDEX,MIXED_PREMIUM_REGIME,HOLD_FIRE,WEAK_PUT_BIAS,40.0,0.0,40.0,CALL,DOWNWARD_ROTATION,SLOW_DECAY,DECAY_BREAKDOWN_UNCONFIRMED,SHORT_STRADDLE,76791.96,624.2,CORRECT,Spot -4.42
2026-07-28T13:33:00+05:30,BSE:SENSEX-INDEX,MIXED_PREMIUM_REGIME,HOLD_FIRE,WEAK_PUT_BIAS,40.0,0.0,40.0,CALL,DOWNWARD_ROTATION,SLOW_DECAY,DECAY_BREAKDOWN,SHORT_STRADDLE,76791.92,622.9,CORRECT,Spot -8.25
2026-07-28T13:34:00+05:30,BSE:SENSEX-INDEX,MIXED_PREMIUM_REGIME,HOLD_FIRE,WEAK_PUT_BIAS,25.0,0.0,25.0,CALL,DOWNWARD_ROTATION,SLOW_DECAY,DECAY_BREAKDOWN,SHORT_STRADDLE,76799.6,622.05,CORRECT,Spot -48.07
2026-07-28T13:35:00+05:30,BSE:SENSEX-INDEX,MIXED_PREMIUM_REGIME,HOLD_FIRE,WEAK_PUT_BIAS,25.0,0.0,25.0,PUT,DOWNWARD_ROTATION,SLOW_DECAY,DECAY_BREAKDOWN_UNCONFIRMED,SHORT_STRADDLE,76801.91,623.55,CORRECT,Spot -33.33
2026-07-28T13:36:00+05:30,BSE:SENSEX-INDEX,MIXED_PREMIUM_REGIME,HOLD_FIRE,WEAK_PUT_BIAS,25.0,0.0,25.0,BALANCED,DOWNWARD_ROTATION,SLOW_DECAY,DECAY_BREAKDOWN,SHORT_STRADDLE,76803.24,621.65,CORRECT,Spot -17.20
2026-07-28T13:37:00+05:30,BSE:SENSEX-INDEX,MIXED_PREMIUM_REGIME,HOLD_FIRE,WEAK_PUT_BIAS,40.0,0.0,40.0,BALANCED,DOWNWARD_ROTATION,SLOW_DECAY,DECAY_BREAKDOWN,SHORT_STRADDLE,76797.5,619.7,WRONG,Spot +49.77
2026-07-28T13:38:00+05:30,BSE:SENSEX-INDEX,MIXED_PREMIUM_REGIME,HOLD_FIRE,WEAK_PUT_BIAS,40.0,0.0,40.0,PUT,DOWNWARD_ROTATION,SLOW_DECAY,DECAY_BREAKDOWN,SHORT_STRADDLE,76794.43,618.7,WRONG,Spot +42.47
2026-07-28T13:39:00+05:30,BSE:SENSEX-INDEX,MIXED_PREMIUM_REGIME,HOLD_FIRE,WEAK_PUT_BIAS,40.0,0.0,40.0,PUT,DOWNWARD_ROTATION,SLOW_DECAY,DECAY_BREAKDOWN_UNCONFIRMED,SHORT_STRADDLE,76795.51,620.6,NEUTRAL,Spot nearly flat +35.57
2026-07-28T13:40:00+05:30,BSE:SENSEX-INDEX,MIXED_PREMIUM_REGIME,HOLD_FIRE,WEAK_PUT_BIAS,40.0,0.0,40.0,CALL,DOWNWARD_ROTATION,SLOW_DECAY,DECAY_BREAKDOWN_UNCONFIRMED,SHORT_STRADDLE,76791.18,621.2,WRONG,Spot +47.86
2026-07-28T13:41:00+05:30,BSE:SENSEX-INDEX,MIXED_PREMIUM_REGIME,HOLD_FIRE,WEAK_PUT_BIAS,40.0,0.0,40.0,PUT,DOWNWARD_ROTATION,SLOW_DECAY,DECAY_BREAKDOWN,SHORT_STRADDLE,76786.63,619.6,WRONG,Spot +50.29
2026-07-28T13:42:00+05:30,BSE:SENSEX-INDEX,MIXED_PREMIUM_REGIME,HOLD_FIRE,WEAK_PUT_BIAS,40.0,0.0,40.0,PUT,DOWNWARD_ROTATION,SLOW_DECAY,DECAY_BREAKDOWN_UNCONFIRMED,SHORT_STRADDLE,76775.52,619.7,WRONG,Spot +53.14
2026-07-28T13:43:00+05:30,BSE:SENSEX-INDEX,MIXED_PREMIUM_REGIME,HOLD_FIRE,WEAK_PUT_BIAS,40.0,0.0,40.0,CALL,DOWNWARD_ROTATION,SLOW_DECAY,DECAY_BREAKDOWN_UNCONFIRMED,SHORT_STRADDLE,76771.18,622.3,WRONG,Spot +50.03
2026-07-28T13:44:00+05:30,BSE:SENSEX-INDEX,MIXED_PREMIUM_REGIME,HOLD_FIRE,WEAK_PUT_BIAS,40.0,0.0,40.0,CALL,DOWNWARD_ROTATION,SLOW_DECAY,DECAY_BREAKDOWN,SHORT_STRADDLE,76784.12,618.65,NEUTRAL,Spot nearly flat +32.94
2026-07-28T13:45:00+05:30,BSE:SENSEX-INDEX,MIXED_PREMIUM_REGIME,HOLD_FIRE,WEAK_PUT_BIAS,40.0,0.0,40.0,CALL,DOWNWARD_ROTATION,SLOW_DECAY,DECAY_BREAKDOWN,SHORT_STRADDLE,76779.55,616.15,WRONG,Spot +45.94
2026-07-28T13:46:00+05:30,BSE:SENSEX-INDEX,MIXED_PREMIUM_REGIME,HOLD_FIRE,WEAK_PUT_BIAS,40.0,0.0,40.0,CALL,DOWNWARD_ROTATION,SLOW_DECAY,DECAY_BREAKDOWN,SHORT_STRADDLE,76776.24,613.55,WRONG,Spot +49.61
2026-07-28T13:47:00+05:30,BSE:SENSEX-INDEX,MIXED_PREMIUM_REGIME,HOLD_FIRE,WEAK_PUT_BIAS,40.0,0.0,40.0,PUT,DOWNWARD_ROTATION,SLOW_DECAY,DECAY_BREAKDOWN_UNCONFIRMED,SHORT_STRADDLE,76787.54,615.85,NEUTRAL,Spot nearly flat +34.36
2026-07-28T13:48:00+05:30,BSE:SENSEX-INDEX,MIXED_PREMIUM_REGIME,HOLD_FIRE,WEAK_PUT_BIAS,40.0,0.0,40.0,PUT,DOWNWARD_ROTATION,SLOW_DECAY,DECAY_BREAKDOWN_UNCONFIRMED,SHORT_STRADDLE,76783.67,618.6,WRONG,Spot +44.59
2026-07-28T13:49:00+05:30,BSE:SENSEX-INDEX,MIXED_PREMIUM_REGIME,HOLD_FIRE,WEAK_PUT_BIAS,40.0,0.0,40.0,PUT,DOWNWARD_ROTATION,SLOW_DECAY,DECAY_BREAKDOWN,SHORT_STRADDLE,76751.53,618.3,WRONG,Spot +67.97
2026-07-28T13:50:00+05:30,BSE:SENSEX-INDEX,MIXED_PREMIUM_REGIME,HOLD_FIRE,WEAK_PUT_BIAS,40.0,0.0,40.0,CALL,DOWNWARD_ROTATION,SLOW_DECAY,DECAY_BREAKDOWN,SHORT_STRADDLE,76768.58,616.0,WRONG,Spot +63.08
2026-07-28T13:51:00+05:30,BSE:SENSEX-INDEX,MIXED_PREMIUM_REGIME,HOLD_FIRE,WEAK_PUT_BIAS,40.0,0.0,40.0,CALL,DOWNWARD_ROTATION,SLOW_DECAY,DECAY_BREAKDOWN,SHORT_STRADDLE,76786.04,613.55,WRONG,Spot +46.90
2026-07-28T13:52:00+05:30,BSE:SENSEX-INDEX,MIXED_PREMIUM_REGIME,WAIT,WEAK_PUT_BIAS,30.0,10.0,30.0,CALL,DOWNWARD_ROTATION,SLOW_DECAY,DECAY_BREAKDOWN,SHORT_STRADDLE,76847.27,610.6,CORRECT,Spot -23.84
2026-07-28T13:53:00+05:30,BSE:SENSEX-INDEX,MIXED_PREMIUM_REGIME,WAIT,WEAK_PUT_BIAS,15.0,10.0,15.0,PUT,DOWNWARD_ROTATION,SLOW_DECAY,DECAY_BREAKDOWN_UNCONFIRMED,SHORT_STRADDLE,76836.9,612.3,CORRECT,Spot -17.84
2026-07-28T13:54:00+05:30,BSE:SENSEX-INDEX,MIXED_PREMIUM_REGIME,HOLD_FIRE,WEAK_PUT_BIAS,25.0,0.0,25.0,PUT,DOWNWARD_ROTATION,SLOW_DECAY,DECAY_BREAKDOWN_UNCONFIRMED,SHORT_STRADDLE,76831.08,614.85,CORRECT,Spot -5.14
2026-07-28T13:55:00+05:30,BSE:SENSEX-INDEX,MIXED_PREMIUM_REGIME,WAIT,WEAK_PUT_BIAS,15.0,10.0,15.0,CALL,DOWNWARD_ROTATION,SLOW_DECAY,DECAY_BREAKDOWN_UNCONFIRMED,SHORT_STRADDLE,76839.04,617.05,CORRECT,Spot -18.34
2026-07-28T13:56:00+05:30,BSE:SENSEX-INDEX,MIXED_PREMIUM_REGIME,WAIT,WEAK_PUT_BIAS,15.0,10.0,15.0,PUT,DOWNWARD_ROTATION,SLOW_DECAY,DECAY_BREAKDOWN_UNCONFIRMED,SHORT_STRADDLE,76836.92,621.4,CORRECT,Spot -16.74
2026-07-28T13:57:00+05:30,BSE:SENSEX-INDEX,MIXED_PREMIUM_REGIME,HOLD_FIRE,WEAK_PUT_BIAS,25.0,0.0,25.0,PUT,DOWNWARD_ROTATION,SLOW_DECAY,DECAY_BREAKDOWN_UNCONFIRMED,SHORT_STRADDLE,76828.66,621.7,CORRECT,Spot -10.40
2026-07-28T13:58:00+05:30,BSE:SENSEX-INDEX,MIXED_PREMIUM_REGIME,HOLD_FIRE,WEAK_PUT_BIAS,25.0,0.0,25.0,CALL,DOWNWARD_ROTATION,SLOW_DECAY,DECAY_BREAKDOWN,SHORT_STRADDLE,76821.21,620.0,CORRECT,Spot -12.45
2026-07-28T13:59:00+05:30,BSE:SENSEX-INDEX,MIXED_PREMIUM_REGIME,HOLD_FIRE,WEAK_PUT_BIAS,25.0,0.0,25.0,PUT,DOWNWARD_ROTATION,SLOW_DECAY,DECAY_BREAKDOWN_UNCONFIRMED,SHORT_STRADDLE,76817.06,620.45,CORRECT,Spot -17.80
2026-07-28T14:00:00+05:30,BSE:SENSEX-INDEX,MIXED_PREMIUM_REGIME,HOLD_FIRE,WEAK_PUT_BIAS,25.0,0.0,25.0,CALL,DOWNWARD_ROTATION,SLOW_DECAY,DECAY_BREAKDOWN,SHORT_STRADDLE,76825.49,619.55,CORRECT,Spot -24.75
2026-07-28T14:01:00+05:30,BSE:SENSEX-INDEX,MIXED_PREMIUM_REGIME,HOLD_FIRE,WEAK_PUT_BIAS,25.0,0.0,25.0,PUT,DOWNWARD_ROTATION,SLOW_DECAY,DECAY_BREAKDOWN,SHORT_STRADDLE,76825.85,619.3,CORRECT,Spot -6.52
2026-07-28T14:02:00+05:30,BSE:SENSEX-INDEX,MIXED_PREMIUM_REGIME,HOLD_FIRE,WEAK_PUT_BIAS,25.0,0.0,25.0,CALL,DOWNWARD_ROTATION,SLOW_DECAY,DECAY_BREAKDOWN_UNCONFIRMED,SHORT_STRADDLE,76821.9,620.75,CORRECT,Spot -18.67
2026-07-28T14:03:00+05:30,BSE:SENSEX-INDEX,MIXED_PREMIUM_REGIME,HOLD_FIRE,WEAK_PUT_BIAS,25.0,0.0,25.0,PUT,DOWNWARD_ROTATION,SLOW_DECAY,DECAY_BREAKDOWN_UNCONFIRMED,SHORT_STRADDLE,76828.26,622.55,CORRECT,Spot -34.53
2026-07-28T14:04:00+05:30,BSE:SENSEX-INDEX,MIXED_PREMIUM_REGIME,HOLD_FIRE,WEAK_PUT_BIAS,25.0,0.0,25.0,PUT,DOWNWARD_ROTATION,SLOW_DECAY,DECAY_BREAKDOWN,SHORT_STRADDLE,76819.5,620.6,CORRECT,Spot -24.97
2026-07-28T14:05:00+05:30,BSE:SENSEX-INDEX,MIXED_PREMIUM_REGIME,HOLD_FIRE,WEAK_PUT_BIAS,25.0,0.0,25.0,CALL,DOWNWARD_ROTATION,SLOW_DECAY,DECAY_BREAKDOWN,SHORT_STRADDLE,76831.66,620.6,CORRECT,Spot -41.11
2026-07-28T14:06:00+05:30,BSE:SENSEX-INDEX,MIXED_PREMIUM_REGIME,HOLD_FIRE,WEAK_PUT_BIAS,25.0,0.0,25.0,BALANCED,DOWNWARD_ROTATION,SLOW_DECAY,DECAY_BREAKDOWN_UNCONFIRMED,SHORT_STRADDLE,76832.94,620.8,CORRECT,Spot -26.84
2026-07-28T14:07:00+05:30,BSE:SENSEX-INDEX,MIXED_PREMIUM_REGIME,HOLD_FIRE,WEAK_PUT_BIAS,25.0,0.0,25.0,PUT,DOWNWARD_ROTATION,SLOW_DECAY,DECAY_BREAKDOWN,SHORT_STRADDLE,76823.43,619.2,CORRECT,Spot -23.21
2026-07-28T14:08:00+05:30,BSE:SENSEX-INDEX,MIXED_PREMIUM_REGIME,HOLD_FIRE,WEAK_PUT_BIAS,25.0,0.0,25.0,BALANCED,DOWNWARD_ROTATION,SLOW_DECAY,DECAY_BREAKDOWN,SHORT_STRADDLE,76819.06,618.05,CORRECT,Spot -20.89
2026-07-28T14:09:00+05:30,BSE:SENSEX-INDEX,MIXED_PREMIUM_REGIME,HOLD_FIRE,WEAK_PUT_BIAS,25.0,0.0,25.0,PUT,DOWNWARD_ROTATION,SLOW_DECAY,DECAY_BREAKDOWN_UNCONFIRMED,SHORT_STRADDLE,76825.94,619.8,CORRECT,Spot -34.37
2026-07-28T14:10:00+05:30,BSE:SENSEX-INDEX,MIXED_PREMIUM_REGIME,HOLD_FIRE,WEAK_PUT_BIAS,25.0,0.0,25.0,PUT,DOWNWARD_ROTATION,SLOW_DECAY,DECAY_BREAKDOWN,SHORT_STRADDLE,76820.7,619.45,CORRECT,Spot -43.03
2026-07-28T14:11:00+05:30,BSE:SENSEX-INDEX,MIXED_PREMIUM_REGIME,HOLD_FIRE,WEAK_PUT_BIAS,25.0,0.0,25.0,PUT,DOWNWARD_ROTATION,SLOW_DECAY,DECAY_BREAKDOWN,SHORT_STRADDLE,76820.18,618.7,CORRECT,Spot -17.02
2026-07-28T14:12:00+05:30,BSE:SENSEX-INDEX,MIXED_PREMIUM_REGIME,HOLD_FIRE,WEAK_PUT_BIAS,25.0,0.0,25.0,BALANCED,DOWNWARD_ROTATION,SLOW_DECAY,DECAY_BREAKDOWN,SHORT_STRADDLE,76818.26,616.6,CORRECT,Spot -17.30
2026-07-28T14:13:00+05:30,BSE:SENSEX-INDEX,MIXED_PREMIUM_REGIME,HOLD_FIRE,WEAK_PUT_BIAS,25.0,0.0,25.0,PUT,DOWNWARD_ROTATION,SLOW_DECAY,DECAY_BREAKDOWN,SHORT_STRADDLE,76808.76,614.85,CORRECT,Spot -8.91
2026-07-28T14:14:00+05:30,BSE:SENSEX-INDEX,MIXED_PREMIUM_REGIME,HOLD_FIRE,WEAK_PUT_BIAS,40.0,0.0,40.0,PUT,DOWNWARD_ROTATION,SLOW_DECAY,DECAY_BREAKDOWN_UNCONFIRMED,SHORT_STRADDLE,76799.26,616.2,CORRECT,Spot -9.65
2026-07-28T14:15:00+05:30,BSE:SENSEX-INDEX,MIXED_PREMIUM_REGIME,HOLD_FIRE,WEAK_PUT_BIAS,40.0,0.0,40.0,CALL,DOWNWARD_ROTATION,SLOW_DECAY,DECAY_BREAKDOWN_UNCONFIRMED,SHORT_STRADDLE,76800.74,618.0,CORRECT,Spot -21.14
2026-07-28T14:16:00+05:30,BSE:SENSEX-INDEX,MIXED_PREMIUM_REGIME,HOLD_FIRE,WEAK_PUT_BIAS,25.0,0.0,25.0,CALL,DOWNWARD_ROTATION,SLOW_DECAY,DECAY_BREAKDOWN,SHORT_STRADDLE,76819.33,615.1,CORRECT,Spot -47.01
2026-07-28T14:17:00+05:30,BSE:SENSEX-INDEX,MIXED_PREMIUM_REGIME,HOLD_FIRE,WEAK_PUT_BIAS,25.0,0.0,25.0,PUT,DOWNWARD_ROTATION,SLOW_DECAY,DECAY_BREAKDOWN,SHORT_STRADDLE,76803.23,614.3,CORRECT,Spot -55.50
2026-07-28T14:18:00+05:30,BSE:SENSEX-INDEX,MIXED_PREMIUM_REGIME,HOLD_FIRE,WEAK_PUT_BIAS,40.0,0.0,40.0,PUT,DOWNWARD_ROTATION,SLOW_DECAY,DECAY_BREAKDOWN_UNCONFIRMED,SHORT_STRADDLE,76793.73,616.6,CORRECT,Spot -50.21
2026-07-28T14:19:00+05:30,BSE:SENSEX-INDEX,MIXED_PREMIUM_REGIME,HOLD_FIRE,WEAK_PUT_BIAS,40.0,0.0,40.0,CALL,DOWNWARD_ROTATION,SLOW_DECAY,DECAY_BREAKDOWN,SHORT_STRADDLE,76794.53,616.55,CORRECT,Spot -58.08
2026-07-28T14:20:00+05:30,BSE:SENSEX-INDEX,MIXED_PREMIUM_REGIME,HOLD_FIRE,WEAK_PUT_BIAS,40.0,0.0,40.0,PUT,DOWNWARD_ROTATION,SLOW_DECAY,DECAY_BREAKDOWN_UNCONFIRMED,SHORT_STRADDLE,76790.55,619.55,CORRECT,Spot -64.50
2026-07-28T14:21:00+05:30,BSE:SENSEX-INDEX,MIXED_PREMIUM_REGIME,HOLD_FIRE,WEAK_PUT_BIAS,25.0,0.0,25.0,CALL,DOWNWARD_ROTATION,SLOW_DECAY,DECAY_BREAKDOWN_UNCONFIRMED,SHORT_STRADDLE,76806.1,619.8,CORRECT,Spot -61.92
2026-07-28T14:22:00+05:30,BSE:SENSEX-INDEX,MIXED_PREMIUM_REGIME,HOLD_FIRE,WEAK_PUT_BIAS,25.0,0.0,25.0,PUT,DOWNWARD_ROTATION,SLOW_DECAY,DECAY_BREAKDOWN,SHORT_STRADDLE,76800.22,619.4,CORRECT,Spot -36.94
2026-07-28T14:23:00+05:30,BSE:SENSEX-INDEX,MIXED_PREMIUM_REGIME,HOLD_FIRE,WEAK_PUT_BIAS,40.0,0.0,40.0,PUT,DOWNWARD_ROTATION,SLOW_DECAY,DECAY_BREAKDOWN,SHORT_STRADDLE,76798.17,616.5,CORRECT,Spot -31.15
2026-07-28T14:24:00+05:30,BSE:SENSEX-INDEX,MIXED_PREMIUM_REGIME,HOLD_FIRE,WEAK_PUT_BIAS,40.0,0.0,40.0,PUT,DOWNWARD_ROTATION,SLOW_DECAY,DECAY_BREAKDOWN_UNCONFIRMED,SHORT_STRADDLE,76791.57,618.0,CORRECT,Spot -7.24
2026-07-28T14:25:00+05:30,BSE:SENSEX-INDEX,MIXED_PREMIUM_REGIME,HOLD_FIRE,WEAK_PUT_BIAS,40.0,0.0,40.0,BALANCED,DOWNWARD_ROTATION,SLOW_DECAY,DECAY_BREAKDOWN,SHORT_STRADDLE,76777.67,615.95,NEUTRAL,Spot nearly flat +20.03
2026-07-28T14:26:00+05:30,BSE:SENSEX-INDEX,MIXED_PREMIUM_REGIME,HOLD_FIRE,WEAK_PUT_BIAS,40.0,0.0,40.0,CALL,DOWNWARD_ROTATION,SLOW_DECAY,DECAY_BREAKDOWN,SHORT_STRADDLE,76803.16,614.3,NEUTRAL,Spot nearly flat +1.18
2026-07-28T14:27:00+05:30,BSE:SENSEX-INDEX,MIXED_PREMIUM_REGIME,HOLD_FIRE,WEAK_PUT_BIAS,40.0,0.0,40.0,CALL,DOWNWARD_ROTATION,SLOW_DECAY,DECAY_BREAKDOWN,SHORT_STRADDLE,76800.96,612.0,NEUTRAL,Spot nearly flat +3.85
2026-07-28T14:28:00+05:30,BSE:SENSEX-INDEX,MIXED_PREMIUM_REGIME,HOLD_FIRE,WEAK_PUT_BIAS,25.0,0.0,25.0,PUT,DOWNWARD_ROTATION,SLOW_DECAY,DECAY_BREAKDOWN,SHORT_STRADDLE,76799.85,610.6,NEUTRAL,Spot nearly flat +3.03
2026-07-28T14:29:00+05:30,BSE:SENSEX-INDEX,MIXED_PREMIUM_REGIME,HOLD_FIRE,WEAK_PUT_BIAS,25.0,0.0,25.0,BALANCED,DOWNWARD_ROTATION,SLOW_DECAY,DECAY_BREAKDOWN,SHORT_STRADDLE,76789.61,609.6,CORRECT,Spot -14.27
2026-07-28T14:30:00+05:30,BSE:SENSEX-INDEX,MIXED_PREMIUM_REGIME,HOLD_FIRE,WEAK_PUT_BIAS,40.0,0.0,40.0,PUT,DOWNWARD_ROTATION,SLOW_DECAY,DECAY_BREAKDOWN,SHORT_STRADDLE,76779.6,607.4,NEUTRAL,Spot nearly flat +15.28
2026-07-28T14:31:00+05:30,BSE:SENSEX-INDEX,MIXED_PREMIUM_REGIME,HOLD_FIRE,WEAK_PUT_BIAS,40.0,0.0,40.0,CALL,DOWNWARD_ROTATION,SLOW_DECAY,DECAY_BREAKDOWN,SHORT_STRADDLE,76772.32,605.2,CORRECT,Spot -9.33
2026-07-28T14:32:00+05:30,BSE:SENSEX-INDEX,MIXED_PREMIUM_REGIME,HOLD_FIRE,WEAK_PUT_BIAS,40.0,0.0,40.0,PUT,AGGRESSIVE_DOWNWARD_ROTATION,SLOW_DECAY,DECAY_BREAKDOWN,SHORT_STRADDLE,76747.73,615.15,NEUTRAL,Spot nearly flat +15.96
2026-07-28T14:33:00+05:30,BSE:SENSEX-INDEX,MIXED_PREMIUM_REGIME,HOLD_FIRE,WEAK_PUT_BIAS,40.0,0.0,40.0,PUT,AGGRESSIVE_DOWNWARD_ROTATION,SLOW_DECAY,DECAY_BREAKDOWN,SHORT_STRADDLE,76743.52,610.2,NEUTRAL,Spot nearly flat +3.06
2026-07-28T14:34:00+05:30,BSE:SENSEX-INDEX,MIXED_PREMIUM_REGIME,WAIT,PUT_BIAS,60.0,0.0,60.0,CALL,AGGRESSIVE_DOWNWARD_ROTATION,SLOW_DECAY,DECAY_BREAKDOWN_UNCONFIRMED,SHORT_STRADDLE,76736.45,610.45,NEUTRAL,Spot nearly flat +19.38
2026-07-28T14:35:00+05:30,BSE:SENSEX-INDEX,MIXED_PREMIUM_REGIME,WAIT,PUT_BIAS,60.0,0.0,60.0,PUT,AGGRESSIVE_DOWNWARD_ROTATION,SLOW_DECAY,DECAY_BREAKDOWN,SHORT_STRADDLE,76726.05,609.75,NEUTRAL,Spot nearly flat +24.27
2026-07-28T14:36:00+05:30,BSE:SENSEX-INDEX,MIXED_PREMIUM_REGIME,HOLD_FIRE,WEAK_PUT_BIAS,40.0,0.0,40.0,CALL,AGGRESSIVE_DOWNWARD_ROTATION,SLOW_DECAY,DECAY_BREAKDOWN_UNCONFIRMED,SHORT_STRADDLE,76744.18,610.35,CORRECT,Spot -13.11
2026-07-28T14:37:00+05:30,BSE:SENSEX-INDEX,MIXED_PREMIUM_REGIME,HOLD_FIRE,WEAK_PUT_BIAS,40.0,0.0,40.0,CALL,DOWNWARD_ROTATION,SLOW_DECAY,DECAY_BREAKDOWN_UNCONFIRMED,SHORT_STRADDLE,76763.28,601.85,CORRECT,Spot -19.66
2026-07-28T14:38:00+05:30,BSE:SENSEX-INDEX,MIXED_PREMIUM_REGIME,HOLD_FIRE,WEAK_PUT_BIAS,40.0,0.0,40.0,CALL,DOWNWARD_ROTATION,SLOW_DECAY,DECAY_BREAKDOWN,SHORT_STRADDLE,76767.02,599.0,CORRECT,Spot -0.62
2026-07-28T14:39:00+05:30,BSE:SENSEX-INDEX,MIXED_PREMIUM_REGIME,HOLD_FIRE,WEAK_PUT_BIAS,40.0,0.0,40.0,PUT,DOWNWARD_ROTATION,SLOW_DECAY,DECAY_BREAKDOWN_UNCONFIRMED,SHORT_STRADDLE,76784.33,602.0,CORRECT,Spot -24.12
2026-07-28T14:40:00+05:30,BSE:SENSEX-INDEX,MIXED_PREMIUM_REGIME,HOLD_FIRE,WEAK_PUT_BIAS,40.0,0.0,40.0,CALL,DOWNWARD_ROTATION,SLOW_DECAY,DECAY_BREAKDOWN_UNCONFIRMED,SHORT_STRADDLE,76797.7,602.65,CORRECT,Spot -20.88
2026-07-28T14:41:00+05:30,BSE:SENSEX-INDEX,MIXED_PREMIUM_REGIME,HOLD_FIRE,WEAK_PUT_BIAS,25.0,0.0,25.0,CALL,DOWNWARD_ROTATION,SLOW_DECAY,DECAY_BREAKDOWN,SHORT_STRADDLE,76804.34,599.7,CORRECT,Spot -34.64
2026-07-28T14:42:00+05:30,BSE:SENSEX-INDEX,MIXED_PREMIUM_REGIME,HOLD_FIRE,WEAK_PUT_BIAS,25.0,0.0,25.0,PUT,DOWNWARD_ROTATION,SLOW_DECAY,DECAY_BREAKDOWN_UNCONFIRMED,SHORT_STRADDLE,76804.81,605.45,CORRECT,Spot -43.44
2026-07-28T14:43:00+05:30,BSE:SENSEX-INDEX,MIXED_PREMIUM_REGIME,HOLD_FIRE,WEAK_PUT_BIAS,25.0,0.0,25.0,PUT,DOWNWARD_ROTATION,SLOW_DECAY,DECAY_BREAKDOWN,SHORT_STRADDLE,76802.88,604.5,CORRECT,Spot -48.24
2026-07-28T14:44:00+05:30,BSE:SENSEX-INDEX,MIXED_PREMIUM_REGIME,HOLD_FIRE,WEAK_PUT_BIAS,40.0,0.0,40.0,PUT,DOWNWARD_ROTATION,SLOW_DECAY,DECAY_BREAKDOWN,SHORT_STRADDLE,76775.34,604.25,CORRECT,Spot -25.40
2026-07-28T14:45:00+05:30,BSE:SENSEX-INDEX,MIXED_PREMIUM_REGIME,HOLD_FIRE,WEAK_PUT_BIAS,40.0,0.0,40.0,CALL,DOWNWARD_ROTATION,SLOW_DECAY,DECAY_BREAKDOWN_UNCONFIRMED,SHORT_STRADDLE,76794.88,611.1,CORRECT,Spot -38.79
2026-07-28T14:46:00+05:30,BSE:SENSEX-INDEX,MIXED_PREMIUM_REGIME,HOLD_FIRE,WEAK_PUT_BIAS,40.0,0.0,40.0,PUT,DOWNWARD_ROTATION,SLOW_DECAY,DECAY_BREAKDOWN,SHORT_STRADDLE,76762.99,607.7,CORRECT,Spot -68.67
2026-07-28T14:47:00+05:30,BSE:SENSEX-INDEX,MIXED_PREMIUM_REGIME,HOLD_FIRE,WEAK_PUT_BIAS,40.0,0.0,40.0,PUT,DOWNWARD_ROTATION,SLOW_DECAY,DECAY_BREAKDOWN_UNCONFIRMED,SHORT_STRADDLE,76763.69,608.7,CORRECT,Spot -71.69
2026-07-28T14:48:00+05:30,BSE:SENSEX-INDEX,MIXED_PREMIUM_REGIME,HOLD_FIRE,WEAK_PUT_BIAS,40.0,0.0,40.0,PUT,AGGRESSIVE_DOWNWARD_ROTATION,SLOW_DECAY,DECAY_BREAKDOWN,SHORT_STRADDLE,76746.58,614.3,CORRECT,Spot -55.32
2026-07-28T14:49:00+05:30,BSE:SENSEX-INDEX,MIXED_PREMIUM_REGIME,HOLD_FIRE,WEAK_PUT_BIAS,40.0,0.0,40.0,CALL,DOWNWARD_ROTATION,SLOW_DECAY,DECAY_BREAKDOWN,SHORT_STRADDLE,76755.83,606.0,CORRECT,Spot -52.69
2026-07-28T14:50:00+05:30,BSE:SENSEX-INDEX,MIXED_PREMIUM_REGIME,HOLD_FIRE,WEAK_PUT_BIAS,40.0,0.0,40.0,CALL,DOWNWARD_ROTATION,SLOW_DECAY,DECAY_BREAKDOWN_UNCONFIRMED,SHORT_STRADDLE,76750.32,606.6,CORRECT,Spot -58.39
2026-07-28T14:51:00+05:30,BSE:SENSEX-INDEX,MIXED_PREMIUM_REGIME,WAIT,PUT_BIAS,60.0,0.0,60.0,PUT,AGGRESSIVE_DOWNWARD_ROTATION,SLOW_DECAY,DECAY_BREAKDOWN,SHORT_STRADDLE,76731.07,616.45,CORRECT,Spot -16.46
2026-07-28T14:52:00+05:30,BSE:SENSEX-INDEX,MIXED_PREMIUM_REGIME,WAIT,PUT_BIAS,60.0,0.0,60.0,CALL,AGGRESSIVE_DOWNWARD_ROTATION,SLOW_DECAY,DECAY_BREAKDOWN,SHORT_STRADDLE,76743.62,615.45,CORRECT,Spot -20.77
2026-07-28T14:53:00+05:30,BSE:SENSEX-INDEX,MIXED_PREMIUM_REGIME,HOLD_FIRE,WEAK_PUT_BIAS,40.0,0.0,40.0,CALL,DOWNWARD_ROTATION,SLOW_DECAY,DECAY_BREAKDOWN,SHORT_STRADDLE,76766.4,601.8,CORRECT,Spot -62.84
2026-07-28T14:54:00+05:30,BSE:SENSEX-INDEX,MIXED_PREMIUM_REGIME,HOLD_FIRE,WEAK_PUT_BIAS,40.0,0.0,40.0,PUT,DOWNWARD_ROTATION,SLOW_DECAY,DECAY_BREAKDOWN_UNCONFIRMED,SHORT_STRADDLE,76760.21,603.9,CORRECT,Spot -45.51
2026-07-28T14:55:00+05:30,BSE:SENSEX-INDEX,MIXED_PREMIUM_REGIME,HOLD_FIRE,WEAK_PUT_BIAS,40.0,0.0,40.0,CALL,DOWNWARD_ROTATION,SLOW_DECAY,DECAY_BREAKDOWN,SHORT_STRADDLE,76776.82,601.7,CORRECT,Spot -68.99
2026-07-28T14:56:00+05:30,BSE:SENSEX-INDEX,MIXED_PREMIUM_REGIME,HOLD_FIRE,WEAK_PUT_BIAS,40.0,0.0,40.0,PUT,DOWNWARD_ROTATION,SLOW_DECAY,DECAY_BREAKDOWN_UNCONFIRMED,SHORT_STRADDLE,76769.7,603.5,CORRECT,Spot -62.93
2026-07-28T14:57:00+05:30,BSE:SENSEX-INDEX,MIXED_PREMIUM_REGIME,HOLD_FIRE,WEAK_PUT_BIAS,40.0,0.0,40.0,PUT,DOWNWARD_ROTATION,SLOW_DECAY,DECAY_BREAKDOWN,SHORT_STRADDLE,76761.37,603.4,CORRECT,Spot -54.39
2026-07-28T14:58:00+05:30,BSE:SENSEX-INDEX,MIXED_PREMIUM_REGIME,HOLD_FIRE,WEAK_PUT_BIAS,40.0,0.0,40.0,PUT,DOWNWARD_ROTATION,SLOW_DECAY,DECAY_BREAKDOWN_UNCONFIRMED,SHORT_STRADDLE,76754.64,603.55,CORRECT,Spot -57.41
2026-07-28T14:59:00+05:30,BSE:SENSEX-INDEX,MIXED_PREMIUM_REGIME,HOLD_FIRE,WEAK_PUT_BIAS,40.0,0.0,40.0,CALL,AGGRESSIVE_DOWNWARD_ROTATION,SLOW_DECAY,DECAY_BREAKDOWN_UNCONFIRMED,SHORT_STRADDLE,76749.94,615.8,CORRECT,Spot -19.36
2026-07-28T15:00:00+05:30,BSE:SENSEX-INDEX,MIXED_PREMIUM_REGIME,HOLD_FIRE,WEAK_PUT_BIAS,40.0,0.0,40.0,CALL,DOWNWARD_ROTATION,SLOW_DECAY,DECAY_BREAKDOWN,SHORT_STRADDLE,76756.09,592.85,CORRECT,Spot -28.52
2026-07-28T15:01:00+05:30,BSE:SENSEX-INDEX,MIXED_PREMIUM_REGIME,WAIT,PUT_BIAS,60.0,0.0,60.0,PUT,AGGRESSIVE_DOWNWARD_ROTATION,SLOW_DECAY,DECAY_BREAKDOWN,SHORT_STRADDLE,76694.32,614.0,WRONG,Spot +65.01
2026-07-28T15:02:00+05:30,BSE:SENSEX-INDEX,MIXED_PREMIUM_REGIME,WAIT,PUT_BIAS,60.0,0.0,60.0,CALL,AGGRESSIVE_DOWNWARD_ROTATION,SLOW_DECAY,DECAY_BREAKDOWN,SHORT_STRADDLE,76692.0,611.95,WRONG,Spot +71.53
2026-07-28T15:03:00+05:30,BSE:SENSEX-INDEX,MIXED_PREMIUM_REGIME,WAIT,PUT_BIAS,60.0,0.0,60.0,CALL,AGGRESSIVE_DOWNWARD_ROTATION,SLOW_DECAY,DECAY_BREAKDOWN_UNCONFIRMED,SHORT_STRADDLE,76691.26,616.55,WRONG,Spot +47.67
2026-07-28T15:04:00+05:30,BSE:SENSEX-INDEX,MIXED_PREMIUM_REGIME,WAIT,PUT_BIAS,60.0,0.0,60.0,CALL,AGGRESSIVE_DOWNWARD_ROTATION,SLOW_DECAY,DECAY_BREAKDOWN_UNCONFIRMED,SHORT_STRADDLE,76703.14,617.3,WRONG,Spot +107.09
2026-07-28T15:05:00+05:30,BSE:SENSEX-INDEX,MIXED_PREMIUM_REGIME,WAIT,PUT_BIAS,60.0,0.0,60.0,PUT,AGGRESSIVE_DOWNWARD_ROTATION,SLOW_DECAY,DECAY_BREAKDOWN_UNCONFIRMED,SHORT_STRADDLE,76691.93,617.65,WRONG,Spot +172.99
2026-07-28T15:06:00+05:30,BSE:SENSEX-INDEX,MIXED_PREMIUM_REGIME,WAIT,PUT_BIAS,60.0,0.0,60.0,CALL,AGGRESSIVE_DOWNWARD_ROTATION,SLOW_DECAY,DECAY_BREAKDOWN,SHORT_STRADDLE,76714.61,616.05,WRONG,Spot +135.45
2026-07-28T15:07:00+05:30,BSE:SENSEX-INDEX,MIXED_PREMIUM_REGIME,WAIT,PUT_BIAS,60.0,0.0,60.0,CALL,AGGRESSIVE_DOWNWARD_ROTATION,SLOW_DECAY,DECAY_BREAKDOWN,SHORT_STRADDLE,76722.85,615.0,WRONG,Spot +162.08
2026-07-28T15:08:00+05:30,BSE:SENSEX-INDEX,MIXED_PREMIUM_REGIME,WAIT,PUT_BIAS,60.0,0.0,60.0,CALL,AGGRESSIVE_DOWNWARD_ROTATION,SLOW_DECAY,DECAY_BREAKDOWN,SHORT_STRADDLE,76703.56,607.0,WRONG,Spot +166.48
2026-07-28T15:09:00+05:30,BSE:SENSEX-INDEX,MIXED_PREMIUM_REGIME,WAIT,PUT_BIAS,60.0,0.0,60.0,CALL,AGGRESSIVE_DOWNWARD_ROTATION,SLOW_DECAY,DECAY_BREAKDOWN_UNCONFIRMED,SHORT_STRADDLE,76714.7,607.4,WRONG,Spot +143.25
2026-07-28T15:10:00+05:30,BSE:SENSEX-INDEX,MIXED_PREMIUM_REGIME,WAIT,PUT_BIAS,60.0,0.0,60.0,PUT,AGGRESSIVE_DOWNWARD_ROTATION,SLOW_DECAY,DECAY_BREAKDOWN_UNCONFIRMED,SHORT_STRADDLE,76707.83,607.65,WRONG,Spot +79.78
2026-07-28T15:11:00+05:30,BSE:SENSEX-INDEX,MIXED_PREMIUM_REGIME,WAIT,PUT_BIAS,60.0,0.0,60.0,CALL,AGGRESSIVE_DOWNWARD_ROTATION,SLOW_DECAY,DECAY_BREAKDOWN,SHORT_STRADDLE,76706.77,605.6,WRONG,Spot +73.53
2026-07-28T15:12:00+05:30,BSE:SENSEX-INDEX,MIXED_PREMIUM_REGIME,WAIT,PUT_BIAS,60.0,0.0,60.0,PUT,AGGRESSIVE_DOWNWARD_ROTATION,SLOW_DECAY,DECAY_BREAKDOWN_UNCONFIRMED,SHORT_STRADDLE,76706.98,607.95,WRONG,Spot +81.45
2026-07-28T15:13:00+05:30,BSE:SENSEX-INDEX,MIXED_PREMIUM_REGIME,WAIT,PUT_BIAS,60.0,0.0,60.0,CALL,AGGRESSIVE_DOWNWARD_ROTATION,SLOW_DECAY,DECAY_BREAKDOWN_UNCONFIRMED,SHORT_STRADDLE,76697.23,611.9,WRONG,Spot +92.23
2026-07-28T15:14:00+05:30,BSE:SENSEX-INDEX,MIXED_PREMIUM_REGIME,WAIT,PUT_BIAS,60.0,0.0,60.0,CALL,AGGRESSIVE_DOWNWARD_ROTATION,SLOW_DECAY,DECAY_BREAKDOWN_UNCONFIRMED,SHORT_STRADDLE,76730.58,614.05,NEUTRAL,Spot nearly flat +34.46
2026-07-28T15:15:00+05:30,BSE:SENSEX-INDEX,MIXED_PREMIUM_REGIME,WAIT,PUT_BIAS,60.0,0.0,60.0,CALL,AGGRESSIVE_DOWNWARD_ROTATION,SLOW_DECAY,DECAY_BREAKDOWN_UNCONFIRMED,SHORT_STRADDLE,76727.57,627.25,UNSCORED,No future row
2026-07-28T15:16:00+05:30,BSE:SENSEX-INDEX,MIXED_PREMIUM_REGIME,WAIT,PUT_BIAS,60.0,0.0,60.0,CALL,DOWNWARD_ROTATION,SLOW_DECAY,DECAY_BREAKDOWN,SHORT_STRADDLE,76759.33,598.65,UNSCORED,No future row
2026-07-28T15:17:00+05:30,BSE:SENSEX-INDEX,MIXED_PREMIUM_REGIME,HOLD_FIRE,WEAK_PUT_BIAS,40.0,0.0,40.0,PUT,DOWNWARD_ROTATION,SLOW_DECAY,DECAY_BREAKDOWN_UNCONFIRMED,SHORT_STRADDLE,76763.53,600.25,UNSCORED,No future row
2026-07-28T15:18:00+05:30,BSE:SENSEX-INDEX,MIXED_PREMIUM_REGIME,HOLD_FIRE,WEAK_PUT_BIAS,40.0,0.0,40.0,PUT,AGGRESSIVE_DOWNWARD_ROTATION,SLOW_DECAY,DECAY_BREAKDOWN,SHORT_STRADDLE,76738.93,615.3,UNSCORED,No future row
2026-07-28T15:19:00+05:30,BSE:SENSEX-INDEX,MIXED_PREMIUM_REGIME,HOLD_FIRE,WEAK_PUT_BIAS,25.0,0.0,25.0,CALL,DOWNWARD_ROTATION,SLOW_DECAY,DECAY_BREAKDOWN_UNCONFIRMED,SHORT_STRADDLE,76810.23,604.6,UNSCORED,No future row
2026-07-28T15:20:00+05:30,BSE:SENSEX-INDEX,MIXED_PREMIUM_REGIME,WAIT,WEAK_CALL_BIAS,40.0,40.0,0.0,CALL,AGGRESSIVE_UPWARD_ROTATION,SLOW_DECAY,DECAY_BREAKDOWN,SHORT_STRADDLE,76864.92,588.3,UNSCORED,No future row
2026-07-28T15:21:00+05:30,BSE:SENSEX-INDEX,MIXED_PREMIUM_REGIME,WAIT,WEAK_CALL_BIAS,40.0,40.0,0.0,CALL,AGGRESSIVE_UPWARD_ROTATION,SLOW_DECAY,DECAY_BREAKDOWN_UNCONFIRMED,SHORT_STRADDLE,76850.06,598.4,UNSCORED,No future row
2026-07-28T15:22:00+05:30,BSE:SENSEX-INDEX,MIXED_PREMIUM_REGIME,WAIT,WEAK_CALL_BIAS,40.0,40.0,0.0,PUT,AGGRESSIVE_UPWARD_ROTATION,SLOW_DECAY,DECAY_BREAKDOWN,SHORT_STRADDLE,76884.93,590.15,UNSCORED,No future row
2026-07-28T15:23:00+05:30,BSE:SENSEX-INDEX,MIXED_PREMIUM_REGIME,WAIT,WEAK_CALL_BIAS,40.0,40.0,0.0,PUT,AGGRESSIVE_UPWARD_ROTATION,SLOW_DECAY,DECAY_BREAKDOWN_UNCONFIRMED,SHORT_STRADDLE,76870.04,594.0,UNSCORED,No future row
2026-07-28T15:24:00+05:30,BSE:SENSEX-INDEX,MIXED_PREMIUM_REGIME,WAIT,WEAK_CALL_BIAS,40.0,40.0,0.0,PUT,AGGRESSIVE_UPWARD_ROTATION,SLOW_DECAY,DECAY_BREAKDOWN,SHORT_STRADDLE,76857.95,593.5,UNSCORED,No future row
2026-07-28T15:25:00+05:30,BSE:SENSEX-INDEX,MIXED_PREMIUM_REGIME,HOLD_FIRE,WEAK_PUT_BIAS,25.0,0.0,25.0,CALL,DOWNWARD_ROTATION,SLOW_DECAY,DECAY_BREAKDOWN,SHORT_STRADDLE,76787.61,606.65,UNSCORED,No future row
2026-07-28T15:26:00+05:30,BSE:SENSEX-INDEX,MIXED_PREMIUM_REGIME,HOLD_FIRE,WEAK_PUT_BIAS,25.0,0.0,25.0,PUT,DOWNWARD_ROTATION,SLOW_DECAY,DECAY_BREAKDOWN,SHORT_STRADDLE,76780.3,606.2,UNSCORED,No future row
2026-07-28T15:27:00+05:30,BSE:SENSEX-INDEX,MIXED_PREMIUM_REGIME,HOLD_FIRE,WEAK_PUT_BIAS,25.0,0.0,25.0,PUT,DOWNWARD_ROTATION,SLOW_DECAY,DECAY_BREAKDOWN,SHORT_STRADDLE,76788.43,604.9,UNSCORED,No future row
2026-07-28T15:28:00+05:30,BSE:SENSEX-INDEX,MIXED_PREMIUM_REGIME,HOLD_FIRE,WEAK_PUT_BIAS,25.0,0.0,25.0,CALL,DOWNWARD_ROTATION,SLOW_DECAY,DECAY_BREAKDOWN_UNCONFIRMED,SHORT_STRADDLE,76789.46,605.6,UNSCORED,No future row
2026-07-28T15:29:00+05:30,BSE:SENSEX-INDEX,MIXED_PREMIUM_REGIME,HOLD_FIRE,WEAK_PUT_BIAS,40.0,0.0,40.0,PUT,DOWNWARD_ROTATION,SLOW_DECAY,DECAY_BREAKDOWN,SHORT_STRADDLE,76765.04,602.5,UNSCORED,No future row
2026-07-28T09:15:00+05:30,NSE:NIFTY50-INDEX,MIXED_PREMIUM_REGIME,WAIT,WEAK_CALL_BIAS,15.0,15.0,10.0,PUT,NO_ROTATION,BALANCED,OPENING_RANGE_NOT_READY,NEUTRAL,23989.9,95.25,CORRECT,Spot +14.40
2026-07-28T09:16:00+05:30,NSE:NIFTY50-INDEX,MIXED_PREMIUM_REGIME,WAIT,WEAK_CALL_BIAS,40.0,40.0,0.0,CALL,NO_ROTATION,BALANCED,OPENING_RANGE_NOT_READY,NEUTRAL,24004.35,87.8,CORRECT,Spot +6.10
2026-07-28T09:17:00+05:30,NSE:NIFTY50-INDEX,MIXED_PREMIUM_REGIME,WAIT,WEAK_CALL_BIAS,55.0,55.0,0.0,CALL,NO_ROTATION,BALANCED,OPENING_RANGE_NOT_READY,NEUTRAL,24008.0,87.35,NEUTRAL,Spot nearly flat -9.85
2026-07-28T09:25:00+05:30,NSE:NIFTY50-INDEX,MIXED_PREMIUM_REGIME,WAIT,WEAK_CALL_BIAS,55.0,55.0,15.0,CALL,NO_ROTATION,BALANCED,OPENING_RANGE_NOT_READY,NEUTRAL,24013.1,88.5,CORRECT,Spot +4.50
2026-07-28T09:26:00+05:30,NSE:NIFTY50-INDEX,MIXED_PREMIUM_REGIME,WAIT,WEAK_CALL_BIAS,40.0,40.0,15.0,PUT,NO_ROTATION,BALANCED,OPENING_RANGE_NOT_READY,NEUTRAL,24002.05,88.95,CORRECT,Spot +16.85
2026-07-28T09:27:00+05:30,NSE:NIFTY50-INDEX,MIXED_PREMIUM_REGIME,WAIT,WEAK_CALL_BIAS,40.0,40.0,15.0,CALL,NO_ROTATION,BALANCED,OPENING_RANGE_NOT_READY,NEUTRAL,23998.95,88.3,CORRECT,Spot +17.85
2026-07-28T09:28:00+05:30,NSE:NIFTY50-INDEX,MIXED_PREMIUM_REGIME,WAIT,WEAK_CALL_BIAS,40.0,40.0,15.0,CALL,NO_ROTATION,BALANCED,OPENING_RANGE_NOT_READY,NEUTRAL,24001.25,88.75,CORRECT,Spot +17.05
2026-07-28T09:29:00+05:30,NSE:NIFTY50-INDEX,MIXED_PREMIUM_REGIME,WAIT,WEAK_CALL_BIAS,40.0,40.0,15.0,CALL,NO_ROTATION,BALANCED,OPENING_RANGE_NOT_READY,NEUTRAL,24009.05,88.3,CORRECT,Spot +12.15
2026-07-28T09:30:00+05:30,NSE:NIFTY50-INDEX,MIXED_PREMIUM_REGIME,WAIT,WEAK_CALL_BIAS,40.0,40.0,15.0,PUT,NO_ROTATION,BALANCED,TRANSITION,NEUTRAL,24004.3,88.0,CORRECT,Spot +13.50
2026-07-28T09:31:00+05:30,NSE:NIFTY50-INDEX,MIXED_PREMIUM_REGIME,WAIT,WEAK_CALL_BIAS,40.0,40.0,15.0,CALL,NO_ROTATION,BALANCED,TRANSITION,NEUTRAL,24010.45,88.1,CORRECT,Spot +4.00
2026-07-28T09:32:00+05:30,NSE:NIFTY50-INDEX,MIXED_PREMIUM_REGIME,WAIT,WEAK_CALL_BIAS,40.0,40.0,15.0,PUT,NO_ROTATION,BALANCED,DECAY_BREAKDOWN_UNCONFIRMED,SHORT_STRADDLE,23998.15,87.1,CORRECT,Spot +10.90
2026-07-28T09:33:00+05:30,NSE:NIFTY50-INDEX,MIXED_PREMIUM_REGIME,WAIT,WEAK_CALL_BIAS,30.0,30.0,25.0,PUT,NO_ROTATION,BALANCED,DECAY_BREAKDOWN_UNCONFIRMED,SHORT_STRADDLE,23991.8,87.25,CORRECT,Spot +19.50
2026-07-28T09:34:00+05:30,NSE:NIFTY50-INDEX,MIXED_PREMIUM_REGIME,WAIT,WEAK_CALL_BIAS,30.0,30.0,25.0,PUT,NO_ROTATION,BALANCED,DECAY_BREAKDOWN_UNCONFIRMED,SHORT_STRADDLE,23986.8,87.3,CORRECT,Spot +24.25
2026-07-28T09:35:00+05:30,NSE:NIFTY50-INDEX,MIXED_PREMIUM_REGIME,WAIT,WEAK_CALL_BIAS,30.0,30.0,25.0,CALL,NO_ROTATION,BALANCED,DECAY_BREAKDOWN,SHORT_STRADDLE,23994.25,86.05,CORRECT,Spot +15.50
2026-07-28T09:36:00+05:30,NSE:NIFTY50-INDEX,THETA_DOMINANT,WAIT,WEAK_CALL_BIAS,40.0,40.0,15.0,CALL,NO_ROTATION,SLOW_DECAY,DECAY_BREAKDOWN,SHORT_STRADDLE,24004.9,85.1,CORRECT,Spot +0.25
2026-07-28T09:37:00+05:30,NSE:NIFTY50-INDEX,THETA_DOMINANT,WAIT,CALL_BIAS,70.0,70.0,0.0,CALL,NO_ROTATION,SLOW_DECAY,DECAY_BREAKDOWN_UNCONFIRMED,SHORT_STRADDLE,24015.3,85.15,WRONG,Spot -14.05
2026-07-28T09:38:00+05:30,NSE:NIFTY50-INDEX,THETA_DOMINANT,WAIT,WEAK_CALL_BIAS,55.0,55.0,0.0,PUT,NO_ROTATION,SLOW_DECAY,DECAY_BREAKDOWN,SHORT_STRADDLE,24010.55,84.0,WRONG,Spot -12.75
2026-07-28T09:39:00+05:30,NSE:NIFTY50-INDEX,THETA_DOMINANT,WAIT,CALL_BIAS,70.0,70.0,0.0,CALL,NO_ROTATION,SLOW_DECAY,DECAY_BREAKDOWN_UNCONFIRMED,SHORT_STRADDLE,24017.05,84.2,WRONG,Spot -13.80
2026-07-28T09:40:00+05:30,NSE:NIFTY50-INDEX,THETA_DOMINANT,WAIT,CALL_BIAS,70.0,70.0,0.0,PUT,NO_ROTATION,SLOW_DECAY,DECAY_BREAKDOWN,SHORT_STRADDLE,24017.6,83.6,NEUTRAL,Spot nearly flat -5.85
2026-07-28T09:41:00+05:30,NSE:NIFTY50-INDEX,THETA_DOMINANT,WAIT,CALL_BIAS,70.0,70.0,0.0,PUT,NO_ROTATION,SLOW_DECAY,DECAY_BREAKDOWN_UNCONFIRMED,SHORT_STRADDLE,24018.9,83.75,NEUTRAL,Spot nearly flat -2.85
2026-07-28T09:42:00+05:30,NSE:NIFTY50-INDEX,THETA_DOMINANT,WAIT,CALL_BIAS,70.0,70.0,0.0,BALANCED,NO_ROTATION,SLOW_DECAY,DECAY_BREAKDOWN,SHORT_STRADDLE,24016.8,82.75,NEUTRAL,Spot nearly flat -3.35
2026-07-28T09:43:00+05:30,NSE:NIFTY50-INDEX,THETA_DOMINANT,WAIT,CALL_BIAS,70.0,70.0,0.0,CALL,NO_ROTATION,SLOW_DECAY,DECAY_BREAKDOWN_UNCONFIRMED,SHORT_STRADDLE,24018.3,82.9,NEUTRAL,Spot nearly flat -6.20
2026-07-28T09:44:00+05:30,NSE:NIFTY50-INDEX,THETA_DOMINANT,WAIT,CALL_BIAS,70.0,70.0,0.0,CALL,NO_ROTATION,SLOW_DECAY,DECAY_BREAKDOWN_UNCONFIRMED,SHORT_STRADDLE,24021.2,83.5,WRONG,Spot -12.05
2026-07-28T09:45:00+05:30,NSE:NIFTY50-INDEX,THETA_DOMINANT,WAIT,CALL_BIAS,70.0,70.0,0.0,PUT,NO_ROTATION,SLOW_DECAY,DECAY_BREAKDOWN,SHORT_STRADDLE,24017.8,81.4,NEUTRAL,Spot nearly flat -5.45
2026-07-28T09:46:00+05:30,NSE:NIFTY50-INDEX,THETA_DOMINANT,WAIT,CALL_BIAS,70.0,70.0,0.0,CALL,NO_ROTATION,SLOW_DECAY,DECAY_BREAKDOWN,SHORT_STRADDLE,24014.45,81.3,NEUTRAL,Spot nearly flat -3.25
2026-07-28T09:47:00+05:30,NSE:NIFTY50-INDEX,THETA_DOMINANT,WAIT,WEAK_CALL_BIAS,40.0,40.0,15.0,PUT,NO_ROTATION,SLOW_DECAY,DECAY_BREAKDOWN,SHORT_STRADDLE,24009.05,80.2,NEUTRAL,Spot nearly flat -11.40
2026-07-28T09:48:00+05:30,NSE:NIFTY50-INDEX,THETA_DOMINANT,WAIT,WEAK_CALL_BIAS,40.0,40.0,15.0,CALL,NO_ROTATION,SLOW_DECAY,DECAY_BREAKDOWN,SHORT_STRADDLE,24011.3,79.6,WRONG,Spot -28.05
2026-07-28T09:49:00+05:30,NSE:NIFTY50-INDEX,THETA_DOMINANT,HOLD_FIRE,WEAK_CALL_BIAS,40.0,40.0,15.0,BALANCED,NO_ROTATION,SLOW_DECAY,DECAY_BREAKDOWN_UNCONFIRMED,SHORT_STRADDLE,24011.05,79.75,WRONG,Spot -36.40
2026-07-28T09:50:00+05:30,NSE:NIFTY50-INDEX,THETA_DOMINANT,WAIT,WEAK_CALL_BIAS,40.0,40.0,15.0,CALL,NO_ROTATION,SLOW_DECAY,DECAY_BREAKDOWN,SHORT_STRADDLE,24009.75,79.55,WRONG,Spot -36.00
2026-07-28T09:51:00+05:30,NSE:NIFTY50-INDEX,THETA_DOMINANT,WAIT,WEAK_CALL_BIAS,40.0,40.0,15.0,PUT,NO_ROTATION,SLOW_DECAY,DECAY_BREAKDOWN,SHORT_STRADDLE,24005.15,78.6,WRONG,Spot -34.85
2026-07-28T09:52:00+05:30,NSE:NIFTY50-INDEX,THETA_DOMINANT,WAIT,WEAK_CALL_BIAS,40.0,40.0,15.0,PUT,NO_ROTATION,SLOW_DECAY,DECAY_BREAKDOWN_UNCONFIRMED,SHORT_STRADDLE,24001.25,79.8,WRONG,Spot -24.25
2026-07-28T09:53:00+05:30,NSE:NIFTY50-INDEX,THETA_DOMINANT,WAIT,WEAK_CALL_BIAS,40.0,40.0,15.0,PUT,NO_ROTATION,SLOW_DECAY,DECAY_BREAKDOWN_UNCONFIRMED,SHORT_STRADDLE,23997.8,80.85,WRONG,Spot -34.35
2026-07-28T09:54:00+05:30,NSE:NIFTY50-INDEX,THETA_DOMINANT,WAIT,WEAK_CALL_BIAS,40.0,40.0,15.0,CALL,NO_ROTATION,SLOW_DECAY,DECAY_BREAKDOWN,SHORT_STRADDLE,24003.25,78.85,WRONG,Spot -33.10
2026-07-28T09:55:00+05:30,NSE:NIFTY50-INDEX,THETA_DOMINANT,WAIT,CALL_BIAS,70.0,70.0,0.0,CALL,NO_ROTATION,SLOW_DECAY,DECAY_BREAKDOWN,SHORT_STRADDLE,24011.75,78.35,WRONG,Spot -41.55
2026-07-28T09:56:00+05:30,NSE:NIFTY50-INDEX,THETA_DOMINANT,WAIT,CALL_BIAS,70.0,70.0,0.0,CALL,NO_ROTATION,SLOW_DECAY,DECAY_BREAKDOWN_UNCONFIRMED,SHORT_STRADDLE,24016.05,78.7,WRONG,Spot -49.60
2026-07-28T09:57:00+05:30,NSE:NIFTY50-INDEX,THETA_DOMINANT,WAIT,CALL_BIAS,70.0,70.0,0.0,PUT,NO_ROTATION,SLOW_DECAY,DECAY_BREAKDOWN,SHORT_STRADDLE,24013.45,77.4,WRONG,Spot -47.60
2026-07-28T09:58:00+05:30,NSE:NIFTY50-INDEX,THETA_DOMINANT,WAIT,CALL_BIAS,70.0,70.0,0.0,PUT,NO_ROTATION,SLOW_DECAY,DECAY_BREAKDOWN,SHORT_STRADDLE,24012.1,77.15,WRONG,Spot -37.35
2026-07-28T09:59:00+05:30,NSE:NIFTY50-INDEX,THETA_DOMINANT,WAIT,WEAK_CALL_BIAS,40.0,40.0,15.0,PUT,NO_ROTATION,SLOW_DECAY,DECAY_BREAKDOWN,SHORT_STRADDLE,24009.15,76.3,WRONG,Spot -23.70
2026-07-28T10:00:00+05:30,NSE:NIFTY50-INDEX,THETA_DOMINANT,WAIT,WEAK_CALL_BIAS,55.0,55.0,15.0,CALL,NO_ROTATION,SLOW_DECAY,DECAY_BREAKDOWN,SHORT_STRADDLE,24012.35,75.65,WRONG,Spot -27.10
2026-07-28T10:01:00+05:30,NSE:NIFTY50-INDEX,THETA_DOMINANT,WAIT,WEAK_CALL_BIAS,40.0,40.0,15.0,PUT,NO_ROTATION,SLOW_DECAY,DECAY_BREAKDOWN_UNCONFIRMED,SHORT_STRADDLE,24011.2,75.75,WRONG,Spot -17.50
2026-07-28T10:02:00+05:30,NSE:NIFTY50-INDEX,THETA_DOMINANT,WAIT,WEAK_CALL_BIAS,40.0,40.0,15.0,PUT,NO_ROTATION,SLOW_DECAY,DECAY_BREAKDOWN_UNCONFIRMED,SHORT_STRADDLE,23997.65,76.0,NEUTRAL,Spot nearly flat -2.70
2026-07-28T10:03:00+05:30,NSE:NIFTY50-INDEX,MIXED_PREMIUM_REGIME,WAIT,WEAK_CALL_BIAS,30.0,30.0,25.0,PUT,NO_ROTATION,PREMIUM_EXPANSION,DECAY_BREAKDOWN_UNCONFIRMED,SHORT_STRADDLE,23983.25,78.35,CORRECT,Spot +22.85
2026-07-28T10:04:00+05:30,NSE:NIFTY50-INDEX,MIXED_PREMIUM_REGIME,WAIT,WEAK_CALL_BIAS,30.0,30.0,25.0,CALL,DOWNWARD_ROTATION,SLOW_DECAY,DECAY_BREAKDOWN,SHORT_STRADDLE,23974.65,82.65,CORRECT,Spot +25.20
2026-07-28T10:05:00+05:30,NSE:NIFTY50-INDEX,MIXED_PREMIUM_REGIME,WAIT,WEAK_CALL_BIAS,30.0,30.0,25.0,PUT,DOWNWARD_ROTATION,SLOW_DECAY,DECAY_BREAKDOWN,SHORT_STRADDLE,23973.75,81.45,CORRECT,Spot +24.15
2026-07-28T10:06:00+05:30,NSE:NIFTY50-INDEX,MIXED_PREMIUM_REGIME,WAIT,WEAK_CALL_BIAS,30.0,30.0,25.0,PUT,DOWNWARD_ROTATION,SLOW_DECAY,DECAY_BREAKDOWN,SHORT_STRADDLE,23970.3,80.65,CORRECT,Spot +25.40
2026-07-28T10:07:00+05:30,NSE:NIFTY50-INDEX,MIXED_PREMIUM_REGIME,WAIT,WEAK_CALL_BIAS,30.0,30.0,25.0,CALL,DOWNWARD_ROTATION,SLOW_DECAY,DECAY_BREAKDOWN,SHORT_STRADDLE,23977.0,78.9,CORRECT,Spot +12.60
2026-07-28T10:08:00+05:30,NSE:NIFTY50-INDEX,MIXED_PREMIUM_REGIME,WAIT,WEAK_CALL_BIAS,30.0,30.0,25.0,PUT,AGGRESSIVE_DOWNWARD_ROTATION,SLOW_DECAY,DECAY_BREAKDOWN,SHORT_STRADDLE,23963.45,80.85,CORRECT,Spot +25.45
2026-07-28T10:09:00+05:30,NSE:NIFTY50-INDEX,MIXED_PREMIUM_REGIME,WAIT,WEAK_CALL_BIAS,30.0,30.0,25.0,CALL,AGGRESSIVE_DOWNWARD_ROTATION,SLOW_DECAY,DECAY_BREAKDOWN,SHORT_STRADDLE,23970.15,80.35,CORRECT,Spot +21.25
2026-07-28T10:10:00+05:30,NSE:NIFTY50-INDEX,MIXED_PREMIUM_REGIME,WAIT,WEAK_CALL_BIAS,30.0,30.0,25.0,PUT,AGGRESSIVE_DOWNWARD_ROTATION,SLOW_DECAY,DECAY_BREAKDOWN,SHORT_STRADDLE,23970.2,80.3,CORRECT,Spot +24.75
2026-07-28T10:11:00+05:30,NSE:NIFTY50-INDEX,MIXED_PREMIUM_REGIME,WAIT,WEAK_PUT_BIAS,45.0,15.0,45.0,PUT,AGGRESSIVE_DOWNWARD_ROTATION,SLOW_DECAY,DECAY_BREAKDOWN,SHORT_STRADDLE,23966.45,80.2,WRONG,Spot +32.05
2026-07-28T10:12:00+05:30,NSE:NIFTY50-INDEX,MIXED_PREMIUM_REGIME,WAIT,WEAK_PUT_BIAS,45.0,15.0,45.0,CALL,AGGRESSIVE_DOWNWARD_ROTATION,SLOW_DECAY,DECAY_BREAKDOWN,SHORT_STRADDLE,23965.85,79.7,WRONG,Spot +30.50
2026-07-28T10:13:00+05:30,NSE:NIFTY50-INDEX,MIXED_PREMIUM_REGIME,WAIT,WEAK_PUT_BIAS,45.0,15.0,45.0,CALL,AGGRESSIVE_DOWNWARD_ROTATION,SLOW_DECAY,DECAY_BREAKDOWN,SHORT_STRADDLE,23974.75,79.65,WRONG,Spot +19.95
2026-07-28T10:14:00+05:30,NSE:NIFTY50-INDEX,MIXED_PREMIUM_REGIME,WAIT,WEAK_CALL_BIAS,30.0,30.0,25.0,CALL,DOWNWARD_ROTATION,SLOW_DECAY,DECAY_BREAKDOWN,SHORT_STRADDLE,23985.45,77.8,CORRECT,Spot +5.60
2026-07-28T10:15:00+05:30,NSE:NIFTY50-INDEX,MIXED_PREMIUM_REGIME,WAIT,WEAK_CALL_BIAS,30.0,30.0,25.0,CALL,DOWNWARD_ROTATION,SLOW_DECAY,DECAY_BREAKDOWN,SHORT_STRADDLE,23985.25,76.6,CORRECT,Spot +1.35
2026-07-28T10:16:00+05:30,NSE:NIFTY50-INDEX,MIXED_PREMIUM_REGIME,WAIT,WEAK_CALL_BIAS,30.0,30.0,25.0,CALL,DOWNWARD_ROTATION,FAST_DECAY,DECAY_BREAKDOWN,SHORT_STRADDLE,23993.7,75.05,CORRECT,Spot +0.70
2026-07-28T10:17:00+05:30,NSE:NIFTY50-INDEX,MIXED_PREMIUM_REGIME,HOLD_FIRE,WEAK_CALL_BIAS,30.0,30.0,25.0,BALANCED,DOWNWARD_ROTATION,FAST_DECAY,DECAY_BREAKDOWN,SHORT_STRADDLE,23994.95,74.0,CORRECT,Spot +2.55
2026-07-28T10:18:00+05:30,NSE:NIFTY50-INDEX,MIXED_PREMIUM_REGIME,WAIT,WEAK_CALL_BIAS,40.0,40.0,15.0,CALL,DOWNWARD_ROTATION,FAST_DECAY,DECAY_BREAKDOWN_UNCONFIRMED,SHORT_STRADDLE,24006.1,75.05,NEUTRAL,Spot nearly flat -5.70
2026-07-28T10:19:00+05:30,NSE:NIFTY50-INDEX,MIXED_PREMIUM_REGIME,WAIT,WEAK_CALL_BIAS,40.0,40.0,15.0,PUT,DOWNWARD_ROTATION,FAST_DECAY,DECAY_BREAKDOWN,SHORT_STRADDLE,23999.85,73.95,CORRECT,Spot +4.30
2026-07-28T10:20:00+05:30,NSE:NIFTY50-INDEX,MIXED_PREMIUM_REGIME,WAIT,WEAK_CALL_BIAS,40.0,40.0,15.0,PUT,DOWNWARD_ROTATION,FAST_DECAY,DECAY_BREAKDOWN,SHORT_STRADDLE,23997.9,73.65,CORRECT,Spot +1.25
2026-07-28T10:21:00+05:30,NSE:NIFTY50-INDEX,MIXED_PREMIUM_REGIME,WAIT,WEAK_CALL_BIAS,30.0,30.0,25.0,PUT,DOWNWARD_ROTATION,FAST_DECAY,DECAY_BREAKDOWN_UNCONFIRMED,SHORT_STRADDLE,23995.7,73.85,CORRECT,Spot +3.75
2026-07-28T10:22:00+05:30,NSE:NIFTY50-INDEX,MIXED_PREMIUM_REGIME,WAIT,WEAK_CALL_BIAS,30.0,30.0,25.0,PUT,DOWNWARD_ROTATION,FAST_DECAY,DECAY_BREAKDOWN_UNCONFIRMED,SHORT_STRADDLE,23989.6,74.45,CORRECT,Spot +9.50
2026-07-28T10:23:00+05:30,NSE:NIFTY50-INDEX,MIXED_PREMIUM_REGIME,WAIT,WEAK_CALL_BIAS,30.0,30.0,25.0,CALL,DOWNWARD_ROTATION,FAST_DECAY,DECAY_BREAKDOWN,SHORT_STRADDLE,23988.9,74.3,CORRECT,Spot +15.50
2026-07-28T10:24:00+05:30,NSE:NIFTY50-INDEX,MIXED_PREMIUM_REGIME,WAIT,WEAK_CALL_BIAS,30.0,30.0,25.0,PUT,DOWNWARD_ROTATION,FAST_DECAY,DECAY_BREAKDOWN_UNCONFIRMED,SHORT_STRADDLE,23991.4,74.7,CORRECT,Spot +21.45
2026-07-28T10:25:00+05:30,NSE:NIFTY50-INDEX,MIXED_PREMIUM_REGIME,WAIT,WEAK_CALL_BIAS,30.0,30.0,25.0,CALL,DOWNWARD_ROTATION,FAST_DECAY,DECAY_BREAKDOWN,SHORT_STRADDLE,23994.95,73.6,CORRECT,Spot +12.55
2026-07-28T10:26:00+05:30,NSE:NIFTY50-INDEX,MIXED_PREMIUM_REGIME,WAIT,WEAK_CALL_BIAS,40.0,40.0,15.0,CALL,DOWNWARD_ROTATION,FAST_DECAY,DECAY_BREAKDOWN,SHORT_STRADDLE,23998.5,72.7,CORRECT,Spot +12.00
2026-07-28T10:27:00+05:30,NSE:NIFTY50-INDEX,MIXED_PREMIUM_REGIME,WAIT,WEAK_CALL_BIAS,40.0,40.0,15.0,PUT,DOWNWARD_ROTATION,FAST_DECAY,DECAY_BREAKDOWN_UNCONFIRMED,SHORT_STRADDLE,23996.35,73.6,CORRECT,Spot +14.55
2026-07-28T10:28:00+05:30,NSE:NIFTY50-INDEX,MIXED_PREMIUM_REGIME,WAIT,WEAK_CALL_BIAS,30.0,30.0,25.0,PUT,DOWNWARD_ROTATION,FAST_DECAY,DECAY_BREAKDOWN_UNCONFIRMED,SHORT_STRADDLE,23994.7,73.65,CORRECT,Spot +21.60
2026-07-28T10:29:00+05:30,NSE:NIFTY50-INDEX,MIXED_PREMIUM_REGIME,WAIT,WEAK_CALL_BIAS,30.0,30.0,25.0,PUT,DOWNWARD_ROTATION,FAST_DECAY,DECAY_BREAKDOWN,SHORT_STRADDLE,23991.05,73.5,CORRECT,Spot +31.10
2026-07-28T10:30:00+05:30,NSE:NIFTY50-INDEX,MIXED_PREMIUM_REGIME,WAIT,WEAK_CALL_BIAS,30.0,30.0,25.0,PUT,DOWNWARD_ROTATION,FAST_DECAY,DECAY_BREAKDOWN,SHORT_STRADDLE,23986.6,73.25,CORRECT,Spot +33.75
2026-07-28T10:31:00+05:30,NSE:NIFTY50-INDEX,MIXED_PREMIUM_REGIME,WAIT,WEAK_CALL_BIAS,30.0,30.0,25.0,CALL,DOWNWARD_ROTATION,FAST_DECAY,DECAY_BREAKDOWN,SHORT_STRADDLE,23994.4,72.25,CORRECT,Spot +33.15
2026-07-28T10:32:00+05:30,NSE:NIFTY50-INDEX,MIXED_PREMIUM_REGIME,WAIT,WEAK_CALL_BIAS,40.0,40.0,15.0,PUT,DOWNWARD_ROTATION,FAST_DECAY,DECAY_BREAKDOWN_UNCONFIRMED,SHORT_STRADDLE,23997.5,72.7,CORRECT,Spot +27.00
2026-07-28T10:33:00+05:30,NSE:NIFTY50-INDEX,MIXED_PREMIUM_REGIME,WAIT,WEAK_CALL_BIAS,40.0,40.0,15.0,CALL,DOWNWARD_ROTATION,FAST_DECAY,DECAY_BREAKDOWN_UNCONFIRMED,SHORT_STRADDLE,24000.4,72.7,CORRECT,Spot +23.40
2026-07-28T10:34:00+05:30,NSE:NIFTY50-INDEX,MIXED_PREMIUM_REGIME,WAIT,WEAK_CALL_BIAS,40.0,40.0,15.0,CALL,DOWNWARD_ROTATION,FAST_DECAY,DECAY_BREAKDOWN,SHORT_STRADDLE,24004.15,72.25,CORRECT,Spot +26.45
2026-07-28T10:35:00+05:30,NSE:NIFTY50-INDEX,MIXED_PREMIUM_REGIME,WAIT,WEAK_CALL_BIAS,40.0,40.0,15.0,PUT,DOWNWARD_ROTATION,FAST_DECAY,DECAY_BREAKDOWN,SHORT_STRADDLE,23999.15,72.15,CORRECT,Spot +31.15
2026-07-28T10:36:00+05:30,NSE:NIFTY50-INDEX,MIXED_PREMIUM_REGIME,WAIT,WEAK_CALL_BIAS,40.0,40.0,15.0,PUT,DOWNWARD_ROTATION,FAST_DECAY,DECAY_BREAKDOWN,SHORT_STRADDLE,23999.45,71.75,CORRECT,Spot +31.80
2026-07-28T10:37:00+05:30,NSE:NIFTY50-INDEX,MIXED_PREMIUM_REGIME,WAIT,WEAK_CALL_BIAS,40.0,40.0,15.0,CALL,DOWNWARD_ROTATION,FAST_DECAY,DECAY_BREAKDOWN_UNCONFIRMED,SHORT_STRADDLE,23999.1,71.9,CORRECT,Spot +34.90
2026-07-28T10:38:00+05:30,NSE:NIFTY50-INDEX,MIXED_PREMIUM_REGIME,WAIT,WEAK_CALL_BIAS,55.0,55.0,0.0,CALL,DOWNWARD_ROTATION,FAST_DECAY,DECAY_BREAKDOWN,SHORT_STRADDLE,24004.4,71.8,CORRECT,Spot +25.25
2026-07-28T10:39:00+05:30,NSE:NIFTY50-INDEX,MIXED_PREMIUM_REGIME,WAIT,CALL_BIAS,70.0,70.0,0.0,CALL,DOWNWARD_ROTATION,FAST_DECAY,DECAY_BREAKDOWN_UNCONFIRMED,SHORT_STRADDLE,24012.85,72.4,CORRECT,Spot +22.65
2026-07-28T10:40:00+05:30,NSE:NIFTY50-INDEX,MIXED_PREMIUM_REGIME,WAIT,WEAK_CALL_BIAS,55.0,55.0,0.0,PUT,DOWNWARD_ROTATION,FAST_DECAY,DECAY_BREAKDOWN,SHORT_STRADDLE,24007.5,71.8,CORRECT,Spot +28.65
2026-07-28T10:41:00+05:30,NSE:NIFTY50-INDEX,MIXED_PREMIUM_REGIME,WAIT,WEAK_CALL_BIAS,55.0,55.0,0.0,CALL,DOWNWARD_ROTATION,FAST_DECAY,DECAY_BREAKDOWN_UNCONFIRMED,SHORT_STRADDLE,24010.5,72.25,CORRECT,Spot +28.85
2026-07-28T10:42:00+05:30,NSE:NIFTY50-INDEX,MIXED_PREMIUM_REGIME,WAIT,WEAK_CALL_BIAS,55.0,55.0,0.0,PUT,DOWNWARD_ROTATION,FAST_DECAY,DECAY_BREAKDOWN_UNCONFIRMED,SHORT_STRADDLE,24010.9,72.3,CORRECT,Spot +23.65
2026-07-28T10:43:00+05:30,NSE:NIFTY50-INDEX,MIXED_PREMIUM_REGIME,WAIT,CALL_BIAS,70.0,70.0,0.0,CALL,DOWNWARD_ROTATION,FAST_DECAY,DECAY_BREAKDOWN_UNCONFIRMED,SHORT_STRADDLE,24016.3,73.6,CORRECT,Spot +17.55
2026-07-28T10:44:00+05:30,NSE:NIFTY50-INDEX,MIXED_PREMIUM_REGIME,WAIT,CALL_BIAS,70.0,70.0,0.0,CALL,DOWNWARD_ROTATION,FAST_DECAY,DECAY_BREAKDOWN_UNCONFIRMED,SHORT_STRADDLE,24022.15,73.7,CORRECT,Spot +14.15
2026-07-28T10:45:00+05:30,NSE:NIFTY50-INDEX,MIXED_PREMIUM_REGIME,WAIT,CALL_BIAS,70.0,70.0,0.0,PUT,DOWNWARD_ROTATION,FAST_DECAY,DECAY_BREAKDOWN,SHORT_STRADDLE,24020.35,73.15,CORRECT,Spot +16.15
2026-07-28T10:46:00+05:30,NSE:NIFTY50-INDEX,MIXED_PREMIUM_REGIME,WAIT,CALL_BIAS,70.0,70.0,0.0,CALL,AGGRESSIVE_UPWARD_ROTATION,FAST_DECAY,DECAY_BREAKDOWN,SHORT_STRADDLE,24027.55,74.65,CORRECT,Spot +2.75
2026-07-28T10:47:00+05:30,NSE:NIFTY50-INDEX,MIXED_PREMIUM_REGIME,WAIT,CALL_BIAS,70.0,70.0,0.0,PUT,DOWNWARD_ROTATION,FAST_DECAY,DECAY_BREAKDOWN,SHORT_STRADDLE,24024.5,72.75,NEUTRAL,Spot nearly flat -3.35
2026-07-28T10:48:00+05:30,NSE:NIFTY50-INDEX,MIXED_PREMIUM_REGIME,WAIT,CALL_BIAS,70.0,70.0,0.0,PUT,DOWNWARD_ROTATION,FAST_DECAY,DECAY_BREAKDOWN,SHORT_STRADDLE,24023.8,71.8,NEUTRAL,Spot nearly flat -1.10
2026-07-28T10:49:00+05:30,NSE:NIFTY50-INDEX,MIXED_PREMIUM_REGIME,WAIT,CALL_BIAS,70.0,70.0,0.0,CALL,AGGRESSIVE_UPWARD_ROTATION,FAST_DECAY,DECAY_BREAKDOWN,SHORT_STRADDLE,24030.6,73.75,NEUTRAL,Spot nearly flat -10.30
2026-07-28T10:50:00+05:30,NSE:NIFTY50-INDEX,MIXED_PREMIUM_REGIME,WAIT,CALL_BIAS,70.0,70.0,0.0,CALL,AGGRESSIVE_UPWARD_ROTATION,FAST_DECAY,DECAY_BREAKDOWN,SHORT_STRADDLE,24030.3,72.85,NEUTRAL,Spot nearly flat -7.50
2026-07-28T10:51:00+05:30,NSE:NIFTY50-INDEX,MIXED_PREMIUM_REGIME,WAIT,CALL_BIAS,70.0,70.0,0.0,PUT,AGGRESSIVE_UPWARD_ROTATION,FAST_DECAY,DECAY_BREAKDOWN,SHORT_STRADDLE,24031.25,72.8,NEUTRAL,Spot nearly flat -7.80
2026-07-28T10:52:00+05:30,NSE:NIFTY50-INDEX,MIXED_PREMIUM_REGIME,WAIT,CALL_BIAS,70.0,70.0,0.0,PUT,AGGRESSIVE_UPWARD_ROTATION,FAST_DECAY,DECAY_BREAKDOWN,SHORT_STRADDLE,24034.0,72.3,WRONG,Spot -15.35
2026-07-28T10:53:00+05:30,NSE:NIFTY50-INDEX,MIXED_PREMIUM_REGIME,WAIT,CALL_BIAS,70.0,70.0,0.0,PUT,AGGRESSIVE_UPWARD_ROTATION,FAST_DECAY,DECAY_BREAKDOWN_UNCONFIRMED,SHORT_STRADDLE,24029.65,73.0,NEUTRAL,Spot nearly flat -9.55
2026-07-28T10:54:00+05:30,NSE:NIFTY50-INDEX,MIXED_PREMIUM_REGIME,WAIT,CALL_BIAS,70.0,70.0,0.0,CALL,AGGRESSIVE_UPWARD_ROTATION,FAST_DECAY,DECAY_BREAKDOWN,SHORT_STRADDLE,24035.5,71.65,WRONG,Spot -14.50
2026-07-28T10:55:00+05:30,NSE:NIFTY50-INDEX,MIXED_PREMIUM_REGIME,WAIT,CALL_BIAS,70.0,70.0,0.0,PUT,AGGRESSIVE_UPWARD_ROTATION,FAST_DECAY,DECAY_BREAKDOWN,SHORT_STRADDLE,24036.15,71.55,WRONG,Spot -12.40
2026-07-28T10:56:00+05:30,NSE:NIFTY50-INDEX,MIXED_PREMIUM_REGIME,WAIT,CALL_BIAS,70.0,70.0,0.0,CALL,AGGRESSIVE_UPWARD_ROTATION,FAST_DECAY,DECAY_BREAKDOWN,SHORT_STRADDLE,24039.35,70.75,WRONG,Spot -21.30
2026-07-28T10:57:00+05:30,NSE:NIFTY50-INDEX,MIXED_PREMIUM_REGIME,WAIT,CALL_BIAS,70.0,70.0,0.0,PUT,AGGRESSIVE_UPWARD_ROTATION,FAST_DECAY,DECAY_BREAKDOWN_UNCONFIRMED,SHORT_STRADDLE,24034.55,70.95,WRONG,Spot -20.35
2026-07-28T10:58:00+05:30,NSE:NIFTY50-INDEX,MIXED_PREMIUM_REGIME,WAIT,CALL_BIAS,70.0,70.0,0.0,PUT,AGGRESSIVE_UPWARD_ROTATION,FAST_DECAY,DECAY_BREAKDOWN_UNCONFIRMED,SHORT_STRADDLE,24033.85,71.35,WRONG,Spot -22.25
2026-07-28T10:59:00+05:30,NSE:NIFTY50-INDEX,MIXED_PREMIUM_REGIME,WAIT,CALL_BIAS,70.0,70.0,0.0,CALL,AGGRESSIVE_UPWARD_ROTATION,FAST_DECAY,DECAY_BREAKDOWN,SHORT_STRADDLE,24036.3,71.0,WRONG,Spot -22.20
2026-07-28T11:00:00+05:30,NSE:NIFTY50-INDEX,MIXED_PREMIUM_REGIME,WAIT,CALL_BIAS,70.0,70.0,0.0,BALANCED,AGGRESSIVE_UPWARD_ROTATION,FAST_DECAY,DECAY_BREAKDOWN_UNCONFIRMED,SHORT_STRADDLE,24036.5,71.05,WRONG,Spot -21.30
2026-07-28T11:01:00+05:30,NSE:NIFTY50-INDEX,MIXED_PREMIUM_REGIME,WAIT,CALL_BIAS,70.0,70.0,0.0,PUT,AGGRESSIVE_UPWARD_ROTATION,FAST_DECAY,DECAY_BREAKDOWN,SHORT_STRADDLE,24030.3,70.95,NEUTRAL,Spot nearly flat -10.05
2026-07-28T11:02:00+05:30,NSE:NIFTY50-INDEX,MIXED_PREMIUM_REGIME,WAIT,CALL_BIAS,70.0,70.0,0.0,PUT,DOWNWARD_ROTATION,FAST_DECAY,DECAY_BREAKDOWN,SHORT_STRADDLE,24021.15,68.95,NEUTRAL,Spot nearly flat -1.20
2026-07-28T11:03:00+05:30,NSE:NIFTY50-INDEX,MIXED_PREMIUM_REGIME,WAIT,CALL_BIAS,70.0,70.0,0.0,CALL,DOWNWARD_ROTATION,FAST_DECAY,DECAY_BREAKDOWN_UNCONFIRMED,SHORT_STRADDLE,24022.7,69.55,CORRECT,Spot +5.10
2026-07-28T11:04:00+05:30,NSE:NIFTY50-INDEX,MIXED_PREMIUM_REGIME,WAIT,CALL_BIAS,70.0,70.0,0.0,PUT,DOWNWARD_ROTATION,FAST_DECAY,DECAY_BREAKDOWN_UNCONFIRMED,SHORT_STRADDLE,24020.3,70.3,CORRECT,Spot +7.65
2026-07-28T11:05:00+05:30,NSE:NIFTY50-INDEX,MIXED_PREMIUM_REGIME,WAIT,CALL_BIAS,70.0,70.0,0.0,CALL,DOWNWARD_ROTATION,FAST_DECAY,DECAY_BREAKDOWN,SHORT_STRADDLE,24022.8,69.9,CORRECT,Spot +3.05
2026-07-28T11:06:00+05:30,NSE:NIFTY50-INDEX,MIXED_PREMIUM_REGIME,WAIT,CALL_BIAS,70.0,70.0,0.0,PUT,DOWNWARD_ROTATION,FAST_DECAY,DECAY_BREAKDOWN,SHORT_STRADDLE,24023.45,69.55,NEUTRAL,Spot nearly flat -5.45
2026-07-28T11:07:00+05:30,NSE:NIFTY50-INDEX,MIXED_PREMIUM_REGIME,WAIT,CALL_BIAS,70.0,70.0,0.0,PUT,DOWNWARD_ROTATION,FAST_DECAY,DECAY_BREAKDOWN,SHORT_STRADDLE,24018.65,68.5,CORRECT,Spot +0.45
2026-07-28T11:08:00+05:30,NSE:NIFTY50-INDEX,MIXED_PREMIUM_REGIME,WAIT,CALL_BIAS,70.0,70.0,0.0,CALL,DOWNWARD_ROTATION,FAST_DECAY,DECAY_BREAKDOWN_UNCONFIRMED,SHORT_STRADDLE,24020.1,69.65,NEUTRAL,Spot nearly flat -3.00
2026-07-28T11:09:00+05:30,NSE:NIFTY50-INDEX,MIXED_PREMIUM_REGIME,WAIT,CALL_BIAS,70.0,70.0,0.0,PUT,DOWNWARD_ROTATION,FAST_DECAY,DECAY_BREAKDOWN,SHORT_STRADDLE,24021.0,68.6,NEUTRAL,Spot nearly flat -5.05
2026-07-28T11:10:00+05:30,NSE:NIFTY50-INDEX,MIXED_PREMIUM_REGIME,WAIT,CALL_BIAS,70.0,70.0,0.0,CALL,DOWNWARD_ROTATION,FAST_DECAY,DECAY_BREAKDOWN_UNCONFIRMED,SHORT_STRADDLE,24023.75,70.05,NEUTRAL,Spot nearly flat -9.05
2026-07-28T11:11:00+05:30,NSE:NIFTY50-INDEX,MIXED_PREMIUM_REGIME,WAIT,CALL_BIAS,70.0,70.0,0.0,PUT,DOWNWARD_ROTATION,FAST_DECAY,DECAY_BREAKDOWN,SHORT_STRADDLE,24018.05,67.95,NEUTRAL,Spot nearly flat -6.00
2026-07-28T11:12:00+05:30,NSE:NIFTY50-INDEX,MIXED_PREMIUM_REGIME,WAIT,CALL_BIAS,70.0,70.0,0.0,PUT,DOWNWARD_ROTATION,FAST_DECAY,DECAY_BREAKDOWN,SHORT_STRADDLE,24014.2,67.1,CORRECT,Spot +1.30
2026-07-28T11:13:00+05:30,NSE:NIFTY50-INDEX,MIXED_PREMIUM_REGIME,WAIT,WEAK_CALL_BIAS,55.0,55.0,0.0,BALANCED,DOWNWARD_ROTATION,FAST_DECAY,DECAY_BREAKDOWN,SHORT_STRADDLE,24011.6,66.75,CORRECT,Spot +8.30
2026-07-28T11:14:00+05:30,NSE:NIFTY50-INDEX,MIXED_PREMIUM_REGIME,WAIT,CALL_BIAS,70.0,70.0,0.0,PUT,DOWNWARD_ROTATION,FAST_DECAY,DECAY_BREAKDOWN,SHORT_STRADDLE,24014.1,65.7,CORRECT,Spot +3.70
2026-07-28T11:15:00+05:30,NSE:NIFTY50-INDEX,MIXED_PREMIUM_REGIME,WAIT,CALL_BIAS,70.0,70.0,0.0,CALL,DOWNWARD_ROTATION,FAST_DECAY,DECAY_BREAKDOWN_UNCONFIRMED,SHORT_STRADDLE,24015.2,65.85,NEUTRAL,Spot nearly flat -1.30
2026-07-28T11:16:00+05:30,NSE:NIFTY50-INDEX,MIXED_PREMIUM_REGIME,WAIT,CALL_BIAS,70.0,70.0,0.0,CALL,DOWNWARD_ROTATION,FAST_DECAY,DECAY_BREAKDOWN_UNCONFIRMED,SHORT_STRADDLE,24020.25,66.5,NEUTRAL,Spot nearly flat -8.40
2026-07-28T11:17:00+05:30,NSE:NIFTY50-INDEX,MIXED_PREMIUM_REGIME,WAIT,CALL_BIAS,70.0,70.0,0.0,PUT,DOWNWARD_ROTATION,FAST_DECAY,DECAY_BREAKDOWN_UNCONFIRMED,SHORT_STRADDLE,24019.95,66.55,NEUTRAL,Spot nearly flat -10.55
2026-07-28T11:18:00+05:30,NSE:NIFTY50-INDEX,MIXED_PREMIUM_REGIME,WAIT,CALL_BIAS,70.0,70.0,0.0,CALL,AGGRESSIVE_UPWARD_ROTATION,FAST_DECAY,DECAY_BREAKDOWN,SHORT_STRADDLE,24027.8,66.1,WRONG,Spot -20.00
2026-07-28T11:19:00+05:30,NSE:NIFTY50-INDEX,MIXED_PREMIUM_REGIME,WAIT,CALL_BIAS,70.0,70.0,0.0,PUT,AGGRESSIVE_UPWARD_ROTATION,FAST_DECAY,DECAY_BREAKDOWN,SHORT_STRADDLE,24027.95,65.8,WRONG,Spot -24.15
2026-07-28T11:20:00+05:30,NSE:NIFTY50-INDEX,MIXED_PREMIUM_REGIME,WAIT,CALL_BIAS,70.0,70.0,0.0,PUT,AGGRESSIVE_UPWARD_ROTATION,FAST_DECAY,DECAY_BREAKDOWN_UNCONFIRMED,SHORT_STRADDLE,24025.85,66.85,WRONG,Spot -24.50
2026-07-28T11:21:00+05:30,NSE:NIFTY50-INDEX,MIXED_PREMIUM_REGIME,WAIT,CALL_BIAS,70.0,70.0,0.0,PUT,DOWNWARD_ROTATION,FAST_DECAY,DECAY_BREAKDOWN,SHORT_STRADDLE,24018.0,65.15,WRONG,Spot -15.30
2026-07-28T11:22:00+05:30,NSE:NIFTY50-INDEX,MIXED_PREMIUM_REGIME,WAIT,CALL_BIAS,70.0,70.0,0.0,CALL,DOWNWARD_ROTATION,FAST_DECAY,DECAY_BREAKDOWN_UNCONFIRMED,SHORT_STRADDLE,24019.1,65.25,WRONG,Spot -18.50
2026-07-28T11:23:00+05:30,NSE:NIFTY50-INDEX,MIXED_PREMIUM_REGIME,WAIT,CALL_BIAS,70.0,70.0,0.0,PUT,DOWNWARD_ROTATION,FAST_DECAY,DECAY_BREAKDOWN,SHORT_STRADDLE,24017.1,65.0,WRONG,Spot -13.05
2026-07-28T11:24:00+05:30,NSE:NIFTY50-INDEX,MIXED_PREMIUM_REGIME,WAIT,CALL_BIAS,70.0,70.0,0.0,PUT,DOWNWARD_ROTATION,FAST_DECAY,DECAY_BREAKDOWN,SHORT_STRADDLE,24015.95,64.25,NEUTRAL,Spot nearly flat -9.35
2026-07-28T11:25:00+05:30,NSE:NIFTY50-INDEX,MIXED_PREMIUM_REGIME,WAIT,CALL_BIAS,70.0,70.0,0.0,BALANCED,DOWNWARD_ROTATION,FAST_DECAY,DECAY_BREAKDOWN,SHORT_STRADDLE,24014.7,63.95,NEUTRAL,Spot nearly flat -4.35
2026-07-28T11:26:00+05:30,NSE:NIFTY50-INDEX,MIXED_PREMIUM_REGIME,WAIT,CALL_BIAS,70.0,70.0,0.0,PUT,DOWNWARD_ROTATION,FAST_DECAY,DECAY_BREAKDOWN,SHORT_STRADDLE,24012.05,63.35,NEUTRAL,Spot nearly flat -0.90
2026-07-28T11:27:00+05:30,NSE:NIFTY50-INDEX,MIXED_PREMIUM_REGIME,WAIT,CALL_BIAS,70.0,70.0,0.0,CALL,DOWNWARD_ROTATION,FAST_DECAY,DECAY_BREAKDOWN_UNCONFIRMED,SHORT_STRADDLE,24015.5,63.45,NEUTRAL,Spot nearly flat -0.80
2026-07-28T11:28:00+05:30,NSE:NIFTY50-INDEX,MIXED_PREMIUM_REGIME,WAIT,CALL_BIAS,70.0,70.0,0.0,CALL,DOWNWARD_ROTATION,FAST_DECAY,DECAY_BREAKDOWN_UNCONFIRMED,SHORT_STRADDLE,24019.9,64.15,NEUTRAL,Spot nearly flat -2.30
2026-07-28T11:29:00+05:30,NSE:NIFTY50-INDEX,MIXED_PREMIUM_REGIME,WAIT,CALL_BIAS,70.0,70.0,0.0,PUT,DOWNWARD_ROTATION,FAST_DECAY,DECAY_BREAKDOWN,SHORT_STRADDLE,24017.8,64.0,CORRECT,Spot +4.20
2026-07-28T11:30:00+05:30,NSE:NIFTY50-INDEX,MIXED_PREMIUM_REGIME,WAIT,CALL_BIAS,70.0,70.0,0.0,PUT,DOWNWARD_ROTATION,FAST_DECAY,DECAY_BREAKDOWN,SHORT_STRADDLE,24013.9,63.35,CORRECT,Spot +6.65
2026-07-28T11:31:00+05:30,NSE:NIFTY50-INDEX,MIXED_PREMIUM_REGIME,WAIT,CALL_BIAS,70.0,70.0,0.0,BALANCED,DOWNWARD_ROTATION,FAST_DECAY,DECAY_BREAKDOWN,SHORT_STRADDLE,24011.85,63.3,CORRECT,Spot +9.15
2026-07-28T11:32:00+05:30,NSE:NIFTY50-INDEX,MIXED_PREMIUM_REGIME,WAIT,WEAK_CALL_BIAS,55.0,55.0,0.0,PUT,DOWNWARD_ROTATION,FAST_DECAY,DECAY_BREAKDOWN,SHORT_STRADDLE,24009.4,62.6,CORRECT,Spot +12.50
2026-07-28T11:33:00+05:30,NSE:NIFTY50-INDEX,MIXED_PREMIUM_REGIME,WAIT,WEAK_CALL_BIAS,40.0,40.0,15.0,PUT,DOWNWARD_ROTATION,FAST_DECAY,DECAY_BREAKDOWN,SHORT_STRADDLE,24007.8,61.9,CORRECT,Spot +22.60
2026-07-28T11:34:00+05:30,NSE:NIFTY50-INDEX,MIXED_PREMIUM_REGIME,WAIT,WEAK_CALL_BIAS,40.0,40.0,15.0,PUT,DOWNWARD_ROTATION,FAST_DECAY,DECAY_BREAKDOWN,SHORT_STRADDLE,24003.8,61.3,CORRECT,Spot +29.60
2026-07-28T11:35:00+05:30,NSE:NIFTY50-INDEX,MIXED_PREMIUM_REGIME,HOLD_FIRE,WEAK_CALL_BIAS,40.0,40.0,15.0,BALANCED,DOWNWARD_ROTATION,FAST_DECAY,DECAY_BREAKDOWN,SHORT_STRADDLE,24001.35,60.55,CORRECT,Spot +29.20
2026-07-28T11:36:00+05:30,NSE:NIFTY50-INDEX,MIXED_PREMIUM_REGIME,WAIT,WEAK_CALL_BIAS,40.0,40.0,15.0,CALL,DOWNWARD_ROTATION,FAST_DECAY,DECAY_BREAKDOWN_UNCONFIRMED,SHORT_STRADDLE,24002.7,61.5,CORRECT,Spot +21.40
2026-07-28T11:37:00+05:30,NSE:NIFTY50-INDEX,MIXED_PREMIUM_REGIME,WAIT,WEAK_CALL_BIAS,40.0,40.0,15.0,PUT,DOWNWARD_ROTATION,FAST_DECAY,DECAY_BREAKDOWN,SHORT_STRADDLE,24000.6,61.45,CORRECT,Spot +23.15
2026-07-28T11:38:00+05:30,NSE:NIFTY50-INDEX,MIXED_PREMIUM_REGIME,WAIT,WEAK_CALL_BIAS,40.0,40.0,15.0,CALL,DOWNWARD_ROTATION,FAST_DECAY,DECAY_BREAKDOWN,SHORT_STRADDLE,24004.05,60.95,CORRECT,Spot +12.25
2026-07-28T11:39:00+05:30,NSE:NIFTY50-INDEX,MIXED_PREMIUM_REGIME,WAIT,WEAK_CALL_BIAS,40.0,40.0,15.0,CALL,DOWNWARD_ROTATION,FAST_DECAY,DECAY_BREAKDOWN,SHORT_STRADDLE,24006.6,60.15,CORRECT,Spot +6.40
2026-07-28T11:40:00+05:30,NSE:NIFTY50-INDEX,MIXED_PREMIUM_REGIME,WAIT,WEAK_CALL_BIAS,40.0,40.0,15.0,CALL,DOWNWARD_ROTATION,FAST_DECAY,DECAY_BREAKDOWN_UNCONFIRMED,SHORT_STRADDLE,24010.35,60.2,CORRECT,Spot +3.75
2026-07-28T11:41:00+05:30,NSE:NIFTY50-INDEX,MIXED_PREMIUM_REGIME,WAIT,WEAK_CALL_BIAS,55.0,55.0,0.0,CALL,DOWNWARD_ROTATION,FAST_DECAY,DECAY_BREAKDOWN,SHORT_STRADDLE,24011.15,60.15,CORRECT,Spot +0.25
2026-07-28T11:42:00+05:30,NSE:NIFTY50-INDEX,MIXED_PREMIUM_REGIME,WAIT,CALL_BIAS,70.0,70.0,0.0,CALL,DOWNWARD_ROTATION,FAST_DECAY,DECAY_BREAKDOWN_UNCONFIRMED,SHORT_STRADDLE,24014.7,60.45,NEUTRAL,Spot nearly flat -7.55
2026-07-28T11:43:00+05:30,NSE:NIFTY50-INDEX,MIXED_PREMIUM_REGIME,WAIT,CALL_BIAS,70.0,70.0,0.0,CALL,DOWNWARD_ROTATION,FAST_DECAY,DECAY_BREAKDOWN_UNCONFIRMED,SHORT_STRADDLE,24017.6,61.3,NEUTRAL,Spot nearly flat -10.95
2026-07-28T11:44:00+05:30,NSE:NIFTY50-INDEX,ROTATION_WITH_EXPANSION,WAIT,CALL_BIAS,70.0,70.0,0.0,CALL,DOWNWARD_ROTATION,PREMIUM_EXPANSION,DECAY_BREAKDOWN_UNCONFIRMED,SHORT_STRADDLE,24022.0,63.45,NEUTRAL,Spot nearly flat -8.65
2026-07-28T11:45:00+05:30,NSE:NIFTY50-INDEX,MIXED_PREMIUM_REGIME,WAIT,CALL_BIAS,70.0,70.0,0.0,PUT,DOWNWARD_ROTATION,FAST_DECAY,DECAY_BREAKDOWN,SHORT_STRADDLE,24020.55,62.7,NEUTRAL,Spot nearly flat -9.50
2026-07-28T11:46:00+05:30,NSE:NIFTY50-INDEX,MIXED_PREMIUM_REGIME,WAIT,CALL_BIAS,70.0,70.0,0.0,PUT,DOWNWARD_ROTATION,FAST_DECAY,DECAY_BREAKDOWN_UNCONFIRMED,SHORT_STRADDLE,24021.0,63.45,NEUTRAL,Spot nearly flat -10.75
2026-07-28T11:47:00+05:30,NSE:NIFTY50-INDEX,MIXED_PREMIUM_REGIME,WAIT,CALL_BIAS,70.0,70.0,0.0,CALL,DOWNWARD_ROTATION,FAST_DECAY,DECAY_BREAKDOWN_UNCONFIRMED,SHORT_STRADDLE,24021.9,64.35,WRONG,Spot -14.65
2026-07-28T11:48:00+05:30,NSE:NIFTY50-INDEX,MIXED_PREMIUM_REGIME,WAIT,CALL_BIAS,70.0,70.0,0.0,CALL,AGGRESSIVE_UPWARD_ROTATION,FAST_DECAY,DECAY_BREAKDOWN,SHORT_STRADDLE,24030.4,62.7,WRONG,Spot -23.35
2026-07-28T11:49:00+05:30,NSE:NIFTY50-INDEX,MIXED_PREMIUM_REGIME,WAIT,CALL_BIAS,70.0,70.0,0.0,CALL,AGGRESSIVE_UPWARD_ROTATION,FAST_DECAY,DECAY_BREAKDOWN,SHORT_STRADDLE,24033.4,62.35,WRONG,Spot -25.80
2026-07-28T11:50:00+05:30,NSE:NIFTY50-INDEX,MIXED_PREMIUM_REGIME,WAIT,CALL_BIAS,70.0,70.0,0.0,PUT,AGGRESSIVE_UPWARD_ROTATION,FAST_DECAY,DECAY_BREAKDOWN,SHORT_STRADDLE,24030.55,62.25,WRONG,Spot -21.90
2026-07-28T11:51:00+05:30,NSE:NIFTY50-INDEX,MIXED_PREMIUM_REGIME,WAIT,CALL_BIAS,70.0,70.0,0.0,PUT,DOWNWARD_ROTATION,FAST_DECAY,DECAY_BREAKDOWN,SHORT_STRADDLE,24024.1,63.8,NEUTRAL,Spot nearly flat -9.40
2026-07-28T11:52:00+05:30,NSE:NIFTY50-INDEX,MIXED_PREMIUM_REGIME,WAIT,CALL_BIAS,70.0,70.0,0.0,PUT,DOWNWARD_ROTATION,FAST_DECAY,DECAY_BREAKDOWN,SHORT_STRADDLE,24023.75,62.0,NEUTRAL,Spot nearly flat -8.45
2026-07-28T11:53:00+05:30,NSE:NIFTY50-INDEX,MIXED_PREMIUM_REGIME,WAIT,CALL_BIAS,70.0,70.0,0.0,PUT,DOWNWARD_ROTATION,FAST_DECAY,DECAY_BREAKDOWN,SHORT_STRADDLE,24016.3,60.25,CORRECT,Spot +0.95
2026-07-28T11:54:00+05:30,NSE:NIFTY50-INDEX,MIXED_PREMIUM_REGIME,WAIT,CALL_BIAS,70.0,70.0,0.0,PUT,DOWNWARD_ROTATION,FAST_DECAY,DECAY_BREAKDOWN,SHORT_STRADDLE,24013.0,58.85,CORRECT,Spot +6.40
2026-07-28T11:55:00+05:30,NSE:NIFTY50-INDEX,MIXED_PREMIUM_REGIME,WAIT,CALL_BIAS,70.0,70.0,0.0,CALL,DOWNWARD_ROTATION,FAST_DECAY,DECAY_BREAKDOWN_UNCONFIRMED,SHORT_STRADDLE,24014.1,59.55,CORRECT,Spot +6.45
2026-07-28T11:56:00+05:30,NSE:NIFTY50-INDEX,MIXED_PREMIUM_REGIME,WAIT,WEAK_CALL_BIAS,55.0,55.0,0.0,PUT,DOWNWARD_ROTATION,FAST_DECAY,DECAY_BREAKDOWN,SHORT_STRADDLE,24011.4,58.4,CORRECT,Spot +11.10
2026-07-28T11:57:00+05:30,NSE:NIFTY50-INDEX,MIXED_PREMIUM_REGIME,WAIT,WEAK_CALL_BIAS,55.0,55.0,0.0,CALL,DOWNWARD_ROTATION,FAST_DECAY,DECAY_BREAKDOWN_UNCONFIRMED,SHORT_STRADDLE,24007.15,58.55,CORRECT,Spot +14.40
2026-07-28T11:58:00+05:30,NSE:NIFTY50-INDEX,MIXED_PREMIUM_REGIME,WAIT,WEAK_CALL_BIAS,40.0,40.0,15.0,PUT,DOWNWARD_ROTATION,FAST_DECAY,DECAY_BREAKDOWN,SHORT_STRADDLE,24006.65,58.3,CORRECT,Spot +18.15
2026-07-28T11:59:00+05:30,NSE:NIFTY50-INDEX,MIXED_PREMIUM_REGIME,WAIT,WEAK_CALL_BIAS,55.0,55.0,15.0,CALL,DOWNWARD_ROTATION,FAST_DECAY,DECAY_BREAKDOWN,SHORT_STRADDLE,24013.35,58.05,CORRECT,Spot +11.65
2026-07-28T12:00:00+05:30,NSE:NIFTY50-INDEX,MIXED_PREMIUM_REGIME,WAIT,WEAK_CALL_BIAS,55.0,55.0,0.0,PUT,DOWNWARD_ROTATION,FAST_DECAY,DECAY_BREAKDOWN,SHORT_STRADDLE,24011.05,57.3,CORRECT,Spot +15.45
2026-07-28T12:01:00+05:30,NSE:NIFTY50-INDEX,MIXED_PREMIUM_REGIME,WAIT,WEAK_CALL_BIAS,55.0,55.0,0.0,PUT,DOWNWARD_ROTATION,FAST_DECAY,DECAY_BREAKDOWN_UNCONFIRMED,SHORT_STRADDLE,24010.25,57.55,CORRECT,Spot +15.20
2026-07-28T12:02:00+05:30,NSE:NIFTY50-INDEX,MIXED_PREMIUM_REGIME,WAIT,WEAK_CALL_BIAS,55.0,55.0,0.0,PUT,DOWNWARD_ROTATION,FAST_DECAY,DECAY_BREAKDOWN_UNCONFIRMED,SHORT_STRADDLE,24007.25,57.75,CORRECT,Spot +16.40
2026-07-28T12:03:00+05:30,NSE:NIFTY50-INDEX,MIXED_PREMIUM_REGIME,WAIT,WEAK_CALL_BIAS,40.0,40.0,15.0,PUT,DOWNWARD_ROTATION,FAST_DECAY,DECAY_BREAKDOWN_UNCONFIRMED,SHORT_STRADDLE,24007.05,57.85,CORRECT,Spot +13.20
2026-07-28T12:04:00+05:30,NSE:NIFTY50-INDEX,MIXED_PREMIUM_REGIME,WAIT,WEAK_CALL_BIAS,40.0,40.0,15.0,CALL,DOWNWARD_ROTATION,FAST_DECAY,DECAY_BREAKDOWN,SHORT_STRADDLE,24007.6,57.65,CORRECT,Spot +9.15
2026-07-28T12:05:00+05:30,NSE:NIFTY50-INDEX,MIXED_PREMIUM_REGIME,WAIT,WEAK_CALL_BIAS,40.0,40.0,15.0,CALL,DOWNWARD_ROTATION,FAST_DECAY,DECAY_BREAKDOWN,SHORT_STRADDLE,24008.65,57.6,CORRECT,Spot +9.60
2026-07-28T12:06:00+05:30,NSE:NIFTY50-INDEX,MIXED_PREMIUM_REGIME,WAIT,WEAK_CALL_BIAS,55.0,55.0,15.0,CALL,DOWNWARD_ROTATION,FAST_DECAY,DECAY_BREAKDOWN_UNCONFIRMED,SHORT_STRADDLE,24014.7,58.25,NEUTRAL,Spot nearly flat -1.20
2026-07-28T12:07:00+05:30,NSE:NIFTY50-INDEX,MIXED_PREMIUM_REGIME,WAIT,CALL_BIAS,70.0,70.0,0.0,BALANCED,DOWNWARD_ROTATION,FAST_DECAY,DECAY_BREAKDOWN,SHORT_STRADDLE,24015.3,57.7,NEUTRAL,Spot nearly flat -1.50
2026-07-28T12:08:00+05:30,NSE:NIFTY50-INDEX,MIXED_PREMIUM_REGIME,WAIT,CALL_BIAS,70.0,70.0,0.0,CALL,DOWNWARD_ROTATION,FAST_DECAY,DECAY_BREAKDOWN_UNCONFIRMED,SHORT_STRADDLE,24017.25,58.85,NEUTRAL,Spot nearly flat -0.95
2026-07-28T12:09:00+05:30,NSE:NIFTY50-INDEX,MIXED_PREMIUM_REGIME,WAIT,CALL_BIAS,70.0,70.0,0.0,CALL,DOWNWARD_ROTATION,FAST_DECAY,DECAY_BREAKDOWN_UNCONFIRMED,SHORT_STRADDLE,24019.4,59.75,NEUTRAL,Spot nearly flat -2.85
2026-07-28T12:10:00+05:30,NSE:NIFTY50-INDEX,MIXED_PREMIUM_REGIME,WAIT,CALL_BIAS,70.0,70.0,0.0,PUT,DOWNWARD_ROTATION,FAST_DECAY,DECAY_BREAKDOWN,SHORT_STRADDLE,24020.55,58.9,NEUTRAL,Spot nearly flat -2.85
2026-07-28T12:11:00+05:30,NSE:NIFTY50-INDEX,MIXED_PREMIUM_REGIME,WAIT,CALL_BIAS,70.0,70.0,0.0,CALL,DOWNWARD_ROTATION,FAST_DECAY,DECAY_BREAKDOWN_UNCONFIRMED,SHORT_STRADDLE,24022.5,60.3,NEUTRAL,Spot nearly flat -9.00
2026-07-28T12:12:00+05:30,NSE:NIFTY50-INDEX,MIXED_PREMIUM_REGIME,WAIT,CALL_BIAS,70.0,70.0,0.0,PUT,DOWNWARD_ROTATION,FAST_DECAY,DECAY_BREAKDOWN,SHORT_STRADDLE,24021.55,59.45,NEUTRAL,Spot nearly flat -6.10
2026-07-28T12:13:00+05:30,NSE:NIFTY50-INDEX,MIXED_PREMIUM_REGIME,WAIT,CALL_BIAS,70.0,70.0,0.0,CALL,DOWNWARD_ROTATION,FAST_DECAY,DECAY_BREAKDOWN_UNCONFIRMED,SHORT_STRADDLE,24024.8,60.85,NEUTRAL,Spot nearly flat -3.05
2026-07-28T12:14:00+05:30,NSE:NIFTY50-INDEX,MIXED_PREMIUM_REGIME,WAIT,CALL_BIAS,70.0,70.0,0.0,PUT,AGGRESSIVE_UPWARD_ROTATION,FAST_DECAY,DECAY_BREAKDOWN_UNCONFIRMED,SHORT_STRADDLE,24025.0,60.0,CORRECT,Spot +2.25
2026-07-28T12:15:00+05:30,NSE:NIFTY50-INDEX,MIXED_PREMIUM_REGIME,WAIT,CALL_BIAS,70.0,70.0,0.0,CALL,AGGRESSIVE_UPWARD_ROTATION,FAST_DECAY,DECAY_BREAKDOWN,SHORT_STRADDLE,24026.5,59.35,NEUTRAL,Spot nearly flat -2.80
2026-07-28T12:16:00+05:30,NSE:NIFTY50-INDEX,MIXED_PREMIUM_REGIME,WAIT,CALL_BIAS,70.0,70.0,0.0,PUT,AGGRESSIVE_UPWARD_ROTATION,FAST_DECAY,DECAY_BREAKDOWN,SHORT_STRADDLE,24025.45,59.35,NEUTRAL,Spot nearly flat -1.05
2026-07-28T12:17:00+05:30,NSE:NIFTY50-INDEX,MIXED_PREMIUM_REGIME,WAIT,CALL_BIAS,70.0,70.0,0.0,PUT,DOWNWARD_ROTATION,FAST_DECAY,DECAY_BREAKDOWN,SHORT_STRADDLE,24023.65,60.4,CORRECT,Spot +2.60
2026-07-28T12:18:00+05:30,NSE:NIFTY50-INDEX,MIXED_PREMIUM_REGIME,WAIT,CALL_BIAS,70.0,70.0,0.0,PUT,DOWNWARD_ROTATION,FAST_DECAY,DECAY_BREAKDOWN,SHORT_STRADDLE,24020.25,57.65,CORRECT,Spot +4.15
2026-07-28T12:19:00+05:30,NSE:NIFTY50-INDEX,MIXED_PREMIUM_REGIME,WAIT,CALL_BIAS,70.0,70.0,0.0,PUT,DOWNWARD_ROTATION,FAST_DECAY,DECAY_BREAKDOWN,SHORT_STRADDLE,24016.75,57.3,CORRECT,Spot +4.70
2026-07-28T12:20:00+05:30,NSE:NIFTY50-INDEX,MIXED_PREMIUM_REGIME,WAIT,CALL_BIAS,70.0,70.0,0.0,CALL,DOWNWARD_ROTATION,FAST_DECAY,DECAY_BREAKDOWN_UNCONFIRMED,SHORT_STRADDLE,24018.25,57.75,NEUTRAL,Spot nearly flat -0.70
2026-07-28T12:21:00+05:30,NSE:NIFTY50-INDEX,MIXED_PREMIUM_REGIME,WAIT,CALL_BIAS,70.0,70.0,0.0,PUT,DOWNWARD_ROTATION,FAST_DECAY,DECAY_BREAKDOWN,SHORT_STRADDLE,24013.5,56.05,NEUTRAL,Spot nearly flat -0.90
2026-07-28T12:22:00+05:30,NSE:NIFTY50-INDEX,MIXED_PREMIUM_REGIME,WAIT,CALL_BIAS,70.0,70.0,0.0,CALL,DOWNWARD_ROTATION,FAST_DECAY,DECAY_BREAKDOWN,SHORT_STRADDLE,24013.8,55.5,NEUTRAL,Spot nearly flat -3.05
2026-07-28T12:23:00+05:30,NSE:NIFTY50-INDEX,MIXED_PREMIUM_REGIME,WAIT,CALL_BIAS,70.0,70.0,0.0,CALL,DOWNWARD_ROTATION,FAST_DECAY,DECAY_BREAKDOWN_UNCONFIRMED,SHORT_STRADDLE,24016.3,56.65,NEUTRAL,Spot nearly flat -1.70
2026-07-28T12:24:00+05:30,NSE:NIFTY50-INDEX,MIXED_PREMIUM_REGIME,WAIT,CALL_BIAS,70.0,70.0,0.0,BALANCED,DOWNWARD_ROTATION,FAST_DECAY,DECAY_BREAKDOWN,SHORT_STRADDLE,24016.55,56.45,CORRECT,Spot +3.40
2026-07-28T12:25:00+05:30,NSE:NIFTY50-INDEX,MIXED_PREMIUM_REGIME,WAIT,CALL_BIAS,70.0,70.0,0.0,CALL,DOWNWARD_ROTATION,FAST_DECAY,DECAY_BREAKDOWN_UNCONFIRMED,SHORT_STRADDLE,24017.7,57.8,CORRECT,Spot +0.05
2026-07-28T12:26:00+05:30,NSE:NIFTY50-INDEX,MIXED_PREMIUM_REGIME,WAIT,CALL_BIAS,70.0,70.0,0.0,PUT,DOWNWARD_ROTATION,FAST_DECAY,DECAY_BREAKDOWN,SHORT_STRADDLE,24013.5,56.45,CORRECT,Spot +4.65
2026-07-28T12:27:00+05:30,NSE:NIFTY50-INDEX,MIXED_PREMIUM_REGIME,WAIT,CALL_BIAS,70.0,70.0,0.0,CALL,DOWNWARD_ROTATION,FAST_DECAY,DECAY_BREAKDOWN_UNCONFIRMED,SHORT_STRADDLE,24015.45,56.85,CORRECT,Spot +6.85
2026-07-28T12:28:00+05:30,NSE:NIFTY50-INDEX,MIXED_PREMIUM_REGIME,WAIT,CALL_BIAS,70.0,70.0,0.0,CALL,DOWNWARD_ROTATION,FAST_DECAY,DECAY_BREAKDOWN_UNCONFIRMED,SHORT_STRADDLE,24021.75,57.95,NEUTRAL,Spot nearly flat -2.80
2026-07-28T12:29:00+05:30,NSE:NIFTY50-INDEX,MIXED_PREMIUM_REGIME,WAIT,CALL_BIAS,70.0,70.0,0.0,CALL,AGGRESSIVE_UPWARD_ROTATION,FAST_DECAY,DECAY_BREAKDOWN,SHORT_STRADDLE,24027.25,57.6,NEUTRAL,Spot nearly flat -11.55
2026-07-28T12:30:00+05:30,NSE:NIFTY50-INDEX,MIXED_PREMIUM_REGIME,WAIT,CALL_BIAS,70.0,70.0,0.0,PUT,DOWNWARD_ROTATION,FAST_DECAY,DECAY_BREAKDOWN,SHORT_STRADDLE,24023.7,59.1,NEUTRAL,Spot nearly flat -7.95
2026-07-28T12:31:00+05:30,NSE:NIFTY50-INDEX,MIXED_PREMIUM_REGIME,WAIT,CALL_BIAS,70.0,70.0,0.0,CALL,DOWNWARD_ROTATION,FAST_DECAY,DECAY_BREAKDOWN_UNCONFIRMED,SHORT_STRADDLE,24024.4,59.95,NEUTRAL,Spot nearly flat -6.80
2026-07-28T12:32:00+05:30,NSE:NIFTY50-INDEX,MIXED_PREMIUM_REGIME,WAIT,CALL_BIAS,70.0,70.0,0.0,CALL,AGGRESSIVE_UPWARD_ROTATION,FAST_DECAY,DECAY_BREAKDOWN,SHORT_STRADDLE,24026.25,58.8,NEUTRAL,Spot nearly flat -7.55
2026-07-28T12:33:00+05:30,NSE:NIFTY50-INDEX,MIXED_PREMIUM_REGIME,WAIT,CALL_BIAS,70.0,70.0,0.0,PUT,DOWNWARD_ROTATION,FAST_DECAY,DECAY_BREAKDOWN,SHORT_STRADDLE,24024.4,59.45,NEUTRAL,Spot nearly flat -4.75
2026-07-28T12:34:00+05:30,NSE:NIFTY50-INDEX,MIXED_PREMIUM_REGIME,WAIT,CALL_BIAS,70.0,70.0,0.0,PUT,DOWNWARD_ROTATION,FAST_DECAY,DECAY_BREAKDOWN,SHORT_STRADDLE,24021.45,57.05,NEUTRAL,Spot nearly flat -7.05
2026-07-28T12:35:00+05:30,NSE:NIFTY50-INDEX,MIXED_PREMIUM_REGIME,WAIT,CALL_BIAS,70.0,70.0,0.0,PUT,DOWNWARD_ROTATION,FAST_DECAY,DECAY_BREAKDOWN,SHORT_STRADDLE,24017.55,55.7,NEUTRAL,Spot nearly flat -2.60
2026-07-28T12:36:00+05:30,NSE:NIFTY50-INDEX,MIXED_PREMIUM_REGIME,WAIT,CALL_BIAS,70.0,70.0,0.0,PUT,DOWNWARD_ROTATION,FAST_DECAY,DECAY_BREAKDOWN,SHORT_STRADDLE,24012.6,54.35,NEUTRAL,Spot nearly flat -2.35
2026-07-28T12:37:00+05:30,NSE:NIFTY50-INDEX,MIXED_PREMIUM_REGIME,WAIT,WEAK_CALL_BIAS,55.0,55.0,0.0,PUT,DOWNWARD_ROTATION,FAST_DECAY,DECAY_BREAKDOWN,SHORT_STRADDLE,24010.75,52.8,CORRECT,Spot +2.50
2026-07-28T12:38:00+05:30,NSE:NIFTY50-INDEX,ROTATION_WITH_EXPANSION,WAIT,CALL_BIAS,70.0,70.0,0.0,CALL,DOWNWARD_ROTATION,PREMIUM_EXPANSION,DECAY_BREAKDOWN_UNCONFIRMED,SHORT_STRADDLE,24014.6,55.15,NEUTRAL,Spot nearly flat -1.75
2026-07-28T12:39:00+05:30,NSE:NIFTY50-INDEX,MIXED_PREMIUM_REGIME,WAIT,CALL_BIAS,70.0,70.0,0.0,CALL,DOWNWARD_ROTATION,FAST_DECAY,DECAY_BREAKDOWN_UNCONFIRMED,SHORT_STRADDLE,24019.95,56.05,NEUTRAL,Spot nearly flat -6.65
2026-07-28T12:40:00+05:30,NSE:NIFTY50-INDEX,MIXED_PREMIUM_REGIME,WAIT,CALL_BIAS,70.0,70.0,0.0,PUT,DOWNWARD_ROTATION,FAST_DECAY,DECAY_BREAKDOWN,SHORT_STRADDLE,24017.75,55.7,NEUTRAL,Spot nearly flat -3.60
2026-07-28T12:41:00+05:30,NSE:NIFTY50-INDEX,MIXED_PREMIUM_REGIME,WAIT,CALL_BIAS,70.0,70.0,0.0,PUT,DOWNWARD_ROTATION,FAST_DECAY,DECAY_BREAKDOWN,SHORT_STRADDLE,24018.15,55.7,NEUTRAL,Spot nearly flat -4.25
2026-07-28T12:42:00+05:30,NSE:NIFTY50-INDEX,MIXED_PREMIUM_REGIME,WAIT,CALL_BIAS,70.0,70.0,0.0,CALL,DOWNWARD_ROTATION,FAST_DECAY,DECAY_BREAKDOWN_UNCONFIRMED,SHORT_STRADDLE,24022.3,56.3,NEUTRAL,Spot nearly flat -8.85
2026-07-28T12:43:00+05:30,NSE:NIFTY50-INDEX,MIXED_PREMIUM_REGIME,WAIT,CALL_BIAS,70.0,70.0,0.0,PUT,DOWNWARD_ROTATION,FAST_DECAY,DECAY_BREAKDOWN,SHORT_STRADDLE,24018.95,55.6,NEUTRAL,Spot nearly flat -6.00
2026-07-28T12:44:00+05:30,NSE:NIFTY50-INDEX,MIXED_PREMIUM_REGIME,WAIT,CALL_BIAS,70.0,70.0,0.0,PUT,DOWNWARD_ROTATION,FAST_DECAY,DECAY_BREAKDOWN,SHORT_STRADDLE,24015.7,54.25,NEUTRAL,Spot nearly flat -9.75
2026-07-28T12:45:00+05:30,NSE:NIFTY50-INDEX,MIXED_PREMIUM_REGIME,WAIT,CALL_BIAS,70.0,70.0,0.0,PUT,DOWNWARD_ROTATION,FAST_DECAY,DECAY_BREAKDOWN_UNCONFIRMED,SHORT_STRADDLE,24015.75,54.7,NEUTRAL,Spot nearly flat -10.30
2026-07-28T12:46:00+05:30,NSE:NIFTY50-INDEX,MIXED_PREMIUM_REGIME,WAIT,CALL_BIAS,70.0,70.0,0.0,CALL,DOWNWARD_ROTATION,FAST_DECAY,DECAY_BREAKDOWN,SHORT_STRADDLE,24017.6,54.35,NEUTRAL,Spot nearly flat -10.45
2026-07-28T12:47:00+05:30,NSE:NIFTY50-INDEX,MIXED_PREMIUM_REGIME,WAIT,CALL_BIAS,70.0,70.0,0.0,CALL,DOWNWARD_ROTATION,FAST_DECAY,DECAY_BREAKDOWN_UNCONFIRMED,SHORT_STRADDLE,24018.7,55.55,WRONG,Spot -13.95
2026-07-28T12:48:00+05:30,NSE:NIFTY50-INDEX,MIXED_PREMIUM_REGIME,WAIT,CALL_BIAS,70.0,70.0,0.0,PUT,DOWNWARD_ROTATION,FAST_DECAY,DECAY_BREAKDOWN,SHORT_STRADDLE,24019.65,55.0,WRONG,Spot -13.60
2026-07-28T12:49:00+05:30,NSE:NIFTY50-INDEX,MIXED_PREMIUM_REGIME,WAIT,CALL_BIAS,70.0,70.0,0.0,PUT,DOWNWARD_ROTATION,FAST_DECAY,DECAY_BREAKDOWN,SHORT_STRADDLE,24014.4,54.8,NEUTRAL,Spot nearly flat -10.65
2026-07-28T12:50:00+05:30,NSE:NIFTY50-INDEX,MIXED_PREMIUM_REGIME,WAIT,CALL_BIAS,70.0,70.0,0.0,PUT,DOWNWARD_ROTATION,FAST_DECAY,DECAY_BREAKDOWN,SHORT_STRADDLE,24014.95,54.75,NEUTRAL,Spot nearly flat -11.60
2026-07-28T12:51:00+05:30,NSE:NIFTY50-INDEX,MIXED_PREMIUM_REGIME,WAIT,WEAK_CALL_BIAS,55.0,55.0,0.0,PUT,DOWNWARD_ROTATION,FAST_DECAY,DECAY_BREAKDOWN_UNCONFIRMED,SHORT_STRADDLE,24010.25,55.05,NEUTRAL,Spot nearly flat -5.40
2026-07-28T12:52:00+05:30,NSE:NIFTY50-INDEX,MIXED_PREMIUM_REGIME,WAIT,CALL_BIAS,70.0,70.0,0.0,CALL,DOWNWARD_ROTATION,FAST_DECAY,DECAY_BREAKDOWN,SHORT_STRADDLE,24013.25,54.65,NEUTRAL,Spot nearly flat -9.80
2026-07-28T12:53:00+05:30,NSE:NIFTY50-INDEX,MIXED_PREMIUM_REGIME,WAIT,CALL_BIAS,70.0,70.0,0.0,CALL,DOWNWARD_ROTATION,FAST_DECAY,DECAY_BREAKDOWN,SHORT_STRADDLE,24012.85,54.4,NEUTRAL,Spot nearly flat -9.55
2026-07-28T12:54:00+05:30,NSE:NIFTY50-INDEX,MIXED_PREMIUM_REGIME,WAIT,CALL_BIAS,70.0,70.0,0.0,PUT,DOWNWARD_ROTATION,FAST_DECAY,DECAY_BREAKDOWN,SHORT_STRADDLE,24013.3,54.25,NEUTRAL,Spot nearly flat -7.90
2026-07-28T12:55:00+05:30,NSE:NIFTY50-INDEX,MIXED_PREMIUM_REGIME,WAIT,CALL_BIAS,70.0,70.0,0.0,PUT,DOWNWARD_ROTATION,FAST_DECAY,DECAY_BREAKDOWN,SHORT_STRADDLE,24014.15,54.2,NEUTRAL,Spot nearly flat -8.10
2026-07-28T12:56:00+05:30,NSE:NIFTY50-INDEX,MIXED_PREMIUM_REGIME,WAIT,CALL_BIAS,70.0,70.0,0.0,CALL,DOWNWARD_ROTATION,FAST_DECAY,DECAY_BREAKDOWN_UNCONFIRMED,SHORT_STRADDLE,24013.9,54.65,WRONG,Spot -19.05
2026-07-28T12:57:00+05:30,NSE:NIFTY50-INDEX,MIXED_PREMIUM_REGIME,WAIT,CALL_BIAS,70.0,70.0,0.0,CALL,DOWNWARD_ROTATION,FAST_DECAY,DECAY_BREAKDOWN,SHORT_STRADDLE,24013.45,54.35,WRONG,Spot -24.60
2026-07-28T12:58:00+05:30,NSE:NIFTY50-INDEX,MIXED_PREMIUM_REGIME,WAIT,CALL_BIAS,70.0,70.0,0.0,PUT,DOWNWARD_ROTATION,FAST_DECAY,DECAY_BREAKDOWN,SHORT_STRADDLE,24012.95,52.9,WRONG,Spot -17.50
2026-07-28T12:59:00+05:30,NSE:NIFTY50-INDEX,MIXED_PREMIUM_REGIME,WAIT,WEAK_CALL_BIAS,40.0,40.0,15.0,PUT,DOWNWARD_ROTATION,FAST_DECAY,DECAY_BREAKDOWN,SHORT_STRADDLE,24005.95,52.75,WRONG,Spot -14.75
2026-07-28T13:00:00+05:30,NSE:NIFTY50-INDEX,MIXED_PREMIUM_REGIME,WAIT,WEAK_CALL_BIAS,40.0,40.0,15.0,PUT,DOWNWARD_ROTATION,FAST_DECAY,DECAY_BREAKDOWN_UNCONFIRMED,SHORT_STRADDLE,24005.45,52.95,WRONG,Spot -22.00
2026-07-28T13:01:00+05:30,NSE:NIFTY50-INDEX,MIXED_PREMIUM_REGIME,WAIT,WEAK_CALL_BIAS,40.0,40.0,15.0,CALL,DOWNWARD_ROTATION,FAST_DECAY,DECAY_BREAKDOWN,SHORT_STRADDLE,24007.15,52.0,WRONG,Spot -37.45
2026-07-28T13:02:00+05:30,NSE:NIFTY50-INDEX,MIXED_PREMIUM_REGIME,WAIT,WEAK_CALL_BIAS,40.0,40.0,15.0,PUT,DOWNWARD_ROTATION,FAST_DECAY,DECAY_BREAKDOWN,SHORT_STRADDLE,24004.75,51.9,WRONG,Spot -30.80
2026-07-28T13:03:00+05:30,NSE:NIFTY50-INDEX,MIXED_PREMIUM_REGIME,WAIT,WEAK_CALL_BIAS,40.0,40.0,15.0,CALL,DOWNWARD_ROTATION,FAST_DECAY,DECAY_BREAKDOWN_UNCONFIRMED,SHORT_STRADDLE,24006.05,51.95,WRONG,Spot -25.55
2026-07-28T13:04:00+05:30,NSE:NIFTY50-INDEX,MIXED_PREMIUM_REGIME,WAIT,WEAK_CALL_BIAS,40.0,40.0,15.0,PUT,DOWNWARD_ROTATION,FAST_DECAY,DECAY_BREAKDOWN_UNCONFIRMED,SHORT_STRADDLE,24003.75,52.4,WRONG,Spot -25.95
2026-07-28T13:05:00+05:30,NSE:NIFTY50-INDEX,MIXED_PREMIUM_REGIME,WAIT,WEAK_CALL_BIAS,40.0,40.0,15.0,PUT,DOWNWARD_ROTATION,FAST_DECAY,DECAY_BREAKDOWN_UNCONFIRMED,SHORT_STRADDLE,24003.35,52.7,WRONG,Spot -24.00
2026-07-28T13:06:00+05:30,NSE:NIFTY50-INDEX,MIXED_PREMIUM_REGIME,WAIT,WEAK_CALL_BIAS,40.0,40.0,15.0,CALL,DOWNWARD_ROTATION,FAST_DECAY,DECAY_BREAKDOWN,SHORT_STRADDLE,24004.85,51.45,WRONG,Spot -28.95
2026-07-28T13:07:00+05:30,NSE:NIFTY50-INDEX,MIXED_PREMIUM_REGIME,WAIT,WEAK_CALL_BIAS,40.0,40.0,15.0,PUT,DOWNWARD_ROTATION,FAST_DECAY,DECAY_BREAKDOWN_UNCONFIRMED,SHORT_STRADDLE,24003.45,52.4,WRONG,Spot -20.75
2026-07-28T13:08:00+05:30,NSE:NIFTY50-INDEX,MIXED_PREMIUM_REGIME,WAIT,WEAK_CALL_BIAS,40.0,40.0,15.0,CALL,DOWNWARD_ROTATION,FAST_DECAY,DECAY_BREAKDOWN,SHORT_STRADDLE,24003.3,51.9,WRONG,Spot -13.75
2026-07-28T13:09:00+05:30,NSE:NIFTY50-INDEX,MIXED_PREMIUM_REGIME,WAIT,WEAK_CALL_BIAS,40.0,40.0,15.0,PUT,DOWNWARD_ROTATION,FAST_DECAY,DECAY_BREAKDOWN,SHORT_STRADDLE,24005.4,51.85,WRONG,Spot -15.30
2026-07-28T13:10:00+05:30,NSE:NIFTY50-INDEX,MIXED_PREMIUM_REGIME,WAIT,WEAK_CALL_BIAS,40.0,40.0,15.0,CALL,DOWNWARD_ROTATION,FAST_DECAY,DECAY_BREAKDOWN,SHORT_STRADDLE,24006.05,51.6,WRONG,Spot -15.90
2026-07-28T13:11:00+05:30,NSE:NIFTY50-INDEX,MIXED_PREMIUM_REGIME,WAIT,WEAK_CALL_BIAS,30.0,30.0,25.0,PUT,DOWNWARD_ROTATION,FAST_DECAY,DECAY_BREAKDOWN_UNCONFIRMED,SHORT_STRADDLE,23994.85,52.3,NEUTRAL,Spot nearly flat -5.95
2026-07-28T13:12:00+05:30,NSE:NIFTY50-INDEX,MIXED_PREMIUM_REGIME,HOLD_FIRE,WEAK_PUT_BIAS,25.0,15.0,25.0,PUT,DOWNWARD_ROTATION,FAST_DECAY,DECAY_BREAKDOWN_UNCONFIRMED,SHORT_STRADDLE,23988.85,52.35,CORRECT,Spot -4.35
2026-07-28T13:13:00+05:30,NSE:NIFTY50-INDEX,MIXED_PREMIUM_REGIME,HOLD_FIRE,WEAK_PUT_BIAS,40.0,0.0,40.0,CALL,DOWNWARD_ROTATION,FAST_DECAY,DECAY_BREAKDOWN_UNCONFIRMED,SHORT_STRADDLE,23995.45,52.45,CORRECT,Spot -10.15
2026-07-28T13:14:00+05:30,NSE:NIFTY50-INDEX,MIXED_PREMIUM_REGIME,HOLD_FIRE,WEAK_PUT_BIAS,25.0,15.0,25.0,PUT,DOWNWARD_ROTATION,FAST_DECAY,DECAY_BREAKDOWN_UNCONFIRMED,SHORT_STRADDLE,23991.2,52.6,CORRECT,Spot -4.80
2026-07-28T13:15:00+05:30,NSE:NIFTY50-INDEX,ROTATION_WITH_EXPANSION,HOLD_FIRE,WEAK_PUT_BIAS,40.0,15.0,40.0,PUT,DOWNWARD_ROTATION,PREMIUM_EXPANSION,DECAY_BREAKDOWN_UNCONFIRMED,SHORT_STRADDLE,23983.45,54.5,NEUTRAL,Spot nearly flat +1.45
2026-07-28T13:16:00+05:30,NSE:NIFTY50-INDEX,MIXED_PREMIUM_REGIME,HOLD_FIRE,WEAK_PUT_BIAS,55.0,0.0,55.0,BALANCED,AGGRESSIVE_DOWNWARD_ROTATION,FAST_DECAY,DECAY_BREAKDOWN,SHORT_STRADDLE,23969.7,55.35,WRONG,Spot +12.70
2026-07-28T13:17:00+05:30,NSE:NIFTY50-INDEX,MIXED_PREMIUM_REGIME,HOLD_FIRE,WEAK_PUT_BIAS,55.0,0.0,55.0,CALL,AGGRESSIVE_DOWNWARD_ROTATION,FAST_DECAY,DECAY_BREAKDOWN,SHORT_STRADDLE,23973.95,55.05,NEUTRAL,Spot nearly flat +8.85
2026-07-28T13:18:00+05:30,NSE:NIFTY50-INDEX,MIXED_PREMIUM_REGIME,HOLD_FIRE,WEAK_PUT_BIAS,40.0,15.0,40.0,CALL,DOWNWARD_ROTATION,FAST_DECAY,DECAY_BREAKDOWN,SHORT_STRADDLE,23980.5,52.5,NEUTRAL,Spot nearly flat +5.75
2026-07-28T13:19:00+05:30,NSE:NIFTY50-INDEX,MIXED_PREMIUM_REGIME,HOLD_FIRE,WEAK_PUT_BIAS,40.0,15.0,40.0,PUT,DOWNWARD_ROTATION,FAST_DECAY,DECAY_BREAKDOWN_UNCONFIRMED,SHORT_STRADDLE,23977.8,53.85,NEUTRAL,Spot nearly flat +11.80
2026-07-28T13:20:00+05:30,NSE:NIFTY50-INDEX,MIXED_PREMIUM_REGIME,HOLD_FIRE,WEAK_PUT_BIAS,40.0,15.0,40.0,CALL,DOWNWARD_ROTATION,FAST_DECAY,DECAY_BREAKDOWN,SHORT_STRADDLE,23979.35,52.55,NEUTRAL,Spot nearly flat +7.95
2026-07-28T13:21:00+05:30,NSE:NIFTY50-INDEX,ROTATION_WITH_EXPANSION,HOLD_FIRE,WEAK_PUT_BIAS,55.0,0.0,55.0,PUT,DOWNWARD_ROTATION,PREMIUM_EXPANSION,DECAY_BREAKDOWN_UNCONFIRMED,SHORT_STRADDLE,23975.9,54.7,WRONG,Spot +12.40
2026-07-28T13:22:00+05:30,NSE:NIFTY50-INDEX,MIXED_PREMIUM_REGIME,HOLD_FIRE,WEAK_PUT_BIAS,40.0,15.0,40.0,CALL,DOWNWARD_ROTATION,FAST_DECAY,DECAY_BREAKDOWN,SHORT_STRADDLE,23982.7,51.75,NEUTRAL,Spot nearly flat +6.80
2026-07-28T13:23:00+05:30,NSE:NIFTY50-INDEX,MIXED_PREMIUM_REGIME,HOLD_FIRE,WEAK_PUT_BIAS,40.0,15.0,40.0,CALL,DOWNWARD_ROTATION,FAST_DECAY,DECAY_BREAKDOWN,SHORT_STRADDLE,23989.55,48.85,CORRECT,Spot -3.90
2026-07-28T13:24:00+05:30,NSE:NIFTY50-INDEX,MIXED_PREMIUM_REGIME,HOLD_FIRE,WEAK_PUT_BIAS,40.0,0.0,40.0,CALL,DOWNWARD_ROTATION,FAST_DECAY,DECAY_BREAKDOWN_UNCONFIRMED,SHORT_STRADDLE,23990.1,49.45,CORRECT,Spot -3.40
2026-07-28T13:25:00+05:30,NSE:NIFTY50-INDEX,MIXED_PREMIUM_REGIME,HOLD_FIRE,WEAK_PUT_BIAS,25.0,15.0,25.0,CALL,DOWNWARD_ROTATION,FAST_DECAY,DECAY_BREAKDOWN,SHORT_STRADDLE,23990.15,49.3,CORRECT,Spot -4.70
2026-07-28T13:26:00+05:30,NSE:NIFTY50-INDEX,MIXED_PREMIUM_REGIME,HOLD_FIRE,WEAK_PUT_BIAS,25.0,15.0,25.0,PUT,DOWNWARD_ROTATION,FAST_DECAY,DECAY_BREAKDOWN_UNCONFIRMED,SHORT_STRADDLE,23988.9,50.35,CORRECT,Spot -5.65
2026-07-28T13:27:00+05:30,NSE:NIFTY50-INDEX,MIXED_PREMIUM_REGIME,HOLD_FIRE,WEAK_PUT_BIAS,40.0,0.0,40.0,PUT,DOWNWARD_ROTATION,FAST_DECAY,DECAY_BREAKDOWN_UNCONFIRMED,SHORT_STRADDLE,23984.5,51.35,CORRECT,Spot -5.90
2026-07-28T13:28:00+05:30,NSE:NIFTY50-INDEX,MIXED_PREMIUM_REGIME,HOLD_FIRE,WEAK_PUT_BIAS,40.0,0.0,40.0,CALL,DOWNWARD_ROTATION,FAST_DECAY,DECAY_BREAKDOWN,SHORT_STRADDLE,23985.3,50.7,CORRECT,Spot -6.50
2026-07-28T13:29:00+05:30,NSE:NIFTY50-INDEX,MIXED_PREMIUM_REGIME,HOLD_FIRE,WEAK_PUT_BIAS,25.0,15.0,25.0,CALL,DOWNWARD_ROTATION,FAST_DECAY,DECAY_BREAKDOWN,SHORT_STRADDLE,23986.4,50.25,CORRECT,Spot -4.45
2026-07-28T13:30:00+05:30,NSE:NIFTY50-INDEX,ROTATION_WITH_EXPANSION,HOLD_FIRE,WEAK_PUT_BIAS,25.0,15.0,25.0,PUT,DOWNWARD_ROTATION,PREMIUM_EXPANSION,DECAY_BREAKDOWN_UNCONFIRMED,SHORT_STRADDLE,23984.9,52.7,CORRECT,Spot -1.75
2026-07-28T13:31:00+05:30,NSE:NIFTY50-INDEX,MIXED_PREMIUM_REGIME,HOLD_FIRE,WEAK_PUT_BIAS,40.0,0.0,40.0,BALANCED,DOWNWARD_ROTATION,FAST_DECAY,DECAY_BREAKDOWN,SHORT_STRADDLE,23982.4,52.15,NEUTRAL,Spot nearly flat +0.30
2026-07-28T13:32:00+05:30,NSE:NIFTY50-INDEX,MIXED_PREMIUM_REGIME,HOLD_FIRE,WEAK_PUT_BIAS,55.0,0.0,55.0,CALL,DOWNWARD_ROTATION,FAST_DECAY,DECAY_BREAKDOWN,SHORT_STRADDLE,23982.8,50.6,NEUTRAL,Spot nearly flat +1.25
2026-07-28T13:33:00+05:30,NSE:NIFTY50-INDEX,MIXED_PREMIUM_REGIME,HOLD_FIRE,WEAK_PUT_BIAS,40.0,15.0,40.0,CALL,DOWNWARD_ROTATION,FAST_DECAY,DECAY_BREAKDOWN,SHORT_STRADDLE,23986.25,48.1,CORRECT,Spot -4.20
2026-07-28T13:34:00+05:30,NSE:NIFTY50-INDEX,MIXED_PREMIUM_REGIME,HOLD_FIRE,WEAK_PUT_BIAS,40.0,0.0,40.0,CALL,DOWNWARD_ROTATION,FAST_DECAY,DECAY_BREAKDOWN,SHORT_STRADDLE,23989.6,47.2,CORRECT,Spot -11.05
2026-07-28T13:35:00+05:30,NSE:NIFTY50-INDEX,MIXED_PREMIUM_REGIME,HOLD_FIRE,WEAK_PUT_BIAS,40.0,0.0,40.0,PUT,DOWNWARD_ROTATION,FAST_DECAY,DECAY_BREAKDOWN,SHORT_STRADDLE,23987.3,47.1,CORRECT,Spot -6.65
2026-07-28T13:36:00+05:30,NSE:NIFTY50-INDEX,MIXED_PREMIUM_REGIME,HOLD_FIRE,WEAK_PUT_BIAS,25.0,15.0,25.0,CALL,DOWNWARD_ROTATION,FAST_DECAY,DECAY_BREAKDOWN,SHORT_STRADDLE,23988.3,46.8,NEUTRAL,Spot nearly flat +0.95
2026-07-28T13:37:00+05:30,NSE:NIFTY50-INDEX,MIXED_PREMIUM_REGIME,HOLD_FIRE,WEAK_PUT_BIAS,25.0,15.0,25.0,PUT,DOWNWARD_ROTATION,FAST_DECAY,DECAY_BREAKDOWN,SHORT_STRADDLE,23989.5,46.8,WRONG,Spot +17.35
2026-07-28T13:38:00+05:30,NSE:NIFTY50-INDEX,MIXED_PREMIUM_REGIME,HOLD_FIRE,WEAK_PUT_BIAS,25.0,15.0,25.0,PUT,DOWNWARD_ROTATION,FAST_DECAY,DECAY_BREAKDOWN_UNCONFIRMED,SHORT_STRADDLE,23985.65,47.5,WRONG,Spot +19.70
2026-07-28T13:39:00+05:30,NSE:NIFTY50-INDEX,ROTATION_WITH_EXPANSION,HOLD_FIRE,WEAK_PUT_BIAS,25.0,15.0,25.0,PUT,DOWNWARD_ROTATION,PREMIUM_EXPANSION,DECAY_BREAKDOWN_UNCONFIRMED,SHORT_STRADDLE,23986.7,49.4,WRONG,Spot +15.25
2026-07-28T13:40:00+05:30,NSE:NIFTY50-INDEX,MIXED_PREMIUM_REGIME,HOLD_FIRE,WEAK_PUT_BIAS,40.0,0.0,40.0,CALL,DOWNWARD_ROTATION,FAST_DECAY,DECAY_BREAKDOWN,SHORT_STRADDLE,23985.45,48.4,WRONG,Spot +20.80
2026-07-28T13:41:00+05:30,NSE:NIFTY50-INDEX,ROTATION_WITH_EXPANSION,HOLD_FIRE,WEAK_PUT_BIAS,25.0,15.0,25.0,PUT,DOWNWARD_ROTATION,PREMIUM_EXPANSION,DECAY_BREAKDOWN_UNCONFIRMED,SHORT_STRADDLE,23983.25,50.1,WRONG,Spot +19.50
2026-07-28T13:42:00+05:30,NSE:NIFTY50-INDEX,MIXED_PREMIUM_REGIME,HOLD_FIRE,WEAK_PUT_BIAS,40.0,15.0,40.0,PUT,DOWNWARD_ROTATION,FAST_DECAY,DECAY_BREAKDOWN,SHORT_STRADDLE,23978.6,50.1,WRONG,Spot +22.75
2026-07-28T13:43:00+05:30,NSE:NIFTY50-INDEX,MIXED_PREMIUM_REGIME,HOLD_FIRE,WEAK_PUT_BIAS,40.0,15.0,40.0,CALL,DOWNWARD_ROTATION,FAST_DECAY,DECAY_BREAKDOWN,SHORT_STRADDLE,23978.8,49.7,WRONG,Spot +21.00
2026-07-28T13:44:00+05:30,NSE:NIFTY50-INDEX,MIXED_PREMIUM_REGIME,HOLD_FIRE,WEAK_PUT_BIAS,40.0,15.0,40.0,CALL,DOWNWARD_ROTATION,FAST_DECAY,DECAY_BREAKDOWN,SHORT_STRADDLE,23981.95,47.9,WRONG,Spot +14.15
2026-07-28T13:45:00+05:30,NSE:NIFTY50-INDEX,MIXED_PREMIUM_REGIME,HOLD_FIRE,WEAK_PUT_BIAS,40.0,15.0,40.0,CALL,DOWNWARD_ROTATION,FAST_DECAY,DECAY_BREAKDOWN,SHORT_STRADDLE,23983.15,47.15,WRONG,Spot +17.65
2026-07-28T13:46:00+05:30,NSE:NIFTY50-INDEX,MIXED_PREMIUM_REGIME,HOLD_FIRE,WEAK_PUT_BIAS,55.0,0.0,55.0,CALL,DOWNWARD_ROTATION,FAST_DECAY,DECAY_BREAKDOWN,SHORT_STRADDLE,23982.7,45.15,WRONG,Spot +15.55
2026-07-28T13:47:00+05:30,NSE:NIFTY50-INDEX,ROTATION_WITH_EXPANSION,HOLD_FIRE,WEAK_PUT_BIAS,55.0,0.0,55.0,PUT,DOWNWARD_ROTATION,PREMIUM_EXPANSION,DECAY_BREAKDOWN_UNCONFIRMED,SHORT_STRADDLE,23984.05,47.25,WRONG,Spot +17.95
2026-07-28T13:48:00+05:30,NSE:NIFTY50-INDEX,MIXED_PREMIUM_REGIME,HOLD_FIRE,WEAK_PUT_BIAS,40.0,15.0,40.0,PUT,DOWNWARD_ROTATION,FAST_DECAY,DECAY_BREAKDOWN_UNCONFIRMED,SHORT_STRADDLE,23982.05,47.9,WRONG,Spot +18.00
2026-07-28T13:49:00+05:30,NSE:NIFTY50-INDEX,MIXED_PREMIUM_REGIME,HOLD_FIRE,WEAK_PUT_BIAS,40.0,15.0,40.0,PUT,DOWNWARD_ROTATION,FAST_DECAY,DECAY_BREAKDOWN_UNCONFIRMED,SHORT_STRADDLE,23978.55,49.2,WRONG,Spot +20.75
2026-07-28T13:50:00+05:30,NSE:NIFTY50-INDEX,MIXED_PREMIUM_REGIME,HOLD_FIRE,WEAK_PUT_BIAS,40.0,15.0,40.0,CALL,DOWNWARD_ROTATION,FAST_DECAY,DECAY_BREAKDOWN,SHORT_STRADDLE,23980.65,46.45,WRONG,Spot +21.95
2026-07-28T13:51:00+05:30,NSE:NIFTY50-INDEX,MIXED_PREMIUM_REGIME,HOLD_FIRE,WEAK_PUT_BIAS,25.0,15.0,25.0,CALL,DOWNWARD_ROTATION,FAST_DECAY,DECAY_BREAKDOWN,SHORT_STRADDLE,23989.25,44.4,WRONG,Spot +15.55
2026-07-28T13:52:00+05:30,NSE:NIFTY50-INDEX,MIXED_PREMIUM_REGIME,WAIT,WEAK_CALL_BIAS,25.0,25.0,15.0,CALL,DOWNWARD_ROTATION,FAST_DECAY,DECAY_BREAKDOWN,SHORT_STRADDLE,24006.85,41.2,NEUTRAL,Spot nearly flat -5.90
2026-07-28T13:53:00+05:30,NSE:NIFTY50-INDEX,ROTATION_WITH_EXPANSION,WAIT,WEAK_CALL_BIAS,40.0,40.0,15.0,PUT,DOWNWARD_ROTATION,PREMIUM_EXPANSION,DECAY_BREAKDOWN_UNCONFIRMED,SHORT_STRADDLE,24005.35,42.6,NEUTRAL,Spot nearly flat -4.90
2026-07-28T13:54:00+05:30,NSE:NIFTY50-INDEX,MIXED_PREMIUM_REGIME,HOLD_FIRE,WEAK_CALL_BIAS,40.0,40.0,15.0,BALANCED,DOWNWARD_ROTATION,FAST_DECAY,DECAY_BREAKDOWN,SHORT_STRADDLE,24001.95,42.55,NEUTRAL,Spot nearly flat -0.90
2026-07-28T13:55:00+05:30,NSE:NIFTY50-INDEX,MIXED_PREMIUM_REGIME,WAIT,WEAK_CALL_BIAS,40.0,40.0,15.0,CALL,DOWNWARD_ROTATION,FAST_DECAY,DECAY_BREAKDOWN,SHORT_STRADDLE,24006.25,42.0,NEUTRAL,Spot nearly flat -8.05
2026-07-28T13:56:00+05:30,NSE:NIFTY50-INDEX,MIXED_PREMIUM_REGIME,WAIT,WEAK_PUT_BIAS,30.0,25.0,30.0,CALL,DOWNWARD_ROTATION,FAST_DECAY,DECAY_BREAKDOWN,SHORT_STRADDLE,24002.75,40.95,CORRECT,Spot -7.20
2026-07-28T13:57:00+05:30,NSE:NIFTY50-INDEX,MIXED_PREMIUM_REGIME,WAIT,WEAK_CALL_BIAS,40.0,40.0,15.0,PUT,DOWNWARD_ROTATION,FAST_DECAY,DECAY_BREAKDOWN_UNCONFIRMED,SHORT_STRADDLE,24001.35,41.15,NEUTRAL,Spot nearly flat -7.85
2026-07-28T13:58:00+05:30,NSE:NIFTY50-INDEX,MIXED_PREMIUM_REGIME,WAIT,WEAK_CALL_BIAS,40.0,40.0,15.0,PUT,DOWNWARD_ROTATION,FAST_DECAY,DECAY_BREAKDOWN_UNCONFIRMED,SHORT_STRADDLE,23999.8,41.65,NEUTRAL,Spot nearly flat -6.55
2026-07-28T13:59:00+05:30,NSE:NIFTY50-INDEX,MIXED_PREMIUM_REGIME,WAIT,WEAK_CALL_BIAS,25.0,25.0,15.0,PUT,DOWNWARD_ROTATION,FAST_DECAY,DECAY_BREAKDOWN,SHORT_STRADDLE,23996.1,41.25,NEUTRAL,Spot nearly flat -5.30
2026-07-28T14:00:00+05:30,NSE:NIFTY50-INDEX,MIXED_PREMIUM_REGIME,WAIT,WEAK_CALL_BIAS,25.0,25.0,15.0,CALL,DOWNWARD_ROTATION,FAST_DECAY,DECAY_BREAKDOWN,SHORT_STRADDLE,24000.8,40.7,NEUTRAL,Spot nearly flat -7.75
2026-07-28T14:01:00+05:30,NSE:NIFTY50-INDEX,MIXED_PREMIUM_REGIME,WAIT,WEAK_CALL_BIAS,25.0,25.0,15.0,PUT,DOWNWARD_ROTATION,FAST_DECAY,DECAY_BREAKDOWN,SHORT_STRADDLE,23998.25,40.7,NEUTRAL,Spot nearly flat -1.65
2026-07-28T14:02:00+05:30,NSE:NIFTY50-INDEX,MIXED_PREMIUM_REGIME,WAIT,WEAK_CALL_BIAS,25.0,25.0,15.0,CALL,DOWNWARD_ROTATION,FAST_DECAY,DECAY_BREAKDOWN_UNCONFIRMED,SHORT_STRADDLE,24002.0,41.3,NEUTRAL,Spot nearly flat -8.05
2026-07-28T14:03:00+05:30,NSE:NIFTY50-INDEX,MIXED_PREMIUM_REGIME,HOLD_FIRE,WEAK_CALL_BIAS,40.0,40.0,15.0,BALANCED,DOWNWARD_ROTATION,FAST_DECAY,DECAY_BREAKDOWN,SHORT_STRADDLE,24000.05,40.1,NEUTRAL,Spot nearly flat -8.85
2026-07-28T14:04:00+05:30,NSE:NIFTY50-INDEX,MIXED_PREMIUM_REGIME,WAIT,WEAK_CALL_BIAS,40.0,40.0,15.0,PUT,DOWNWARD_ROTATION,FAST_DECAY,DECAY_BREAKDOWN,SHORT_STRADDLE,23999.3,40.1,NEUTRAL,Spot nearly flat -7.20
2026-07-28T14:05:00+05:30,NSE:NIFTY50-INDEX,MIXED_PREMIUM_REGIME,WAIT,WEAK_CALL_BIAS,40.0,40.0,15.0,CALL,DOWNWARD_ROTATION,FAST_DECAY,DECAY_BREAKDOWN,SHORT_STRADDLE,24002.6,38.8,NEUTRAL,Spot nearly flat -10.90
2026-07-28T14:06:00+05:30,NSE:NIFTY50-INDEX,MIXED_PREMIUM_REGIME,WAIT,WEAK_CALL_BIAS,40.0,40.0,15.0,PUT,DOWNWARD_ROTATION,FAST_DECAY,DECAY_BREAKDOWN_UNCONFIRMED,SHORT_STRADDLE,24004.8,39.15,NEUTRAL,Spot nearly flat -11.15
2026-07-28T14:07:00+05:30,NSE:NIFTY50-INDEX,MIXED_PREMIUM_REGIME,WAIT,WEAK_CALL_BIAS,40.0,40.0,15.0,PUT,DOWNWARD_ROTATION,FAST_DECAY,DECAY_BREAKDOWN,SHORT_STRADDLE,24000.95,38.45,NEUTRAL,Spot nearly flat -8.85
2026-07-28T14:08:00+05:30,NSE:NIFTY50-INDEX,MIXED_PREMIUM_REGIME,WAIT,WEAK_CALL_BIAS,40.0,40.0,15.0,PUT,DOWNWARD_ROTATION,FAST_DECAY,DECAY_BREAKDOWN,SHORT_STRADDLE,24000.45,37.9,NEUTRAL,Spot nearly flat -10.95
2026-07-28T14:09:00+05:30,NSE:NIFTY50-INDEX,MIXED_PREMIUM_REGIME,WAIT,WEAK_CALL_BIAS,40.0,40.0,15.0,CALL,DOWNWARD_ROTATION,FAST_DECAY,DECAY_BREAKDOWN_UNCONFIRMED,SHORT_STRADDLE,24001.05,38.3,NEUTRAL,Spot nearly flat -11.70
2026-07-28T14:10:00+05:30,NSE:NIFTY50-INDEX,MIXED_PREMIUM_REGIME,WAIT,WEAK_CALL_BIAS,40.0,40.0,15.0,PUT,DOWNWARD_ROTATION,FAST_DECAY,DECAY_BREAKDOWN,SHORT_STRADDLE,23998.2,38.25,NEUTRAL,Spot nearly flat -10.55
2026-07-28T14:11:00+05:30,NSE:NIFTY50-INDEX,MIXED_PREMIUM_REGIME,HOLD_FIRE,WEAK_PUT_BIAS,25.0,15.0,25.0,PUT,DOWNWARD_ROTATION,FAST_DECAY,DECAY_BREAKDOWN_UNCONFIRMED,SHORT_STRADDLE,23995.55,38.95,CORRECT,Spot -1.15
2026-07-28T14:12:00+05:30,NSE:NIFTY50-INDEX,MIXED_PREMIUM_REGIME,HOLD_FIRE,WEAK_PUT_BIAS,25.0,15.0,25.0,CALL,DOWNWARD_ROTATION,FAST_DECAY,DECAY_BREAKDOWN,SHORT_STRADDLE,23993.5,38.5,NEUTRAL,Spot nearly flat +1.05
2026-07-28T14:13:00+05:30,NSE:NIFTY50-INDEX,MIXED_PREMIUM_REGIME,HOLD_FIRE,WEAK_PUT_BIAS,25.0,15.0,25.0,PUT,DOWNWARD_ROTATION,FAST_DECAY,DECAY_BREAKDOWN,SHORT_STRADDLE,23993.25,38.45,CORRECT,Spot -1.10
2026-07-28T14:14:00+05:30,NSE:NIFTY50-INDEX,MIXED_PREMIUM_REGIME,HOLD_FIRE,WEAK_PUT_BIAS,25.0,15.0,25.0,PUT,DOWNWARD_ROTATION,FAST_DECAY,DECAY_BREAKDOWN,SHORT_STRADDLE,23990.8,38.4,CORRECT,Spot -2.85
2026-07-28T14:15:00+05:30,NSE:NIFTY50-INDEX,MIXED_PREMIUM_REGIME,HOLD_FIRE,WEAK_PUT_BIAS,25.0,15.0,25.0,CALL,DOWNWARD_ROTATION,FAST_DECAY,DECAY_BREAKDOWN,SHORT_STRADDLE,23993.05,37.5,CORRECT,Spot -7.05
2026-07-28T14:16:00+05:30,NSE:NIFTY50-INDEX,MIXED_PREMIUM_REGIME,WAIT,WEAK_CALL_BIAS,25.0,25.0,15.0,CALL,DOWNWARD_ROTATION,FAST_DECAY,DECAY_BREAKDOWN,SHORT_STRADDLE,23996.6,36.7,WRONG,Spot -13.80
2026-07-28T14:17:00+05:30,NSE:NIFTY50-INDEX,MIXED_PREMIUM_REGIME,HOLD_FIRE,WEAK_PUT_BIAS,25.0,15.0,25.0,PUT,DOWNWARD_ROTATION,FAST_DECAY,DECAY_BREAKDOWN_UNCONFIRMED,SHORT_STRADDLE,23993.95,37.05,CORRECT,Spot -16.35
2026-07-28T14:18:00+05:30,NSE:NIFTY50-INDEX,MIXED_PREMIUM_REGIME,HOLD_FIRE,WEAK_PUT_BIAS,25.0,15.0,25.0,BALANCED,DOWNWARD_ROTATION,FAST_DECAY,DECAY_BREAKDOWN_UNCONFIRMED,SHORT_STRADDLE,23991.2,38.1,CORRECT,Spot -17.20
2026-07-28T14:19:00+05:30,NSE:NIFTY50-INDEX,MIXED_PREMIUM_REGIME,HOLD_FIRE,WEAK_PUT_BIAS,25.0,15.0,25.0,CALL,DOWNWARD_ROTATION,FAST_DECAY,DECAY_BREAKDOWN,SHORT_STRADDLE,23992.1,37.35,CORRECT,Spot -18.60
2026-07-28T14:20:00+05:30,NSE:NIFTY50-INDEX,MIXED_PREMIUM_REGIME,HOLD_FIRE,WEAK_PUT_BIAS,25.0,15.0,25.0,CALL,DOWNWARD_ROTATION,FAST_DECAY,DECAY_BREAKDOWN,SHORT_STRADDLE,23991.7,36.95,CORRECT,Spot -18.70
2026-07-28T14:21:00+05:30,NSE:NIFTY50-INDEX,MIXED_PREMIUM_REGIME,HOLD_FIRE,WEAK_PUT_BIAS,25.0,15.0,25.0,CALL,DOWNWARD_ROTATION,FAST_DECAY,DECAY_BREAKDOWN,SHORT_STRADDLE,23993.65,36.75,CORRECT,Spot -10.95
2026-07-28T14:22:00+05:30,NSE:NIFTY50-INDEX,MIXED_PREMIUM_REGIME,HOLD_FIRE,WEAK_PUT_BIAS,25.0,15.0,25.0,PUT,DOWNWARD_ROTATION,FAST_DECAY,DECAY_BREAKDOWN,SHORT_STRADDLE,23992.1,36.4,CORRECT,Spot -6.30
2026-07-28T14:23:00+05:30,NSE:NIFTY50-INDEX,ROTATION_WITH_EXPANSION,HOLD_FIRE,WEAK_PUT_BIAS,25.0,15.0,25.0,PUT,DOWNWARD_ROTATION,PREMIUM_EXPANSION,DECAY_BREAKDOWN_UNCONFIRMED,SHORT_STRADDLE,23989.5,37.6,CORRECT,Spot -1.50
2026-07-28T14:24:00+05:30,NSE:NIFTY50-INDEX,MIXED_PREMIUM_REGIME,HOLD_FIRE,WEAK_PUT_BIAS,25.0,15.0,25.0,PUT,DOWNWARD_ROTATION,FAST_DECAY,DECAY_BREAKDOWN_UNCONFIRMED,SHORT_STRADDLE,23989.35,37.95,CORRECT,Spot -0.75
2026-07-28T14:25:00+05:30,NSE:NIFTY50-INDEX,MIXED_PREMIUM_REGIME,HOLD_FIRE,WEAK_PUT_BIAS,25.0,15.0,25.0,CALL,DOWNWARD_ROTATION,FAST_DECAY,DECAY_BREAKDOWN,SHORT_STRADDLE,23987.65,37.4,NEUTRAL,Spot nearly flat +2.95
2026-07-28T14:26:00+05:30,NSE:NIFTY50-INDEX,MIXED_PREMIUM_REGIME,HOLD_FIRE,WEAK_PUT_BIAS,25.0,15.0,25.0,CALL,DOWNWARD_ROTATION,FAST_DECAY,DECAY_BREAKDOWN,SHORT_STRADDLE,23994.4,35.45,NEUTRAL,Spot nearly flat +0.90
2026-07-28T14:27:00+05:30,NSE:NIFTY50-INDEX,MIXED_PREMIUM_REGIME,HOLD_FIRE,WEAK_PUT_BIAS,25.0,15.0,25.0,CALL,DOWNWARD_ROTATION,FAST_DECAY,DECAY_BREAKDOWN,SHORT_STRADDLE,23994.55,34.75,NEUTRAL,Spot nearly flat +1.15
2026-07-28T14:28:00+05:30,NSE:NIFTY50-INDEX,MIXED_PREMIUM_REGIME,HOLD_FIRE,WEAK_PUT_BIAS,25.0,15.0,25.0,PUT,DOWNWARD_ROTATION,FAST_DECAY,DECAY_BREAKDOWN_UNCONFIRMED,SHORT_STRADDLE,23992.15,35.05,NEUTRAL,Spot nearly flat +2.80
2026-07-28T14:29:00+05:30,NSE:NIFTY50-INDEX,MIXED_PREMIUM_REGIME,HOLD_FIRE,WEAK_PUT_BIAS,40.0,0.0,40.0,PUT,DOWNWARD_ROTATION,FAST_DECAY,DECAY_BREAKDOWN_UNCONFIRMED,SHORT_STRADDLE,23987.95,35.25,CORRECT,Spot -3.45
2026-07-28T14:30:00+05:30,NSE:NIFTY50-INDEX,ROTATION_WITH_EXPANSION,HOLD_FIRE,WEAK_PUT_BIAS,40.0,0.0,40.0,PUT,DOWNWARD_ROTATION,PREMIUM_EXPANSION,DECAY_BREAKDOWN_UNCONFIRMED,SHORT_STRADDLE,23986.0,37.5,NEUTRAL,Spot nearly flat +6.70
2026-07-28T14:31:00+05:30,NSE:NIFTY50-INDEX,MIXED_PREMIUM_REGIME,HOLD_FIRE,WEAK_PUT_BIAS,25.0,15.0,25.0,CALL,DOWNWARD_ROTATION,FAST_DECAY,DECAY_BREAKDOWN,SHORT_STRADDLE,23982.8,36.1,NEUTRAL,Spot nearly flat +0.45
2026-07-28T14:32:00+05:30,NSE:NIFTY50-INDEX,ROTATION_WITH_EXPANSION,HOLD_FIRE,WEAK_PUT_BIAS,55.0,0.0,55.0,PUT,DOWNWARD_ROTATION,PREMIUM_EXPANSION,DECAY_BREAKDOWN_UNCONFIRMED,SHORT_STRADDLE,23977.6,37.75,NEUTRAL,Spot nearly flat +6.45
2026-07-28T14:33:00+05:30,NSE:NIFTY50-INDEX,MIXED_PREMIUM_REGIME,HOLD_FIRE,WEAK_PUT_BIAS,40.0,15.0,40.0,PUT,AGGRESSIVE_DOWNWARD_ROTATION,FAST_DECAY,DECAY_BREAKDOWN,SHORT_STRADDLE,23974.0,40.25,NEUTRAL,Spot nearly flat +2.70
2026-07-28T14:34:00+05:30,NSE:NIFTY50-INDEX,MIXED_PREMIUM_REGIME,HOLD_FIRE,WEAK_PUT_BIAS,55.0,0.0,55.0,BALANCED,AGGRESSIVE_DOWNWARD_ROTATION,FAST_DECAY,DECAY_BREAKDOWN_UNCONFIRMED,SHORT_STRADDLE,23973.5,41.4,NEUTRAL,Spot nearly flat +6.15
2026-07-28T14:35:00+05:30,NSE:NIFTY50-INDEX,MIXED_PREMIUM_REGIME,HOLD_FIRE,WEAK_PUT_BIAS,55.0,0.0,55.0,PUT,AGGRESSIVE_DOWNWARD_ROTATION,FAST_DECAY,DECAY_BREAKDOWN,SHORT_STRADDLE,23973.0,39.9,NEUTRAL,Spot nearly flat +2.30
2026-07-28T14:36:00+05:30,NSE:NIFTY50-INDEX,MIXED_PREMIUM_REGIME,HOLD_FIRE,WEAK_PUT_BIAS,40.0,15.0,40.0,CALL,DOWNWARD_ROTATION,FAST_DECAY,DECAY_BREAKDOWN,SHORT_STRADDLE,23982.7,35.65,CORRECT,Spot -12.25
2026-07-28T14:37:00+05:30,NSE:NIFTY50-INDEX,MIXED_PREMIUM_REGIME,HOLD_FIRE,WEAK_PUT_BIAS,25.0,15.0,25.0,CALL,DOWNWARD_ROTATION,FAST_DECAY,DECAY_BREAKDOWN,SHORT_STRADDLE,23985.8,32.15,CORRECT,Spot -11.80
2026-07-28T14:38:00+05:30,NSE:NIFTY50-INDEX,MIXED_PREMIUM_REGIME,HOLD_FIRE,WEAK_PUT_BIAS,25.0,15.0,25.0,CALL,DOWNWARD_ROTATION,FAST_DECAY,DECAY_BREAKDOWN,SHORT_STRADDLE,23988.0,31.45,CORRECT,Spot -6.80
2026-07-28T14:39:00+05:30,NSE:NIFTY50-INDEX,MIXED_PREMIUM_REGIME,HOLD_FIRE,WEAK_PUT_BIAS,25.0,15.0,25.0,PUT,DOWNWARD_ROTATION,FAST_DECAY,DECAY_BREAKDOWN_UNCONFIRMED,SHORT_STRADDLE,23988.6,31.5,CORRECT,Spot -10.10
2026-07-28T14:40:00+05:30,NSE:NIFTY50-INDEX,MIXED_PREMIUM_REGIME,HOLD_FIRE,WEAK_PUT_BIAS,25.0,15.0,25.0,CALL,DOWNWARD_ROTATION,FAST_DECAY,DECAY_BREAKDOWN,SHORT_STRADDLE,23990.6,31.0,CORRECT,Spot -2.65
2026-07-28T14:41:00+05:30,NSE:NIFTY50-INDEX,MIXED_PREMIUM_REGIME,HOLD_FIRE,WEAK_PUT_BIAS,25.0,15.0,25.0,CALL,DOWNWARD_ROTATION,FAST_DECAY,DECAY_BREAKDOWN,SHORT_STRADDLE,23995.3,28.8,CORRECT,Spot -12.00
2026-07-28T14:42:00+05:30,NSE:NIFTY50-INDEX,MIXED_PREMIUM_REGIME,HOLD_FIRE,WEAK_PUT_BIAS,40.0,0.0,40.0,PUT,DOWNWARD_ROTATION,FAST_DECAY,DECAY_BREAKDOWN_UNCONFIRMED,SHORT_STRADDLE,23995.7,29.6,CORRECT,Spot -13.55
2026-07-28T14:43:00+05:30,NSE:NIFTY50-INDEX,MIXED_PREMIUM_REGIME,HOLD_FIRE,WEAK_PUT_BIAS,25.0,15.0,25.0,BALANCED,DOWNWARD_ROTATION,FAST_DECAY,DECAY_BREAKDOWN_UNCONFIRMED,SHORT_STRADDLE,23994.95,30.2,CORRECT,Spot -15.45
2026-07-28T14:44:00+05:30,NSE:NIFTY50-INDEX,MIXED_PREMIUM_REGIME,HOLD_FIRE,WEAK_PUT_BIAS,40.0,0.0,40.0,PUT,DOWNWARD_ROTATION,FAST_DECAY,DECAY_BREAKDOWN_UNCONFIRMED,SHORT_STRADDLE,23984.5,30.4,CORRECT,Spot -5.90
2026-07-28T14:45:00+05:30,NSE:NIFTY50-INDEX,MIXED_PREMIUM_REGIME,HOLD_FIRE,WEAK_PUT_BIAS,25.0,15.0,25.0,CALL,DOWNWARD_ROTATION,FAST_DECAY,DECAY_BREAKDOWN,SHORT_STRADDLE,23992.7,28.95,CORRECT,Spot -10.40
2026-07-28T14:46:00+05:30,NSE:NIFTY50-INDEX,ROTATION_WITH_EXPANSION,HOLD_FIRE,WEAK_PUT_BIAS,55.0,0.0,55.0,PUT,DOWNWARD_ROTATION,PREMIUM_EXPANSION,DECAY_BREAKDOWN_UNCONFIRMED,SHORT_STRADDLE,23983.25,31.25,CORRECT,Spot -20.50
2026-07-28T14:47:00+05:30,NSE:NIFTY50-INDEX,ROTATION_WITH_EXPANSION,HOLD_FIRE,WEAK_PUT_BIAS,40.0,15.0,40.0,PUT,DOWNWARD_ROTATION,PREMIUM_EXPANSION,DECAY_BREAKDOWN_UNCONFIRMED,SHORT_STRADDLE,23984.05,33.2,CORRECT,Spot -22.40
2026-07-28T14:48:00+05:30,NSE:NIFTY50-INDEX,MIXED_PREMIUM_REGIME,HOLD_FIRE,WEAK_PUT_BIAS,55.0,0.0,55.0,PUT,DOWNWARD_ROTATION,FAST_DECAY,DECAY_BREAKDOWN,SHORT_STRADDLE,23976.7,33.1,CORRECT,Spot -14.40
2026-07-28T14:49:00+05:30,NSE:NIFTY50-INDEX,MIXED_PREMIUM_REGIME,HOLD_FIRE,WEAK_PUT_BIAS,40.0,0.0,40.0,CALL,DOWNWARD_ROTATION,FAST_DECAY,DECAY_BREAKDOWN,SHORT_STRADDLE,23979.65,29.5,CORRECT,Spot -13.55
2026-07-28T14:50:00+05:30,NSE:NIFTY50-INDEX,MIXED_PREMIUM_REGIME,HOLD_FIRE,WEAK_PUT_BIAS,40.0,0.0,40.0,PUT,DOWNWARD_ROTATION,FAST_DECAY,DECAY_BREAKDOWN,SHORT_STRADDLE,23975.3,28.9,CORRECT,Spot -11.85
2026-07-28T14:51:00+05:30,NSE:NIFTY50-INDEX,MIXED_PREMIUM_REGIME,HOLD_FIRE,WEAK_PUT_BIAS,55.0,0.0,55.0,PUT,AGGRESSIVE_DOWNWARD_ROTATION,FAST_DECAY,DECAY_BREAKDOWN,SHORT_STRADDLE,23970.45,39.25,CORRECT,Spot -3.30
2026-07-28T14:52:00+05:30,NSE:NIFTY50-INDEX,ROTATION_WITH_EXPANSION,HOLD_FIRE,WEAK_PUT_BIAS,40.0,0.0,40.0,BALANCED,AGGRESSIVE_DOWNWARD_ROTATION,PREMIUM_EXPANSION,DECAY_BREAKDOWN_UNCONFIRMED,SHORT_STRADDLE,23974.0,40.75,CORRECT,Spot -4.10
2026-07-28T14:53:00+05:30,NSE:NIFTY50-INDEX,MIXED_PREMIUM_REGIME,HOLD_FIRE,WEAK_PUT_BIAS,40.0,0.0,40.0,CALL,DOWNWARD_ROTATION,FAST_DECAY,DECAY_BREAKDOWN,SHORT_STRADDLE,23981.2,27.9,CORRECT,Spot -15.90
2026-07-28T14:54:00+05:30,NSE:NIFTY50-INDEX,ROTATION_WITH_EXPANSION,HOLD_FIRE,WEAK_PUT_BIAS,55.0,0.0,55.0,PUT,DOWNWARD_ROTATION,PREMIUM_EXPANSION,DECAY_BREAKDOWN_UNCONFIRMED,SHORT_STRADDLE,23978.5,29.45,CORRECT,Spot -11.80
2026-07-28T14:55:00+05:30,NSE:NIFTY50-INDEX,MIXED_PREMIUM_REGIME,HOLD_FIRE,WEAK_PUT_BIAS,55.0,0.0,55.0,CALL,DOWNWARD_ROTATION,FAST_DECAY,DECAY_BREAKDOWN,SHORT_STRADDLE,23987.95,27.25,CORRECT,Spot -21.95
2026-07-28T14:56:00+05:30,NSE:NIFTY50-INDEX,ROTATION_WITH_EXPANSION,HOLD_FIRE,WEAK_PUT_BIAS,40.0,0.0,40.0,PUT,DOWNWARD_ROTATION,PREMIUM_EXPANSION,DECAY_BREAKDOWN_UNCONFIRMED,SHORT_STRADDLE,23983.3,28.65,CORRECT,Spot -18.75
2026-07-28T14:57:00+05:30,NSE:NIFTY50-INDEX,ROTATION_WITH_EXPANSION,HOLD_FIRE,WEAK_PUT_BIAS,40.0,0.0,40.0,BALANCED,DOWNWARD_ROTATION,PREMIUM_EXPANSION,DECAY_BREAKDOWN_UNCONFIRMED,SHORT_STRADDLE,23982.15,30.3,CORRECT,Spot -18.10
2026-07-28T14:58:00+05:30,NSE:NIFTY50-INDEX,MIXED_PREMIUM_REGIME,HOLD_FIRE,WEAK_PUT_BIAS,40.0,0.0,40.0,PUT,DOWNWARD_ROTATION,FAST_DECAY,DECAY_BREAKDOWN_UNCONFIRMED,SHORT_STRADDLE,23979.5,30.4,CORRECT,Spot -13.60
2026-07-28T14:59:00+05:30,NSE:NIFTY50-INDEX,MIXED_PREMIUM_REGIME,HOLD_FIRE,WEAK_PUT_BIAS,40.0,0.0,40.0,BALANCED,DOWNWARD_ROTATION,FAST_DECAY,DECAY_BREAKDOWN_UNCONFIRMED,SHORT_STRADDLE,23978.6,31.15,CORRECT,Spot -10.80
2026-07-28T15:00:00+05:30,NSE:NIFTY50-INDEX,MIXED_PREMIUM_REGIME,HOLD_FIRE,WEAK_PUT_BIAS,55.0,0.0,55.0,CALL,DOWNWARD_ROTATION,FAST_DECAY,DECAY_BREAKDOWN,SHORT_STRADDLE,23982.3,27.8,CORRECT,Spot -13.30
2026-07-28T15:01:00+05:30,NSE:NIFTY50-INDEX,MIXED_PREMIUM_REGIME,WAIT,PUT_BIAS,75.0,0.0,75.0,PUT,AGGRESSIVE_DOWNWARD_ROTATION,FAST_DECAY,DECAY_BREAKDOWN,SHORT_STRADDLE,23962.75,21.1,WRONG,Spot +15.75
2026-07-28T15:02:00+05:30,NSE:NIFTY50-INDEX,MIXED_PREMIUM_REGIME,WAIT,PUT_BIAS,75.0,0.0,75.0,CALL,AGGRESSIVE_DOWNWARD_ROTATION,FAST_DECAY,DECAY_BREAKDOWN,SHORT_STRADDLE,23961.65,19.7,WRONG,Spot +16.50
2026-07-28T15:03:00+05:30,NSE:NIFTY50-INDEX,MIXED_PREMIUM_REGIME,HOLD_FIRE,PUT_BIAS,75.0,0.0,75.0,BALANCED,AGGRESSIVE_DOWNWARD_ROTATION,FAST_DECAY,DECAY_BREAKDOWN,SHORT_STRADDLE,23962.3,16.9,WRONG,Spot +12.60
2026-07-28T15:04:00+05:30,NSE:NIFTY50-INDEX,MIXED_PREMIUM_REGIME,WAIT,PUT_BIAS,75.0,0.0,75.0,CALL,AGGRESSIVE_DOWNWARD_ROTATION,FAST_DECAY,DECAY_BREAKDOWN,SHORT_STRADDLE,23966.1,16.9,WRONG,Spot +24.90
2026-07-28T15:05:00+05:30,NSE:NIFTY50-INDEX,MIXED_PREMIUM_REGIME,WAIT,PUT_BIAS,75.0,0.0,75.0,CALL,AGGRESSIVE_DOWNWARD_ROTATION,FAST_DECAY,DECAY_BREAKDOWN,SHORT_STRADDLE,23963.45,16.0,WRONG,Spot +37.40
2026-07-28T15:06:00+05:30,NSE:NIFTY50-INDEX,MIXED_PREMIUM_REGIME,WAIT,PUT_BIAS,75.0,0.0,75.0,PUT,AGGRESSIVE_DOWNWARD_ROTATION,FAST_DECAY,DECAY_BREAKDOWN,SHORT_STRADDLE,23967.15,15.55,WRONG,Spot +36.55
2026-07-28T15:07:00+05:30,NSE:NIFTY50-INDEX,ROTATION_WITH_EXPANSION,WAIT,PUT_BIAS,75.0,0.0,75.0,CALL,AGGRESSIVE_DOWNWARD_ROTATION,PREMIUM_EXPANSION,DECAY_BREAKDOWN_UNCONFIRMED,SHORT_STRADDLE,23969.9,16.1,WRONG,Spot +40.80
2026-07-28T15:08:00+05:30,NSE:NIFTY50-INDEX,MIXED_PREMIUM_REGIME,WAIT,PUT_BIAS,75.0,0.0,75.0,PUT,AGGRESSIVE_DOWNWARD_ROTATION,FAST_DECAY,DECAY_BREAKDOWN,SHORT_STRADDLE,23965.3,15.7,WRONG,Spot +43.95
2026-07-28T15:09:00+05:30,NSE:NIFTY50-INDEX,MIXED_PREMIUM_REGIME,HOLD_FIRE,PUT_BIAS,75.0,0.0,75.0,BALANCED,AGGRESSIVE_DOWNWARD_ROTATION,FAST_DECAY,DECAY_BREAKDOWN,SHORT_STRADDLE,23966.7,14.7,WRONG,Spot +40.65
2026-07-28T15:10:00+05:30,NSE:NIFTY50-INDEX,MIXED_PREMIUM_REGIME,WAIT,PUT_BIAS,75.0,0.0,75.0,PUT,AGGRESSIVE_DOWNWARD_ROTATION,FAST_DECAY,DECAY_BREAKDOWN,SHORT_STRADDLE,23966.0,13.2,WRONG,Spot +24.55
2026-07-28T15:11:00+05:30,NSE:NIFTY50-INDEX,MIXED_PREMIUM_REGIME,WAIT,PUT_BIAS,75.0,0.0,75.0,PUT,AGGRESSIVE_DOWNWARD_ROTATION,FAST_DECAY,DECAY_BREAKDOWN,SHORT_STRADDLE,23964.55,12.6,WRONG,Spot +26.20
2026-07-28T15:12:00+05:30,NSE:NIFTY50-INDEX,MIXED_PREMIUM_REGIME,WAIT,PUT_BIAS,75.0,0.0,75.0,CALL,AGGRESSIVE_DOWNWARD_ROTATION,FAST_DECAY,DECAY_BREAKDOWN,SHORT_STRADDLE,23964.05,11.85,WRONG,Spot +22.35
2026-07-28T15:13:00+05:30,NSE:NIFTY50-INDEX,ROTATION_WITH_EXPANSION,WAIT,PUT_BIAS,75.0,0.0,75.0,CALL,AGGRESSIVE_DOWNWARD_ROTATION,PREMIUM_EXPANSION,DECAY_BREAKDOWN_UNCONFIRMED,SHORT_STRADDLE,23965.9,14.95,WRONG,Spot +21.40
2026-07-28T15:14:00+05:30,NSE:NIFTY50-INDEX,MIXED_PREMIUM_REGIME,WAIT,PUT_BIAS,75.0,0.0,75.0,PUT,AGGRESSIVE_DOWNWARD_ROTATION,FAST_DECAY,DECAY_BREAKDOWN,SHORT_STRADDLE,23967.8,14.7,WRONG,Spot +19.25
2026-07-28T15:15:00+05:30,NSE:NIFTY50-INDEX,ROTATION_WITH_EXPANSION,HOLD_FIRE,WEAK_PUT_BIAS,55.0,0.0,55.0,CALL,AGGRESSIVE_DOWNWARD_ROTATION,PREMIUM_EXPANSION,DECAY_BREAKDOWN_UNCONFIRMED,SHORT_STRADDLE,23969.0,16.4,UNSCORED,No future row
2026-07-28T15:16:00+05:30,NSE:NIFTY50-INDEX,MIXED_PREMIUM_REGIME,HOLD_FIRE,WEAK_PUT_BIAS,55.0,0.0,55.0,BALANCED,DOWNWARD_ROTATION,FAST_DECAY,DECAY_BREAKDOWN,SHORT_STRADDLE,23978.5,25.2,UNSCORED,No future row
2026-07-28T15:17:00+05:30,NSE:NIFTY50-INDEX,ROTATION_WITH_EXPANSION,HOLD_FIRE,WEAK_PUT_BIAS,55.0,0.0,55.0,PUT,DOWNWARD_ROTATION,PREMIUM_EXPANSION,DECAY_BREAKDOWN_UNCONFIRMED,SHORT_STRADDLE,23978.15,29.25,UNSCORED,No future row
2026-07-28T15:18:00+05:30,NSE:NIFTY50-INDEX,MIXED_PREMIUM_REGIME,HOLD_FIRE,WEAK_PUT_BIAS,55.0,0.0,55.0,CALL,AGGRESSIVE_DOWNWARD_ROTATION,FAST_DECAY,DECAY_BREAKDOWN,SHORT_STRADDLE,23974.9,20.65,UNSCORED,No future row
2026-07-28T15:19:00+05:30,NSE:NIFTY50-INDEX,MIXED_PREMIUM_REGIME,HOLD_FIRE,WEAK_PUT_BIAS,25.0,15.0,25.0,CALL,DOWNWARD_ROTATION,FAST_DECAY,DECAY_BREAKDOWN,SHORT_STRADDLE,23991.0,18.5,UNSCORED,No future row
2026-07-28T15:20:00+05:30,NSE:NIFTY50-INDEX,MIXED_PREMIUM_REGIME,WAIT,WEAK_CALL_BIAS,55.0,55.0,0.0,BALANCED,DOWNWARD_ROTATION,FAST_DECAY,DECAY_BREAKDOWN,SHORT_STRADDLE,24000.85,13.25,UNSCORED,No future row
2026-07-28T15:21:00+05:30,NSE:NIFTY50-INDEX,MIXED_PREMIUM_REGIME,WAIT,WEAK_CALL_BIAS,55.0,55.0,0.0,BALANCED,DOWNWARD_ROTATION,FAST_DECAY,DECAY_BREAKDOWN,SHORT_STRADDLE,24003.7,12.6,UNSCORED,No future row
2026-07-28T15:22:00+05:30,NSE:NIFTY50-INDEX,MIXED_PREMIUM_REGIME,WAIT,WEAK_CALL_BIAS,55.0,55.0,0.0,BALANCED,DOWNWARD_ROTATION,FAST_DECAY,DECAY_BREAKDOWN,SHORT_STRADDLE,24010.7,9.85,UNSCORED,No future row
2026-07-28T15:23:00+05:30,NSE:NIFTY50-INDEX,MIXED_PREMIUM_REGIME,WAIT,WEAK_CALL_BIAS,55.0,55.0,0.0,PUT,DOWNWARD_ROTATION,FAST_DECAY,DECAY_BREAKDOWN_UNCONFIRMED,SHORT_STRADDLE,24009.25,9.95,UNSCORED,No future row
2026-07-28T15:24:00+05:30,NSE:NIFTY50-INDEX,MIXED_PREMIUM_REGIME,WAIT,WEAK_CALL_BIAS,55.0,55.0,0.0,BALANCED,DOWNWARD_ROTATION,FAST_DECAY,DECAY_BREAKDOWN,SHORT_STRADDLE,24007.35,9.05,UNSCORED,No future row
2026-07-28T15:25:00+05:30,NSE:NIFTY50-INDEX,ROTATION_WITH_EXPANSION,HOLD_FIRE,WEAK_PUT_BIAS,40.0,0.0,40.0,BALANCED,DOWNWARD_ROTATION,PREMIUM_EXPANSION,DECAY_BREAKDOWN_UNCONFIRMED,SHORT_STRADDLE,23990.55,12.7,UNSCORED,No future row
2026-07-28T15:26:00+05:30,NSE:NIFTY50-INDEX,ROTATION_WITH_EXPANSION,HOLD_FIRE,WEAK_PUT_BIAS,40.0,0.0,40.0,CALL,DOWNWARD_ROTATION,PREMIUM_EXPANSION,DECAY_BREAKDOWN_UNCONFIRMED,SHORT_STRADDLE,23990.75,13.3,UNSCORED,No future row
2026-07-28T15:27:00+05:30,NSE:NIFTY50-INDEX,MIXED_PREMIUM_REGIME,HOLD_FIRE,WEAK_PUT_BIAS,40.0,0.0,40.0,CALL,DOWNWARD_ROTATION,FAST_DECAY,DECAY_BREAKDOWN,SHORT_STRADDLE,23986.4,13.05,UNSCORED,No future row
2026-07-28T15:28:00+05:30,NSE:NIFTY50-INDEX,MIXED_PREMIUM_REGIME,HOLD_FIRE,WEAK_PUT_BIAS,40.0,0.0,40.0,CALL,DOWNWARD_ROTATION,FAST_DECAY,DECAY_BREAKDOWN,SHORT_STRADDLE,23987.3,12.3,UNSCORED,No future row
2026-07-28T15:29:00+05:30,NSE:NIFTY50-INDEX,ROTATION_WITH_EXPANSION,HOLD_FIRE,WEAK_PUT_BIAS,40.0,0.0,40.0,PUT,DOWNWARD_ROTATION,PREMIUM_EXPANSION,DECAY_BREAKDOWN_UNCONFIRMED,SHORT_STRADDLE,23987.05,14.2,UNSCORED,No future row
2026-07-28T09:15:00+05:30,NSE:NIFTYBANK-INDEX,MIXED_PREMIUM_REGIME,HOLD_FIRE,WEAK_PUT_BIAS,25.0,0.0,25.0,PUT,DOWNWARD_ROTATION,BALANCED,OPENING_RANGE_NOT_READY,NEUTRAL,56965.45,304.6,CORRECT,Spot -39.00
2026-07-28T09:16:00+05:30,NSE:NIFTYBANK-INDEX,MIXED_PREMIUM_REGIME,HOLD_FIRE,WEAK_PUT_BIAS,25.0,0.0,25.0,BALANCED,DOWNWARD_ROTATION,BALANCED,OPENING_RANGE_NOT_READY,NEUTRAL,57011.2,278.5,CORRECT,Spot -95.85
2026-07-28T09:17:00+05:30,NSE:NIFTYBANK-INDEX,MIXED_PREMIUM_REGIME,WAIT,WEAK_CALL_BIAS,15.0,15.0,10.0,PUT,DOWNWARD_ROTATION,BALANCED,OPENING_RANGE_NOT_READY,NEUTRAL,57013.75,284.05,WRONG,Spot -143.25
2026-07-28T09:25:00+05:30,NSE:NIFTYBANK-INDEX,MIXED_PREMIUM_REGIME,HOLD_FIRE,WEAK_PUT_BIAS,40.0,0.0,40.0,PUT,DOWNWARD_ROTATION,SLOW_DECAY,OPENING_RANGE_NOT_READY,NEUTRAL,56947.85,277.05,CORRECT,Spot -25.75
2026-07-28T09:26:00+05:30,NSE:NIFTYBANK-INDEX,MIXED_PREMIUM_REGIME,HOLD_FIRE,WEAK_PUT_BIAS,55.0,0.0,55.0,PUT,DOWNWARD_ROTATION,SLOW_DECAY,OPENING_RANGE_NOT_READY,NEUTRAL,56913.95,273.45,NEUTRAL,Spot nearly flat +3.55
2026-07-28T09:27:00+05:30,NSE:NIFTYBANK-INDEX,MIXED_PREMIUM_REGIME,HOLD_FIRE,WEAK_PUT_BIAS,55.0,0.0,55.0,CALL,DOWNWARD_ROTATION,SLOW_DECAY,OPENING_RANGE_NOT_READY,NEUTRAL,56908.05,271.85,CORRECT,Spot -5.25
2026-07-28T09:28:00+05:30,NSE:NIFTYBANK-INDEX,MIXED_PREMIUM_REGIME,HOLD_FIRE,WEAK_PUT_BIAS,55.0,0.0,55.0,BALANCED,DOWNWARD_ROTATION,SLOW_DECAY,OPENING_RANGE_NOT_READY,NEUTRAL,56909.2,268.8,CORRECT,Spot -0.50
2026-07-28T09:29:00+05:30,NSE:NIFTYBANK-INDEX,MIXED_PREMIUM_REGIME,HOLD_FIRE,WEAK_PUT_BIAS,40.0,0.0,40.0,CALL,DOWNWARD_ROTATION,SLOW_DECAY,OPENING_RANGE_NOT_READY,NEUTRAL,56942.15,268.5,CORRECT,Spot -21.75
2026-07-28T09:30:00+05:30,NSE:NIFTYBANK-INDEX,MIXED_PREMIUM_REGIME,HOLD_FIRE,WEAK_PUT_BIAS,55.0,0.0,55.0,PUT,DOWNWARD_ROTATION,SLOW_DECAY,DECAY_BREAKDOWN_UNCONFIRMED,SHORT_STRADDLE,56926.45,266.8,CORRECT,Spot -49.95
2026-07-28T09:31:00+05:30,NSE:NIFTYBANK-INDEX,MIXED_PREMIUM_REGIME,HOLD_FIRE,WEAK_PUT_BIAS,55.0,0.0,55.0,PUT,DOWNWARD_ROTATION,SLOW_DECAY,DECAY_BREAKDOWN,SHORT_STRADDLE,56915.35,266.25,CORRECT,Spot -48.75
2026-07-28T09:32:00+05:30,NSE:NIFTYBANK-INDEX,MIXED_PREMIUM_REGIME,HOLD_FIRE,WEAK_PUT_BIAS,55.0,0.0,55.0,PUT,DOWNWARD_ROTATION,SLOW_DECAY,DECAY_BREAKDOWN,SHORT_STRADDLE,56870.5,264.85,CORRECT,Spot -6.95
2026-07-28T09:33:00+05:30,NSE:NIFTYBANK-INDEX,MIXED_PREMIUM_REGIME,WAIT,PUT_BIAS,75.0,0.0,75.0,PUT,DOWNWARD_ROTATION,SLOW_DECAY,DECAY_BREAKDOWN_UNCONFIRMED,SHORT_STRADDLE,56872.8,266.75,CORRECT,Spot -10.95
2026-07-28T09:34:00+05:30,NSE:NIFTYBANK-INDEX,MIXED_PREMIUM_REGIME,HOLD_FIRE,PUT_BIAS,75.0,0.0,75.0,BALANCED,DOWNWARD_ROTATION,SLOW_DECAY,DECAY_BREAKDOWN,SHORT_STRADDLE,56872.2,258.85,CORRECT,Spot -3.30
2026-07-28T09:35:00+05:30,NSE:NIFTYBANK-INDEX,MIXED_PREMIUM_REGIME,HOLD_FIRE,WEAK_PUT_BIAS,55.0,0.0,55.0,CALL,DOWNWARD_ROTATION,SLOW_DECAY,DECAY_BREAKDOWN,SHORT_STRADDLE,56907.55,256.3,CORRECT,Spot -45.85
2026-07-28T09:36:00+05:30,NSE:NIFTYBANK-INDEX,MIXED_PREMIUM_REGIME,HOLD_FIRE,WEAK_PUT_BIAS,55.0,0.0,55.0,CALL,DOWNWARD_ROTATION,SLOW_DECAY,DECAY_BREAKDOWN,SHORT_STRADDLE,56913.85,255.3,CORRECT,Spot -76.60
2026-07-28T09:37:00+05:30,NSE:NIFTYBANK-INDEX,MIXED_PREMIUM_REGIME,HOLD_FIRE,WEAK_PUT_BIAS,55.0,0.0,55.0,CALL,DOWNWARD_ROTATION,SLOW_DECAY,DECAY_BREAKDOWN,SHORT_STRADDLE,56927.2,254.4,CORRECT,Spot -101.15
2026-07-28T09:38:00+05:30,NSE:NIFTYBANK-INDEX,MIXED_PREMIUM_REGIME,HOLD_FIRE,WEAK_PUT_BIAS,55.0,0.0,55.0,PUT,DOWNWARD_ROTATION,SLOW_DECAY,DECAY_BREAKDOWN,SHORT_STRADDLE,56921.8,251.45,CORRECT,Spot -118.65
2026-07-28T09:39:00+05:30,NSE:NIFTYBANK-INDEX,MIXED_PREMIUM_REGIME,HOLD_FIRE,WEAK_PUT_BIAS,40.0,0.0,40.0,CALL,DOWNWARD_ROTATION,SLOW_DECAY,DECAY_BREAKDOWN_UNCONFIRMED,SHORT_STRADDLE,56947.3,252.65,CORRECT,Spot -130.85
2026-07-28T09:40:00+05:30,NSE:NIFTYBANK-INDEX,MIXED_PREMIUM_REGIME,HOLD_FIRE,WEAK_PUT_BIAS,55.0,0.0,55.0,PUT,DOWNWARD_ROTATION,SLOW_DECAY,DECAY_BREAKDOWN,SHORT_STRADDLE,56922.1,248.55,CORRECT,Spot -108.20
2026-07-28T09:41:00+05:30,NSE:NIFTYBANK-INDEX,MIXED_PREMIUM_REGIME,HOLD_FIRE,WEAK_PUT_BIAS,55.0,0.0,55.0,PUT,DOWNWARD_ROTATION,SLOW_DECAY,DECAY_BREAKDOWN_UNCONFIRMED,SHORT_STRADDLE,56917.5,248.85,CORRECT,Spot -69.80
2026-07-28T09:42:00+05:30,NSE:NIFTYBANK-INDEX,MIXED_PREMIUM_REGIME,HOLD_FIRE,WEAK_PUT_BIAS,55.0,0.0,55.0,PUT,DOWNWARD_ROTATION,SLOW_DECAY,DECAY_BREAKDOWN,SHORT_STRADDLE,56902.8,245.9,CORRECT,Spot -62.95
2026-07-28T09:43:00+05:30,NSE:NIFTYBANK-INDEX,MIXED_PREMIUM_REGIME,HOLD_FIRE,WEAK_PUT_BIAS,55.0,0.0,55.0,CALL,DOWNWARD_ROTATION,SLOW_DECAY,DECAY_BREAKDOWN_UNCONFIRMED,SHORT_STRADDLE,56908.7,246.9,CORRECT,Spot -73.05
2026-07-28T09:44:00+05:30,NSE:NIFTYBANK-INDEX,MIXED_PREMIUM_REGIME,HOLD_FIRE,WEAK_PUT_BIAS,55.0,0.0,55.0,CALL,DOWNWARD_ROTATION,SLOW_DECAY,DECAY_BREAKDOWN_UNCONFIRMED,SHORT_STRADDLE,56920.4,247.55,CORRECT,Spot -83.50
2026-07-28T09:45:00+05:30,NSE:NIFTYBANK-INDEX,MIXED_PREMIUM_REGIME,WAIT,PUT_BIAS,75.0,0.0,75.0,PUT,DOWNWARD_ROTATION,SLOW_DECAY,DECAY_BREAKDOWN_UNCONFIRMED,SHORT_STRADDLE,56876.5,247.8,CORRECT,Spot -30.60
2026-07-28T09:46:00+05:30,NSE:NIFTYBANK-INDEX,MIXED_PREMIUM_REGIME,WAIT,PUT_BIAS,75.0,0.0,75.0,CALL,DOWNWARD_ROTATION,SLOW_DECAY,DECAY_BREAKDOWN,SHORT_STRADDLE,56866.6,247.8,CORRECT,Spot -27.50
2026-07-28T09:47:00+05:30,NSE:NIFTYBANK-INDEX,MIXED_PREMIUM_REGIME,WAIT,PUT_BIAS,75.0,0.0,75.0,PUT,DOWNWARD_ROTATION,SLOW_DECAY,DECAY_BREAKDOWN_UNCONFIRMED,SHORT_STRADDLE,56863.55,249.7,CORRECT,Spot -24.80
2026-07-28T09:48:00+05:30,NSE:NIFTYBANK-INDEX,MIXED_PREMIUM_REGIME,WAIT,PUT_BIAS,75.0,0.0,75.0,CALL,DOWNWARD_ROTATION,SLOW_DECAY,DECAY_BREAKDOWN,SHORT_STRADDLE,56861.85,248.85,CORRECT,Spot -20.35
2026-07-28T09:49:00+05:30,NSE:NIFTYBANK-INDEX,MIXED_PREMIUM_REGIME,WAIT,PUT_BIAS,75.0,0.0,75.0,CALL,DOWNWARD_ROTATION,SLOW_DECAY,DECAY_BREAKDOWN,SHORT_STRADDLE,56868.9,247.75,CORRECT,Spot -24.70
2026-07-28T09:50:00+05:30,NSE:NIFTYBANK-INDEX,MIXED_PREMIUM_REGIME,HOLD_FIRE,PUT_BIAS,75.0,0.0,75.0,BALANCED,DOWNWARD_ROTATION,SLOW_DECAY,DECAY_BREAKDOWN,SHORT_STRADDLE,56861.7,245.45,CORRECT,Spot -28.25
2026-07-28T09:51:00+05:30,NSE:NIFTYBANK-INDEX,MIXED_PREMIUM_REGIME,WAIT,PUT_BIAS,75.0,0.0,75.0,PUT,AGGRESSIVE_DOWNWARD_ROTATION,FAST_DECAY,DECAY_BREAKDOWN,SHORT_STRADDLE,56837.25,250.6,NEUTRAL,Spot nearly flat +4.35
2026-07-28T09:52:00+05:30,NSE:NIFTYBANK-INDEX,MIXED_PREMIUM_REGIME,WAIT,PUT_BIAS,75.0,0.0,75.0,PUT,AGGRESSIVE_DOWNWARD_ROTATION,FAST_DECAY,DECAY_BREAKDOWN_UNCONFIRMED,SHORT_STRADDLE,56826.05,251.1,NEUTRAL,Spot nearly flat +26.50
2026-07-28T09:53:00+05:30,NSE:NIFTYBANK-INDEX,MIXED_PREMIUM_REGIME,WAIT,PUT_BIAS,75.0,0.0,75.0,PUT,AGGRESSIVE_DOWNWARD_ROTATION,FAST_DECAY,DECAY_BREAKDOWN,SHORT_STRADDLE,56803.15,250.55,WRONG,Spot +60.85
2026-07-28T09:54:00+05:30,NSE:NIFTYBANK-INDEX,MIXED_PREMIUM_REGIME,WAIT,PUT_BIAS,75.0,0.0,75.0,CALL,AGGRESSIVE_DOWNWARD_ROTATION,FAST_DECAY,DECAY_BREAKDOWN,SHORT_STRADDLE,56816.45,248.55,WRONG,Spot +44.95
2026-07-28T09:55:00+05:30,NSE:NIFTYBANK-INDEX,MIXED_PREMIUM_REGIME,HOLD_FIRE,PUT_BIAS,75.0,0.0,75.0,BALANCED,AGGRESSIVE_DOWNWARD_ROTATION,FAST_DECAY,DECAY_BREAKDOWN,SHORT_STRADDLE,56813.9,246.75,WRONG,Spot +33.40
2026-07-28T09:56:00+05:30,NSE:NIFTYBANK-INDEX,MIXED_PREMIUM_REGIME,WAIT,PUT_BIAS,75.0,0.0,75.0,CALL,AGGRESSIVE_DOWNWARD_ROTATION,FAST_DECAY,DECAY_BREAKDOWN,SHORT_STRADDLE,56847.7,246.25,NEUTRAL,Spot nearly flat +5.60
2026-07-28T09:57:00+05:30,NSE:NIFTYBANK-INDEX,MIXED_PREMIUM_REGIME,WAIT,PUT_BIAS,75.0,0.0,75.0,PUT,AGGRESSIVE_DOWNWARD_ROTATION,FAST_DECAY,DECAY_BREAKDOWN,SHORT_STRADDLE,56839.85,244.05,WRONG,Spot +35.15
2026-07-28T09:58:00+05:30,NSE:NIFTYBANK-INDEX,MIXED_PREMIUM_REGIME,WAIT,PUT_BIAS,75.0,0.0,75.0,PUT,AGGRESSIVE_DOWNWARD_ROTATION,FAST_DECAY,DECAY_BREAKDOWN_UNCONFIRMED,SHORT_STRADDLE,56835.65,245.85,WRONG,Spot +57.15
2026-07-28T09:59:00+05:30,NSE:NIFTYBANK-INDEX,MIXED_PREMIUM_REGIME,WAIT,PUT_BIAS,75.0,0.0,75.0,CALL,AGGRESSIVE_DOWNWARD_ROTATION,FAST_DECAY,DECAY_BREAKDOWN,SHORT_STRADDLE,56836.9,243.5,WRONG,Spot +65.25
2026-07-28T10:00:00+05:30,NSE:NIFTYBANK-INDEX,MIXED_PREMIUM_REGIME,WAIT,PUT_BIAS,75.0,0.0,75.0,CALL,AGGRESSIVE_DOWNWARD_ROTATION,FAST_DECAY,DECAY_BREAKDOWN,SHORT_STRADDLE,56845.9,242.45,WRONG,Spot +51.30
2026-07-28T10:01:00+05:30,NSE:NIFTYBANK-INDEX,MIXED_PREMIUM_REGIME,WAIT,PUT_BIAS,75.0,0.0,75.0,PUT,AGGRESSIVE_DOWNWARD_ROTATION,FAST_DECAY,DECAY_BREAKDOWN,SHORT_STRADDLE,56839.1,240.95,WRONG,Spot +97.95
2026-07-28T10:02:00+05:30,NSE:NIFTYBANK-INDEX,MIXED_PREMIUM_REGIME,WAIT,PUT_BIAS,75.0,0.0,75.0,PUT,AGGRESSIVE_DOWNWARD_ROTATION,FAST_DECAY,DECAY_BREAKDOWN_UNCONFIRMED,SHORT_STRADDLE,56838.75,241.95,WRONG,Spot +100.60
2026-07-28T10:03:00+05:30,NSE:NIFTYBANK-INDEX,MIXED_PREMIUM_REGIME,WAIT,PUT_BIAS,75.0,0.0,75.0,CALL,AGGRESSIVE_DOWNWARD_ROTATION,FAST_DECAY,DECAY_BREAKDOWN,SHORT_STRADDLE,56841.5,240.55,WRONG,Spot +111.45
2026-07-28T10:04:00+05:30,NSE:NIFTYBANK-INDEX,MIXED_PREMIUM_REGIME,WAIT,PUT_BIAS,75.0,0.0,75.0,CALL,AGGRESSIVE_DOWNWARD_ROTATION,FAST_DECAY,DECAY_BREAKDOWN_UNCONFIRMED,SHORT_STRADDLE,56844.2,242.6,WRONG,Spot +91.45
2026-07-28T10:05:00+05:30,NSE:NIFTYBANK-INDEX,MIXED_PREMIUM_REGIME,WAIT,PUT_BIAS,75.0,0.0,75.0,PUT,AGGRESSIVE_DOWNWARD_ROTATION,FAST_DECAY,DECAY_BREAKDOWN,SHORT_STRADDLE,56833.45,238.65,WRONG,Spot +96.05
2026-07-28T10:06:00+05:30,NSE:NIFTYBANK-INDEX,MIXED_PREMIUM_REGIME,WAIT,PUT_BIAS,75.0,0.0,75.0,CALL,AGGRESSIVE_DOWNWARD_ROTATION,FAST_DECAY,DECAY_BREAKDOWN_UNCONFIRMED,SHORT_STRADDLE,56841.6,239.5,WRONG,Spot +75.65
2026-07-28T10:07:00+05:30,NSE:NIFTYBANK-INDEX,MIXED_PREMIUM_REGIME,WAIT,PUT_BIAS,75.0,0.0,75.0,CALL,AGGRESSIVE_DOWNWARD_ROTATION,FAST_DECAY,DECAY_BREAKDOWN,SHORT_STRADDLE,56852.55,237.55,WRONG,Spot +62.90
2026-07-28T10:08:00+05:30,NSE:NIFTYBANK-INDEX,MIXED_PREMIUM_REGIME,WAIT,PUT_BIAS,75.0,0.0,75.0,CALL,AGGRESSIVE_DOWNWARD_ROTATION,FAST_DECAY,DECAY_BREAKDOWN_UNCONFIRMED,SHORT_STRADDLE,56864.0,238.4,WRONG,Spot +40.50
2026-07-28T10:09:00+05:30,NSE:NIFTYBANK-INDEX,MIXED_PREMIUM_REGIME,HOLD_FIRE,PUT_BIAS,75.0,0.0,75.0,BALANCED,AGGRESSIVE_DOWNWARD_ROTATION,FAST_DECAY,DECAY_BREAKDOWN,SHORT_STRADDLE,56861.4,235.65,WRONG,Spot +52.65
2026-07-28T10:10:00+05:30,NSE:NIFTYBANK-INDEX,MIXED_PREMIUM_REGIME,WAIT,PUT_BIAS,75.0,0.0,75.0,PUT,AGGRESSIVE_DOWNWARD_ROTATION,FAST_DECAY,DECAY_BREAKDOWN,SHORT_STRADDLE,56847.3,238.05,WRONG,Spot +69.00
2026-07-28T10:11:00+05:30,NSE:NIFTYBANK-INDEX,MIXED_PREMIUM_REGIME,WAIT,PUT_BIAS,75.0,0.0,75.0,CALL,AGGRESSIVE_DOWNWARD_ROTATION,FAST_DECAY,DECAY_BREAKDOWN,SHORT_STRADDLE,56853.3,234.9,WRONG,Spot +85.50
2026-07-28T10:12:00+05:30,NSE:NIFTYBANK-INDEX,MIXED_PREMIUM_REGIME,WAIT,PUT_BIAS,75.0,0.0,75.0,CALL,AGGRESSIVE_DOWNWARD_ROTATION,FAST_DECAY,DECAY_BREAKDOWN,SHORT_STRADDLE,56875.0,232.15,WRONG,Spot +51.50
2026-07-28T10:13:00+05:30,NSE:NIFTYBANK-INDEX,MIXED_PREMIUM_REGIME,WAIT,PUT_BIAS,75.0,0.0,75.0,CALL,AGGRESSIVE_DOWNWARD_ROTATION,FAST_DECAY,DECAY_BREAKDOWN,SHORT_STRADDLE,56892.8,229.6,NEUTRAL,Spot nearly flat +20.85
2026-07-28T10:14:00+05:30,NSE:NIFTYBANK-INDEX,MIXED_PREMIUM_REGIME,HOLD_FIRE,WEAK_PUT_BIAS,55.0,0.0,55.0,CALL,AGGRESSIVE_DOWNWARD_ROTATION,FAST_DECAY,DECAY_BREAKDOWN,SHORT_STRADDLE,56902.15,228.4,NEUTRAL,Spot nearly flat +3.10
2026-07-28T10:15:00+05:30,NSE:NIFTYBANK-INDEX,MIXED_PREMIUM_REGIME,HOLD_FIRE,WEAK_PUT_BIAS,55.0,0.0,55.0,BALANCED,AGGRESSIVE_DOWNWARD_ROTATION,FAST_DECAY,DECAY_BREAKDOWN,SHORT_STRADDLE,56897.2,227.2,CORRECT,Spot -18.40
2026-07-28T10:16:00+05:30,NSE:NIFTYBANK-INDEX,MIXED_PREMIUM_REGIME,HOLD_FIRE,WEAK_PUT_BIAS,40.0,0.0,40.0,CALL,AGGRESSIVE_DOWNWARD_ROTATION,FAST_DECAY,DECAY_BREAKDOWN,SHORT_STRADDLE,56937.05,224.45,CORRECT,Spot -33.15
2026-07-28T10:17:00+05:30,NSE:NIFTYBANK-INDEX,MIXED_PREMIUM_REGIME,HOLD_FIRE,WEAK_PUT_BIAS,25.0,15.0,25.0,BALANCED,AGGRESSIVE_DOWNWARD_ROTATION,FAST_DECAY,DECAY_BREAKDOWN_UNCONFIRMED,SHORT_STRADDLE,56939.35,225.05,CORRECT,Spot -19.70
2026-07-28T10:18:00+05:30,NSE:NIFTYBANK-INDEX,MIXED_PREMIUM_REGIME,HOLD_FIRE,WEAK_CALL_BIAS,15.0,15.0,10.0,BALANCED,AGGRESSIVE_DOWNWARD_ROTATION,FAST_DECAY,DECAY_BREAKDOWN,SHORT_STRADDLE,56952.95,231.8,NEUTRAL,Spot nearly flat -22.20
2026-07-28T10:19:00+05:30,NSE:NIFTYBANK-INDEX,MIXED_PREMIUM_REGIME,WAIT,WEAK_CALL_BIAS,15.0,15.0,10.0,PUT,AGGRESSIVE_DOWNWARD_ROTATION,FAST_DECAY,DECAY_BREAKDOWN,SHORT_STRADDLE,56935.65,225.75,CORRECT,Spot +9.95
2026-07-28T10:20:00+05:30,NSE:NIFTYBANK-INDEX,MIXED_PREMIUM_REGIME,WAIT,WEAK_PUT_BIAS,25.0,15.0,25.0,PUT,AGGRESSIVE_DOWNWARD_ROTATION,FAST_DECAY,DECAY_BREAKDOWN,SHORT_STRADDLE,56929.5,221.1,NEUTRAL,Spot nearly flat +19.10
2026-07-28T10:21:00+05:30,NSE:NIFTYBANK-INDEX,MIXED_PREMIUM_REGIME,WAIT,WEAK_PUT_BIAS,40.0,15.0,40.0,PUT,AGGRESSIVE_DOWNWARD_ROTATION,FAST_DECAY,DECAY_BREAKDOWN,SHORT_STRADDLE,56917.25,221.0,NEUTRAL,Spot nearly flat +5.90
2026-07-28T10:22:00+05:30,NSE:NIFTYBANK-INDEX,MIXED_PREMIUM_REGIME,HOLD_FIRE,WEAK_PUT_BIAS,55.0,0.0,55.0,BALANCED,AGGRESSIVE_DOWNWARD_ROTATION,FAST_DECAY,DECAY_BREAKDOWN,SHORT_STRADDLE,56915.45,219.55,NEUTRAL,Spot nearly flat +6.80
2026-07-28T10:23:00+05:30,NSE:NIFTYBANK-INDEX,MIXED_PREMIUM_REGIME,HOLD_FIRE,WEAK_PUT_BIAS,55.0,0.0,55.0,CALL,AGGRESSIVE_DOWNWARD_ROTATION,FAST_DECAY,DECAY_BREAKDOWN_UNCONFIRMED,SHORT_STRADDLE,56904.5,220.55,WRONG,Spot +34.95
2026-07-28T10:24:00+05:30,NSE:NIFTYBANK-INDEX,MIXED_PREMIUM_REGIME,HOLD_FIRE,WEAK_PUT_BIAS,55.0,0.0,55.0,BALANCED,AGGRESSIVE_DOWNWARD_ROTATION,FAST_DECAY,DECAY_BREAKDOWN,SHORT_STRADDLE,56914.05,218.1,WRONG,Spot +52.00
2026-07-28T10:25:00+05:30,NSE:NIFTYBANK-INDEX,MIXED_PREMIUM_REGIME,WAIT,WEAK_PUT_BIAS,40.0,15.0,40.0,CALL,AGGRESSIVE_DOWNWARD_ROTATION,FAST_DECAY,DECAY_BREAKDOWN_UNCONFIRMED,SHORT_STRADDLE,56916.3,219.5,WRONG,Spot +34.80
2026-07-28T10:26:00+05:30,NSE:NIFTYBANK-INDEX,MIXED_PREMIUM_REGIME,WAIT,WEAK_PUT_BIAS,25.0,15.0,25.0,CALL,AGGRESSIVE_DOWNWARD_ROTATION,FAST_DECAY,DECAY_BREAKDOWN_UNCONFIRMED,SHORT_STRADDLE,56938.8,220.65,NEUTRAL,Spot nearly flat +13.30
2026-07-28T10:27:00+05:30,NSE:NIFTYBANK-INDEX,MIXED_PREMIUM_REGIME,WAIT,WEAK_PUT_BIAS,40.0,15.0,40.0,PUT,AGGRESSIVE_DOWNWARD_ROTATION,FAST_DECAY,DECAY_BREAKDOWN,SHORT_STRADDLE,56926.5,220.1,NEUTRAL,Spot nearly flat +25.75
2026-07-28T10:28:00+05:30,NSE:NIFTYBANK-INDEX,MIXED_PREMIUM_REGIME,WAIT,WEAK_PUT_BIAS,40.0,15.0,40.0,PUT,AGGRESSIVE_DOWNWARD_ROTATION,FAST_DECAY,DECAY_BREAKDOWN,SHORT_STRADDLE,56913.65,219.6,WRONG,Spot +70.05
2026-07-28T10:29:00+05:30,NSE:NIFTYBANK-INDEX,MIXED_PREMIUM_REGIME,HOLD_FIRE,WEAK_PUT_BIAS,55.0,0.0,55.0,PUT,AGGRESSIVE_DOWNWARD_ROTATION,FAST_DECAY,DECAY_BREAKDOWN,SHORT_STRADDLE,56905.25,218.85,WRONG,Spot +100.05
2026-07-28T10:30:00+05:30,NSE:NIFTYBANK-INDEX,MIXED_PREMIUM_REGIME,HOLD_FIRE,WEAK_PUT_BIAS,55.0,0.0,55.0,PUT,AGGRESSIVE_DOWNWARD_ROTATION,FAST_DECAY,DECAY_BREAKDOWN,SHORT_STRADDLE,56878.8,218.0,WRONG,Spot +120.45
2026-07-28T10:31:00+05:30,NSE:NIFTYBANK-INDEX,MIXED_PREMIUM_REGIME,HOLD_FIRE,WEAK_PUT_BIAS,55.0,0.0,55.0,CALL,AGGRESSIVE_DOWNWARD_ROTATION,FAST_DECAY,DECAY_BREAKDOWN,SHORT_STRADDLE,56903.9,215.8,WRONG,Spot +102.50
2026-07-28T10:32:00+05:30,NSE:NIFTYBANK-INDEX,MIXED_PREMIUM_REGIME,HOLD_FIRE,WEAK_PUT_BIAS,55.0,0.0,55.0,CALL,AGGRESSIVE_DOWNWARD_ROTATION,FAST_DECAY,DECAY_BREAKDOWN_UNCONFIRMED,SHORT_STRADDLE,56919.65,217.5,WRONG,Spot +67.45
2026-07-28T10:33:00+05:30,NSE:NIFTYBANK-INDEX,MIXED_PREMIUM_REGIME,WAIT,WEAK_PUT_BIAS,25.0,15.0,25.0,CALL,AGGRESSIVE_DOWNWARD_ROTATION,FAST_DECAY,DECAY_BREAKDOWN_UNCONFIRMED,SHORT_STRADDLE,56930.75,218.4,WRONG,Spot +48.15
2026-07-28T10:34:00+05:30,NSE:NIFTYBANK-INDEX,MIXED_PREMIUM_REGIME,WAIT,WEAK_PUT_BIAS,25.0,15.0,25.0,CALL,AGGRESSIVE_DOWNWARD_ROTATION,FAST_DECAY,DECAY_BREAKDOWN_UNCONFIRMED,SHORT_STRADDLE,56945.6,219.35,WRONG,Spot +59.80
2026-07-28T10:35:00+05:30,NSE:NIFTYBANK-INDEX,MIXED_PREMIUM_REGIME,WAIT,WEAK_CALL_BIAS,15.0,15.0,10.0,PUT,AGGRESSIVE_DOWNWARD_ROTATION,FAST_DECAY,DECAY_BREAKDOWN,SHORT_STRADDLE,56948.6,215.85,CORRECT,Spot +53.50
2026-07-28T10:36:00+05:30,NSE:NIFTYBANK-INDEX,MIXED_PREMIUM_REGIME,WAIT,WEAK_PUT_BIAS,40.0,15.0,40.0,PUT,AGGRESSIVE_DOWNWARD_ROTATION,FAST_DECAY,DECAY_BREAKDOWN,SHORT_STRADDLE,56923.15,214.05,WRONG,Spot +88.60
2026-07-28T10:37:00+05:30,NSE:NIFTYBANK-INDEX,MIXED_PREMIUM_REGIME,WAIT,WEAK_PUT_BIAS,40.0,15.0,40.0,CALL,AGGRESSIVE_DOWNWARD_ROTATION,FAST_DECAY,DECAY_BREAKDOWN_UNCONFIRMED,SHORT_STRADDLE,56922.25,215.15,WRONG,Spot +85.35
2026-07-28T10:38:00+05:30,NSE:NIFTYBANK-INDEX,MIXED_PREMIUM_REGIME,WAIT,WEAK_CALL_BIAS,15.0,15.0,10.0,CALL,AGGRESSIVE_DOWNWARD_ROTATION,FAST_DECAY,DECAY_BREAKDOWN_UNCONFIRMED,SHORT_STRADDLE,56939.45,215.85,CORRECT,Spot +48.35
2026-07-28T10:39:00+05:30,NSE:NIFTYBANK-INDEX,MIXED_PREMIUM_REGIME,WAIT,WEAK_CALL_BIAS,15.0,15.0,10.0,CALL,AGGRESSIVE_DOWNWARD_ROTATION,FAST_DECAY,DECAY_BREAKDOWN,SHORT_STRADDLE,56966.05,218.35,CORRECT,Spot +36.10
2026-07-28T10:40:00+05:30,NSE:NIFTYBANK-INDEX,MIXED_PREMIUM_REGIME,WAIT,WEAK_CALL_BIAS,15.0,15.0,10.0,PUT,AGGRESSIVE_DOWNWARD_ROTATION,FAST_DECAY,DECAY_BREAKDOWN,SHORT_STRADDLE,56951.1,218.25,CORRECT,Spot +46.25
2026-07-28T10:41:00+05:30,NSE:NIFTYBANK-INDEX,MIXED_PREMIUM_REGIME,WAIT,WEAK_CALL_BIAS,15.0,15.0,10.0,PUT,AGGRESSIVE_DOWNWARD_ROTATION,FAST_DECAY,DECAY_BREAKDOWN_UNCONFIRMED,SHORT_STRADDLE,56952.1,218.85,CORRECT,Spot +56.80
2026-07-28T10:42:00+05:30,NSE:NIFTYBANK-INDEX,MIXED_PREMIUM_REGIME,WAIT,WEAK_CALL_BIAS,15.0,15.0,10.0,CALL,AGGRESSIVE_DOWNWARD_ROTATION,FAST_DECAY,DECAY_BREAKDOWN,SHORT_STRADDLE,56952.25,216.95,CORRECT,Spot +39.90
2026-07-28T10:43:00+05:30,NSE:NIFTYBANK-INDEX,MIXED_PREMIUM_REGIME,WAIT,WEAK_CALL_BIAS,15.0,15.0,10.0,CALL,AGGRESSIVE_DOWNWARD_ROTATION,FAST_DECAY,DECAY_BREAKDOWN,SHORT_STRADDLE,56983.7,214.55,CORRECT,Spot +12.50
2026-07-28T10:44:00+05:30,NSE:NIFTYBANK-INDEX,MIXED_PREMIUM_REGIME,WAIT,WEAK_CALL_BIAS,15.0,15.0,10.0,CALL,AGGRESSIVE_DOWNWARD_ROTATION,FAST_DECAY,DECAY_BREAKDOWN,SHORT_STRADDLE,57005.3,213.6,NEUTRAL,Spot nearly flat -13.05
2026-07-28T10:45:00+05:30,NSE:NIFTYBANK-INDEX,MIXED_PREMIUM_REGIME,WAIT,WEAK_CALL_BIAS,30.0,30.0,10.0,PUT,AGGRESSIVE_DOWNWARD_ROTATION,FAST_DECAY,DECAY_BREAKDOWN,SHORT_STRADDLE,56999.25,213.5,WRONG,Spot -28.80
2026-07-28T10:46:00+05:30,NSE:NIFTYBANK-INDEX,MIXED_PREMIUM_REGIME,WAIT,WEAK_CALL_BIAS,30.0,30.0,10.0,PUT,AGGRESSIVE_DOWNWARD_ROTATION,FAST_DECAY,DECAY_BREAKDOWN_UNCONFIRMED,SHORT_STRADDLE,57006.4,215.4,WRONG,Spot -41.15
2026-07-28T10:47:00+05:30,NSE:NIFTYBANK-INDEX,MIXED_PREMIUM_REGIME,WAIT,WEAK_CALL_BIAS,30.0,30.0,10.0,PUT,AGGRESSIVE_DOWNWARD_ROTATION,FAST_DECAY,DECAY_BREAKDOWN,SHORT_STRADDLE,56987.1,213.75,WRONG,Spot -42.15
2026-07-28T10:48:00+05:30,NSE:NIFTYBANK-INDEX,MIXED_PREMIUM_REGIME,WAIT,WEAK_CALL_BIAS,15.0,15.0,10.0,PUT,AGGRESSIVE_DOWNWARD_ROTATION,FAST_DECAY,DECAY_BREAKDOWN_UNCONFIRMED,SHORT_STRADDLE,56978.9,214.05,NEUTRAL,Spot nearly flat -23.65
2026-07-28T10:49:00+05:30,NSE:NIFTYBANK-INDEX,MIXED_PREMIUM_REGIME,WAIT,WEAK_CALL_BIAS,15.0,15.0,10.0,CALL,AGGRESSIVE_DOWNWARD_ROTATION,FAST_DECAY,DECAY_BREAKDOWN,SHORT_STRADDLE,57005.4,212.9,WRONG,Spot -40.25
2026-07-28T10:50:00+05:30,NSE:NIFTYBANK-INDEX,MIXED_PREMIUM_REGIME,WAIT,WEAK_CALL_BIAS,30.0,30.0,10.0,CALL,AGGRESSIVE_DOWNWARD_ROTATION,FAST_DECAY,DECAY_BREAKDOWN,SHORT_STRADDLE,57002.1,212.55,NEUTRAL,Spot nearly flat -11.90
2026-07-28T10:51:00+05:30,NSE:NIFTYBANK-INDEX,MIXED_PREMIUM_REGIME,WAIT,WEAK_CALL_BIAS,30.0,30.0,10.0,CALL,AGGRESSIVE_DOWNWARD_ROTATION,FAST_DECAY,DECAY_BREAKDOWN,SHORT_STRADDLE,57011.75,212.2,WRONG,Spot -30.15
2026-07-28T10:52:00+05:30,NSE:NIFTYBANK-INDEX,MIXED_PREMIUM_REGIME,WAIT,WEAK_CALL_BIAS,30.0,30.0,10.0,PUT,AGGRESSIVE_DOWNWARD_ROTATION,FAST_DECAY,DECAY_BREAKDOWN,SHORT_STRADDLE,57007.6,208.85,WRONG,Spot -44.20
2026-07-28T10:53:00+05:30,NSE:NIFTYBANK-INDEX,MIXED_PREMIUM_REGIME,WAIT,WEAK_CALL_BIAS,30.0,30.0,10.0,PUT,AGGRESSIVE_DOWNWARD_ROTATION,FAST_DECAY,DECAY_BREAKDOWN,SHORT_STRADDLE,56987.8,208.5,CORRECT,Spot +5.05
2026-07-28T10:54:00+05:30,NSE:NIFTYBANK-INDEX,MIXED_PREMIUM_REGIME,WAIT,WEAK_CALL_BIAS,30.0,30.0,10.0,CALL,AGGRESSIVE_DOWNWARD_ROTATION,FAST_DECAY,DECAY_BREAKDOWN_UNCONFIRMED,SHORT_STRADDLE,57002.15,208.65,NEUTRAL,Spot nearly flat -13.60
2026-07-28T10:55:00+05:30,NSE:NIFTYBANK-INDEX,MIXED_PREMIUM_REGIME,WAIT,WEAK_CALL_BIAS,30.0,30.0,10.0,PUT,AGGRESSIVE_DOWNWARD_ROTATION,FAST_DECAY,DECAY_BREAKDOWN_UNCONFIRMED,SHORT_STRADDLE,56997.35,210.8,NEUTRAL,Spot nearly flat -2.35
2026-07-28T10:56:00+05:30,NSE:NIFTYBANK-INDEX,MIXED_PREMIUM_REGIME,WAIT,WEAK_CALL_BIAS,30.0,30.0,10.0,CALL,AGGRESSIVE_DOWNWARD_ROTATION,FAST_DECAY,DECAY_BREAKDOWN,SHORT_STRADDLE,57008.9,209.3,NEUTRAL,Spot nearly flat -21.85
2026-07-28T10:57:00+05:30,NSE:NIFTYBANK-INDEX,MIXED_PREMIUM_REGIME,WAIT,WEAK_CALL_BIAS,30.0,30.0,10.0,PUT,AGGRESSIVE_DOWNWARD_ROTATION,FAST_DECAY,DECAY_BREAKDOWN,SHORT_STRADDLE,56992.15,208.25,NEUTRAL,Spot nearly flat -16.85
2026-07-28T10:58:00+05:30,NSE:NIFTYBANK-INDEX,MIXED_PREMIUM_REGIME,WAIT,WEAK_CALL_BIAS,15.0,15.0,10.0,CALL,AGGRESSIVE_DOWNWARD_ROTATION,FAST_DECAY,DECAY_BREAKDOWN_UNCONFIRMED,SHORT_STRADDLE,56996.2,209.15,WRONG,Spot -34.70
2026-07-28T10:59:00+05:30,NSE:NIFTYBANK-INDEX,MIXED_PREMIUM_REGIME,WAIT,WEAK_CALL_BIAS,15.0,15.0,10.0,PUT,AGGRESSIVE_DOWNWARD_ROTATION,FAST_DECAY,DECAY_BREAKDOWN,SHORT_STRADDLE,56992.25,208.1,WRONG,Spot -30.65
2026-07-28T11:00:00+05:30,NSE:NIFTYBANK-INDEX,MIXED_PREMIUM_REGIME,WAIT,WEAK_CALL_BIAS,15.0,15.0,10.0,PUT,AGGRESSIVE_DOWNWARD_ROTATION,FAST_DECAY,DECAY_BREAKDOWN,SHORT_STRADDLE,56970.45,205.35,CORRECT,Spot +0.70
2026-07-28T11:01:00+05:30,NSE:NIFTYBANK-INDEX,MIXED_PREMIUM_REGIME,WAIT,WEAK_CALL_BIAS,15.0,15.0,10.0,PUT,AGGRESSIVE_DOWNWARD_ROTATION,FAST_DECAY,DECAY_BREAKDOWN_UNCONFIRMED,SHORT_STRADDLE,56965.25,206.45,CORRECT,Spot +17.40
2026-07-28T11:02:00+05:30,NSE:NIFTYBANK-INDEX,MIXED_PREMIUM_REGIME,WAIT,WEAK_CALL_BIAS,15.0,15.0,10.0,PUT,AGGRESSIVE_DOWNWARD_ROTATION,FAST_DECAY,DECAY_BREAKDOWN,SHORT_STRADDLE,56944.95,200.75,CORRECT,Spot +30.75
2026-07-28T11:03:00+05:30,NSE:NIFTYBANK-INDEX,MIXED_PREMIUM_REGIME,WAIT,WEAK_CALL_BIAS,15.0,15.0,10.0,CALL,AGGRESSIVE_DOWNWARD_ROTATION,FAST_DECAY,DECAY_BREAKDOWN,SHORT_STRADDLE,56955.25,200.75,CORRECT,Spot +36.85
2026-07-28T11:04:00+05:30,NSE:NIFTYBANK-INDEX,MIXED_PREMIUM_REGIME,WAIT,WEAK_CALL_BIAS,15.0,15.0,10.0,CALL,AGGRESSIVE_DOWNWARD_ROTATION,FAST_DECAY,DECAY_BREAKDOWN,SHORT_STRADDLE,56965.15,200.5,CORRECT,Spot +30.80
2026-07-28T11:05:00+05:30,NSE:NIFTYBANK-INDEX,MIXED_PREMIUM_REGIME,WAIT,WEAK_CALL_BIAS,15.0,15.0,10.0,CALL,AGGRESSIVE_DOWNWARD_ROTATION,FAST_DECAY,DECAY_BREAKDOWN_UNCONFIRMED,SHORT_STRADDLE,56990.2,201.35,CORRECT,Spot +0.45
2026-07-28T11:06:00+05:30,NSE:NIFTYBANK-INDEX,MIXED_PREMIUM_REGIME,WAIT,WEAK_CALL_BIAS,15.0,15.0,10.0,PUT,AGGRESSIVE_DOWNWARD_ROTATION,FAST_DECAY,DECAY_BREAKDOWN,SHORT_STRADDLE,56981.6,200.9,NEUTRAL,Spot nearly flat -2.30
2026-07-28T11:07:00+05:30,NSE:NIFTYBANK-INDEX,MIXED_PREMIUM_REGIME,WAIT,WEAK_CALL_BIAS,15.0,15.0,10.0,PUT,AGGRESSIVE_DOWNWARD_ROTATION,FAST_DECAY,DECAY_BREAKDOWN_UNCONFIRMED,SHORT_STRADDLE,56963.4,201.95,CORRECT,Spot +14.90
2026-07-28T11:08:00+05:30,NSE:NIFTYBANK-INDEX,MIXED_PREMIUM_REGIME,WAIT,WEAK_CALL_BIAS,15.0,15.0,10.0,CALL,AGGRESSIVE_DOWNWARD_ROTATION,FAST_DECAY,DECAY_BREAKDOWN,SHORT_STRADDLE,56992.85,199.7,NEUTRAL,Spot nearly flat -13.20
2026-07-28T11:09:00+05:30,NSE:NIFTYBANK-INDEX,MIXED_PREMIUM_REGIME,WAIT,WEAK_CALL_BIAS,15.0,15.0,10.0,PUT,AGGRESSIVE_DOWNWARD_ROTATION,FAST_DECAY,DECAY_BREAKDOWN_UNCONFIRMED,SHORT_STRADDLE,56988.55,200.05,NEUTRAL,Spot nearly flat -17.30
2026-07-28T11:10:00+05:30,NSE:NIFTYBANK-INDEX,MIXED_PREMIUM_REGIME,WAIT,WEAK_CALL_BIAS,15.0,15.0,10.0,CALL,AGGRESSIVE_DOWNWARD_ROTATION,FAST_DECAY,DECAY_BREAKDOWN,SHORT_STRADDLE,56995.0,199.3,NEUTRAL,Spot nearly flat -17.40
2026-07-28T11:11:00+05:30,NSE:NIFTYBANK-INDEX,MIXED_PREMIUM_REGIME,WAIT,WEAK_CALL_BIAS,15.0,15.0,10.0,PUT,AGGRESSIVE_DOWNWARD_ROTATION,FAST_DECAY,DECAY_BREAKDOWN,SHORT_STRADDLE,56987.05,198.25,NEUTRAL,Spot nearly flat -18.05
2026-07-28T11:12:00+05:30,NSE:NIFTYBANK-INDEX,MIXED_PREMIUM_REGIME,WAIT,WEAK_CALL_BIAS,15.0,15.0,10.0,PUT,AGGRESSIVE_DOWNWARD_ROTATION,FAST_DECAY,DECAY_BREAKDOWN,SHORT_STRADDLE,56975.3,197.05,CORRECT,Spot +4.00
2026-07-28T11:13:00+05:30,NSE:NIFTYBANK-INDEX,MIXED_PREMIUM_REGIME,WAIT,WEAK_CALL_BIAS,15.0,15.0,10.0,PUT,AGGRESSIVE_DOWNWARD_ROTATION,FAST_DECAY,DECAY_BREAKDOWN_UNCONFIRMED,SHORT_STRADDLE,56961.5,198.35,CORRECT,Spot +38.40
2026-07-28T11:14:00+05:30,NSE:NIFTYBANK-INDEX,MIXED_PREMIUM_REGIME,WAIT,WEAK_CALL_BIAS,15.0,15.0,10.0,PUT,AGGRESSIVE_DOWNWARD_ROTATION,FAST_DECAY,DECAY_BREAKDOWN_UNCONFIRMED,SHORT_STRADDLE,56961.6,199.6,CORRECT,Spot +32.40
2026-07-28T11:15:00+05:30,NSE:NIFTYBANK-INDEX,MIXED_PREMIUM_REGIME,WAIT,WEAK_CALL_BIAS,15.0,15.0,10.0,CALL,AGGRESSIVE_DOWNWARD_ROTATION,FAST_DECAY,DECAY_BREAKDOWN,SHORT_STRADDLE,56971.15,196.3,CORRECT,Spot +19.10
2026-07-28T11:16:00+05:30,NSE:NIFTYBANK-INDEX,MIXED_PREMIUM_REGIME,HOLD_FIRE,WEAK_CALL_BIAS,15.0,15.0,10.0,BALANCED,AGGRESSIVE_DOWNWARD_ROTATION,FAST_DECAY,DECAY_BREAKDOWN,SHORT_STRADDLE,56982.65,193.5,CORRECT,Spot +4.15
2026-07-28T11:17:00+05:30,NSE:NIFTYBANK-INDEX,MIXED_PREMIUM_REGIME,WAIT,WEAK_CALL_BIAS,15.0,15.0,10.0,PUT,AGGRESSIVE_DOWNWARD_ROTATION,FAST_DECAY,DECAY_BREAKDOWN_UNCONFIRMED,SHORT_STRADDLE,56975.7,195.1,NEUTRAL,Spot nearly flat -0.40
2026-07-28T11:18:00+05:30,NSE:NIFTYBANK-INDEX,MIXED_PREMIUM_REGIME,WAIT,WEAK_CALL_BIAS,15.0,15.0,10.0,CALL,AGGRESSIVE_DOWNWARD_ROTATION,FAST_DECAY,DECAY_BREAKDOWN,SHORT_STRADDLE,56992.1,191.7,NEUTRAL,Spot nearly flat -17.60
2026-07-28T11:19:00+05:30,NSE:NIFTYBANK-INDEX,MIXED_PREMIUM_REGIME,WAIT,WEAK_CALL_BIAS,15.0,15.0,10.0,PUT,AGGRESSIVE_DOWNWARD_ROTATION,FAST_DECAY,DECAY_BREAKDOWN_UNCONFIRMED,SHORT_STRADDLE,56995.95,192.05,NEUTRAL,Spot nearly flat -19.10
2026-07-28T11:20:00+05:30,NSE:NIFTYBANK-INDEX,MIXED_PREMIUM_REGIME,WAIT,WEAK_CALL_BIAS,15.0,15.0,10.0,PUT,AGGRESSIVE_DOWNWARD_ROTATION,FAST_DECAY,DECAY_BREAKDOWN_UNCONFIRMED,SHORT_STRADDLE,56990.65,192.95,NEUTRAL,Spot nearly flat -20.35
2026-07-28T11:21:00+05:30,NSE:NIFTYBANK-INDEX,MIXED_PREMIUM_REGIME,WAIT,WEAK_CALL_BIAS,15.0,15.0,10.0,PUT,AGGRESSIVE_DOWNWARD_ROTATION,FAST_DECAY,DECAY_BREAKDOWN,SHORT_STRADDLE,56979.3,192.05,NEUTRAL,Spot nearly flat -3.25
2026-07-28T11:22:00+05:30,NSE:NIFTYBANK-INDEX,MIXED_PREMIUM_REGIME,WAIT,WEAK_CALL_BIAS,15.0,15.0,10.0,CALL,AGGRESSIVE_DOWNWARD_ROTATION,FAST_DECAY,DECAY_BREAKDOWN,SHORT_STRADDLE,56978.3,191.0,NEUTRAL,Spot nearly flat -1.15
2026-07-28T11:23:00+05:30,NSE:NIFTYBANK-INDEX,MIXED_PREMIUM_REGIME,WAIT,WEAK_CALL_BIAS,15.0,15.0,10.0,CALL,AGGRESSIVE_DOWNWARD_ROTATION,FAST_DECAY,DECAY_BREAKDOWN,SHORT_STRADDLE,56979.65,190.55,CORRECT,Spot +7.65
2026-07-28T11:24:00+05:30,NSE:NIFTYBANK-INDEX,MIXED_PREMIUM_REGIME,WAIT,WEAK_CALL_BIAS,15.0,15.0,10.0,PUT,AGGRESSIVE_DOWNWARD_ROTATION,FAST_DECAY,DECAY_BREAKDOWN_UNCONFIRMED,SHORT_STRADDLE,56971.25,191.2,CORRECT,Spot +11.65
2026-07-28T11:25:00+05:30,NSE:NIFTYBANK-INDEX,MIXED_PREMIUM_REGIME,WAIT,WEAK_CALL_BIAS,15.0,15.0,10.0,CALL,AGGRESSIVE_DOWNWARD_ROTATION,FAST_DECAY,DECAY_BREAKDOWN,SHORT_STRADDLE,56977.6,189.5,CORRECT,Spot +14.95
2026-07-28T11:26:00+05:30,NSE:NIFTYBANK-INDEX,MIXED_PREMIUM_REGIME,WAIT,WEAK_CALL_BIAS,15.0,15.0,10.0,PUT,AGGRESSIVE_DOWNWARD_ROTATION,FAST_DECAY,DECAY_BREAKDOWN_UNCONFIRMED,SHORT_STRADDLE,56969.0,192.35,CORRECT,Spot +24.05
2026-07-28T11:27:00+05:30,NSE:NIFTYBANK-INDEX,MIXED_PREMIUM_REGIME,WAIT,WEAK_CALL_BIAS,15.0,15.0,10.0,CALL,AGGRESSIVE_DOWNWARD_ROTATION,FAST_DECAY,DECAY_BREAKDOWN,SHORT_STRADDLE,56979.3,189.6,CORRECT,Spot +26.45
2026-07-28T11:28:00+05:30,NSE:NIFTYBANK-INDEX,MIXED_PREMIUM_REGIME,WAIT,WEAK_CALL_BIAS,30.0,30.0,10.0,CALL,AGGRESSIVE_DOWNWARD_ROTATION,FAST_DECAY,DECAY_BREAKDOWN,SHORT_STRADDLE,56999.9,189.0,CORRECT,Spot +17.05
2026-07-28T11:29:00+05:30,NSE:NIFTYBANK-INDEX,MIXED_PREMIUM_REGIME,WAIT,WEAK_CALL_BIAS,30.0,30.0,10.0,PUT,AGGRESSIVE_DOWNWARD_ROTATION,FAST_DECAY,DECAY_BREAKDOWN_UNCONFIRMED,SHORT_STRADDLE,56994.0,190.5,CORRECT,Spot +35.10
2026-07-28T11:30:00+05:30,NSE:NIFTYBANK-INDEX,MIXED_PREMIUM_REGIME,HOLD_FIRE,WEAK_CALL_BIAS,15.0,15.0,10.0,BALANCED,AGGRESSIVE_DOWNWARD_ROTATION,FAST_DECAY,DECAY_BREAKDOWN,SHORT_STRADDLE,56990.25,187.7,CORRECT,Spot +30.60
2026-07-28T11:31:00+05:30,NSE:NIFTYBANK-INDEX,MIXED_PREMIUM_REGIME,HOLD_FIRE,WEAK_CALL_BIAS,15.0,15.0,10.0,BALANCED,AGGRESSIVE_DOWNWARD_ROTATION,FAST_DECAY,DECAY_BREAKDOWN,SHORT_STRADDLE,56986.8,187.6,CORRECT,Spot +29.15
2026-07-28T11:32:00+05:30,NSE:NIFTYBANK-INDEX,MIXED_PREMIUM_REGIME,WAIT,WEAK_CALL_BIAS,15.0,15.0,10.0,PUT,AGGRESSIVE_DOWNWARD_ROTATION,FAST_DECAY,DECAY_BREAKDOWN,SHORT_STRADDLE,56975.3,186.5,CORRECT,Spot +32.30
2026-07-28T11:33:00+05:30,NSE:NIFTYBANK-INDEX,MIXED_PREMIUM_REGIME,WAIT,WEAK_CALL_BIAS,15.0,15.0,10.0,PUT,AGGRESSIVE_DOWNWARD_ROTATION,FAST_DECAY,DECAY_BREAKDOWN_UNCONFIRMED,SHORT_STRADDLE,56974.5,188.25,CORRECT,Spot +40.40
2026-07-28T11:34:00+05:30,NSE:NIFTYBANK-INDEX,MIXED_PREMIUM_REGIME,WAIT,WEAK_CALL_BIAS,15.0,15.0,10.0,PUT,AGGRESSIVE_DOWNWARD_ROTATION,FAST_DECAY,DECAY_BREAKDOWN,SHORT_STRADDLE,56976.85,187.75,CORRECT,Spot +41.10
2026-07-28T11:35:00+05:30,NSE:NIFTYBANK-INDEX,MIXED_PREMIUM_REGIME,WAIT,WEAK_CALL_BIAS,15.0,15.0,10.0,PUT,AGGRESSIVE_DOWNWARD_ROTATION,FAST_DECAY,DECAY_BREAKDOWN,SHORT_STRADDLE,56970.3,187.0,CORRECT,Spot +35.10
2026-07-28T11:36:00+05:30,NSE:NIFTYBANK-INDEX,MIXED_PREMIUM_REGIME,WAIT,WEAK_CALL_BIAS,15.0,15.0,10.0,CALL,AGGRESSIVE_DOWNWARD_ROTATION,FAST_DECAY,DECAY_BREAKDOWN,SHORT_STRADDLE,56976.05,183.2,CORRECT,Spot +20.20
2026-07-28T11:37:00+05:30,NSE:NIFTYBANK-INDEX,MIXED_PREMIUM_REGIME,WAIT,WEAK_CALL_BIAS,15.0,15.0,10.0,PUT,AGGRESSIVE_DOWNWARD_ROTATION,FAST_DECAY,DECAY_BREAKDOWN_UNCONFIRMED,SHORT_STRADDLE,56977.15,185.65,CORRECT,Spot +4.65
2026-07-28T11:38:00+05:30,NSE:NIFTYBANK-INDEX,MIXED_PREMIUM_REGIME,WAIT,WEAK_CALL_BIAS,15.0,15.0,10.0,CALL,AGGRESSIVE_DOWNWARD_ROTATION,FAST_DECAY,DECAY_BREAKDOWN,SHORT_STRADDLE,56987.3,183.45,NEUTRAL,Spot nearly flat -23.65
2026-07-28T11:39:00+05:30,NSE:NIFTYBANK-INDEX,MIXED_PREMIUM_REGIME,WAIT,WEAK_CALL_BIAS,15.0,15.0,10.0,CALL,AGGRESSIVE_DOWNWARD_ROTATION,FAST_DECAY,DECAY_BREAKDOWN,SHORT_STRADDLE,56982.9,182.95,NEUTRAL,Spot nearly flat -20.05
2026-07-28T11:40:00+05:30,NSE:NIFTYBANK-INDEX,MIXED_PREMIUM_REGIME,WAIT,WEAK_CALL_BIAS,15.0,15.0,10.0,CALL,AGGRESSIVE_DOWNWARD_ROTATION,FAST_DECAY,DECAY_BREAKDOWN_UNCONFIRMED,SHORT_STRADDLE,56992.55,183.95,NEUTRAL,Spot nearly flat -16.80
2026-07-28T11:41:00+05:30,NSE:NIFTYBANK-INDEX,MIXED_PREMIUM_REGIME,WAIT,WEAK_CALL_BIAS,15.0,15.0,10.0,CALL,AGGRESSIVE_DOWNWARD_ROTATION,FAST_DECAY,DECAY_BREAKDOWN_UNCONFIRMED,SHORT_STRADDLE,56993.05,184.3,NEUTRAL,Spot nearly flat -24.65
2026-07-28T11:42:00+05:30,NSE:NIFTYBANK-INDEX,MIXED_PREMIUM_REGIME,WAIT,WEAK_CALL_BIAS,15.0,15.0,10.0,CALL,AGGRESSIVE_DOWNWARD_ROTATION,FAST_DECAY,DECAY_BREAKDOWN_UNCONFIRMED,SHORT_STRADDLE,57005.75,185.6,WRONG,Spot -37.95
2026-07-28T11:43:00+05:30,NSE:NIFTYBANK-INDEX,MIXED_PREMIUM_REGIME,WAIT,WEAK_CALL_BIAS,30.0,30.0,10.0,CALL,AGGRESSIVE_DOWNWARD_ROTATION,FAST_DECAY,DECAY_BREAKDOWN,SHORT_STRADDLE,57016.95,184.8,WRONG,Spot -59.85
2026-07-28T11:44:00+05:30,NSE:NIFTYBANK-INDEX,MIXED_PREMIUM_REGIME,WAIT,WEAK_CALL_BIAS,30.0,30.0,10.0,CALL,AGGRESSIVE_DOWNWARD_ROTATION,FAST_DECAY,DECAY_BREAKDOWN_UNCONFIRMED,SHORT_STRADDLE,57029.1,186.4,WRONG,Spot -60.40
2026-07-28T11:45:00+05:30,NSE:NIFTYBANK-INDEX,MIXED_PREMIUM_REGIME,WAIT,WEAK_CALL_BIAS,30.0,30.0,10.0,PUT,AGGRESSIVE_DOWNWARD_ROTATION,FAST_DECAY,DECAY_BREAKDOWN_UNCONFIRMED,SHORT_STRADDLE,57020.85,187.5,WRONG,Spot -54.90
2026-07-28T11:46:00+05:30,NSE:NIFTYBANK-INDEX,MIXED_PREMIUM_REGIME,WAIT,WEAK_CALL_BIAS,30.0,30.0,10.0,PUT,AGGRESSIVE_DOWNWARD_ROTATION,FAST_DECAY,DECAY_BREAKDOWN,SHORT_STRADDLE,57015.95,186.75,WRONG,Spot -55.50
2026-07-28T11:47:00+05:30,NSE:NIFTYBANK-INDEX,MIXED_PREMIUM_REGIME,WAIT,WEAK_CALL_BIAS,30.0,30.0,10.0,PUT,AGGRESSIVE_DOWNWARD_ROTATION,FAST_DECAY,DECAY_BREAKDOWN,SHORT_STRADDLE,57007.6,186.7,WRONG,Spot -46.75
2026-07-28T11:48:00+05:30,NSE:NIFTYBANK-INDEX,MIXED_PREMIUM_REGIME,WAIT,WEAK_CALL_BIAS,30.0,30.0,10.0,CALL,AGGRESSIVE_DOWNWARD_ROTATION,FAST_DECAY,DECAY_BREAKDOWN_UNCONFIRMED,SHORT_STRADDLE,57014.9,187.4,WRONG,Spot -56.45
2026-07-28T11:49:00+05:30,NSE:NIFTYBANK-INDEX,MIXED_PREMIUM_REGIME,WAIT,WEAK_CALL_BIAS,30.0,30.0,10.0,CALL,AGGRESSIVE_DOWNWARD_ROTATION,FAST_DECAY,DECAY_BREAKDOWN_UNCONFIRMED,SHORT_STRADDLE,57017.95,187.75,WRONG,Spot -59.45
2026-07-28T11:50:00+05:30,NSE:NIFTYBANK-INDEX,MIXED_PREMIUM_REGIME,WAIT,WEAK_CALL_BIAS,30.0,30.0,10.0,PUT,AGGRESSIVE_DOWNWARD_ROTATION,FAST_DECAY,DECAY_BREAKDOWN,SHORT_STRADDLE,57005.4,185.15,NEUTRAL,Spot nearly flat -24.30
2026-07-28T11:51:00+05:30,NSE:NIFTYBANK-INDEX,MIXED_PREMIUM_REGIME,WAIT,WEAK_CALL_BIAS,30.0,30.0,10.0,PUT,AGGRESSIVE_DOWNWARD_ROTATION,FAST_DECAY,DECAY_BREAKDOWN,SHORT_STRADDLE,56996.25,182.55,NEUTRAL,Spot nearly flat -20.80
2026-07-28T11:52:00+05:30,NSE:NIFTYBANK-INDEX,MIXED_PREMIUM_REGIME,WAIT,WEAK_CALL_BIAS,15.0,15.0,10.0,PUT,AGGRESSIVE_DOWNWARD_ROTATION,FAST_DECAY,DECAY_BREAKDOWN,SHORT_STRADDLE,56981.8,178.4,CORRECT,Spot +0.10
2026-07-28T11:53:00+05:30,NSE:NIFTYBANK-INDEX,MIXED_PREMIUM_REGIME,WAIT,WEAK_CALL_BIAS,15.0,15.0,10.0,PUT,AGGRESSIVE_DOWNWARD_ROTATION,FAST_DECAY,DECAY_BREAKDOWN,SHORT_STRADDLE,56963.65,177.3,CORRECT,Spot +10.55
2026-07-28T11:54:00+05:30,NSE:NIFTYBANK-INDEX,MIXED_PREMIUM_REGIME,HOLD_FIRE,WEAK_CALL_BIAS,15.0,15.0,10.0,BALANCED,AGGRESSIVE_DOWNWARD_ROTATION,FAST_DECAY,DECAY_BREAKDOWN,SHORT_STRADDLE,56962.85,176.4,CORRECT,Spot +21.45
2026-07-28T11:55:00+05:30,NSE:NIFTYBANK-INDEX,MIXED_PREMIUM_REGIME,WAIT,WEAK_CALL_BIAS,15.0,15.0,10.0,CALL,AGGRESSIVE_DOWNWARD_ROTATION,FAST_DECAY,DECAY_BREAKDOWN,SHORT_STRADDLE,56975.75,171.95,CORRECT,Spot +5.75
2026-07-28T11:56:00+05:30,NSE:NIFTYBANK-INDEX,MIXED_PREMIUM_REGIME,WAIT,WEAK_CALL_BIAS,15.0,15.0,10.0,PUT,AGGRESSIVE_DOWNWARD_ROTATION,FAST_DECAY,DECAY_BREAKDOWN_UNCONFIRMED,SHORT_STRADDLE,56968.4,175.45,CORRECT,Spot +11.70
2026-07-28T11:57:00+05:30,NSE:NIFTYBANK-INDEX,MIXED_PREMIUM_REGIME,WAIT,WEAK_CALL_BIAS,15.0,15.0,10.0,CALL,AGGRESSIVE_DOWNWARD_ROTATION,FAST_DECAY,DECAY_BREAKDOWN,SHORT_STRADDLE,56967.8,173.85,CORRECT,Spot +9.40
2026-07-28T11:58:00+05:30,NSE:NIFTYBANK-INDEX,MIXED_PREMIUM_REGIME,WAIT,WEAK_CALL_BIAS,15.0,15.0,10.0,PUT,AGGRESSIVE_DOWNWARD_ROTATION,FAST_DECAY,DECAY_BREAKDOWN,SHORT_STRADDLE,56957.1,172.7,CORRECT,Spot +20.65
2026-07-28T11:59:00+05:30,NSE:NIFTYBANK-INDEX,MIXED_PREMIUM_REGIME,WAIT,WEAK_CALL_BIAS,15.0,15.0,10.0,CALL,AGGRESSIVE_DOWNWARD_ROTATION,FAST_DECAY,DECAY_BREAKDOWN,SHORT_STRADDLE,56968.7,169.4,CORRECT,Spot +6.00
2026-07-28T12:00:00+05:30,NSE:NIFTYBANK-INDEX,MIXED_PREMIUM_REGIME,WAIT,WEAK_CALL_BIAS,15.0,15.0,10.0,PUT,AGGRESSIVE_DOWNWARD_ROTATION,FAST_DECAY,DECAY_BREAKDOWN_UNCONFIRMED,SHORT_STRADDLE,56965.95,169.75,CORRECT,Spot +6.65
2026-07-28T12:01:00+05:30,NSE:NIFTYBANK-INDEX,MIXED_PREMIUM_REGIME,WAIT,WEAK_CALL_BIAS,15.0,15.0,10.0,PUT,AGGRESSIVE_DOWNWARD_ROTATION,FAST_DECAY,DECAY_BREAKDOWN_UNCONFIRMED,SHORT_STRADDLE,56960.45,170.65,CORRECT,Spot +17.40
2026-07-28T12:02:00+05:30,NSE:NIFTYBANK-INDEX,MIXED_PREMIUM_REGIME,WAIT,WEAK_CALL_BIAS,15.0,15.0,10.0,PUT,AGGRESSIVE_DOWNWARD_ROTATION,FAST_DECAY,DECAY_BREAKDOWN_UNCONFIRMED,SHORT_STRADDLE,56960.85,170.75,CORRECT,Spot +16.30
2026-07-28T12:03:00+05:30,NSE:NIFTYBANK-INDEX,MIXED_PREMIUM_REGIME,WAIT,WEAK_CALL_BIAS,15.0,15.0,10.0,PUT,AGGRESSIVE_DOWNWARD_ROTATION,FAST_DECAY,DECAY_BREAKDOWN_UNCONFIRMED,SHORT_STRADDLE,56958.45,172.85,CORRECT,Spot +7.25
2026-07-28T12:04:00+05:30,NSE:NIFTYBANK-INDEX,MIXED_PREMIUM_REGIME,WAIT,WEAK_CALL_BIAS,15.0,15.0,10.0,CALL,AGGRESSIVE_DOWNWARD_ROTATION,FAST_DECAY,DECAY_BREAKDOWN,SHORT_STRADDLE,56958.5,168.85,NEUTRAL,Spot nearly flat -20.75
2026-07-28T12:05:00+05:30,NSE:NIFTYBANK-INDEX,MIXED_PREMIUM_REGIME,WAIT,WEAK_CALL_BIAS,15.0,15.0,10.0,CALL,AGGRESSIVE_DOWNWARD_ROTATION,FAST_DECAY,DECAY_BREAKDOWN,SHORT_STRADDLE,56981.1,165.45,WRONG,Spot -41.70
2026-07-28T12:06:00+05:30,NSE:NIFTYBANK-INDEX,MIXED_PREMIUM_REGIME,WAIT,WEAK_CALL_BIAS,15.0,15.0,10.0,CALL,AGGRESSIVE_DOWNWARD_ROTATION,FAST_DECAY,DECAY_BREAKDOWN,SHORT_STRADDLE,56975.45,164.8,WRONG,Spot -34.70
2026-07-28T12:07:00+05:30,NSE:NIFTYBANK-INDEX,MIXED_PREMIUM_REGIME,WAIT,WEAK_CALL_BIAS,15.0,15.0,10.0,CALL,AGGRESSIVE_DOWNWARD_ROTATION,FAST_DECAY,DECAY_BREAKDOWN,SHORT_STRADDLE,56981.9,163.85,WRONG,Spot -50.30
2026-07-28T12:08:00+05:30,NSE:NIFTYBANK-INDEX,MIXED_PREMIUM_REGIME,WAIT,WEAK_CALL_BIAS,15.0,15.0,10.0,PUT,AGGRESSIVE_DOWNWARD_ROTATION,FAST_DECAY,DECAY_BREAKDOWN_UNCONFIRMED,SHORT_STRADDLE,56974.2,164.3,WRONG,Spot -34.55
2026-07-28T12:09:00+05:30,NSE:NIFTYBANK-INDEX,MIXED_PREMIUM_REGIME,WAIT,WEAK_CALL_BIAS,15.0,15.0,10.0,CALL,AGGRESSIVE_DOWNWARD_ROTATION,FAST_DECAY,DECAY_BREAKDOWN,SHORT_STRADDLE,56984.3,161.3,WRONG,Spot -35.15
2026-07-28T12:10:00+05:30,NSE:NIFTYBANK-INDEX,MIXED_PREMIUM_REGIME,WAIT,WEAK_CALL_BIAS,15.0,15.0,10.0,PUT,AGGRESSIVE_DOWNWARD_ROTATION,FAST_DECAY,DECAY_BREAKDOWN_UNCONFIRMED,SHORT_STRADDLE,56981.5,164.2,NEUTRAL,Spot nearly flat -19.20
2026-07-28T12:11:00+05:30,NSE:NIFTYBANK-INDEX,MIXED_PREMIUM_REGIME,WAIT,WEAK_CALL_BIAS,15.0,15.0,10.0,CALL,AGGRESSIVE_DOWNWARD_ROTATION,FAST_DECAY,DECAY_BREAKDOWN,SHORT_STRADDLE,56980.1,163.95,WRONG,Spot -32.70
2026-07-28T12:12:00+05:30,NSE:NIFTYBANK-INDEX,MIXED_PREMIUM_REGIME,WAIT,WEAK_CALL_BIAS,15.0,15.0,10.0,PUT,AGGRESSIVE_DOWNWARD_ROTATION,FAST_DECAY,DECAY_BREAKDOWN_UNCONFIRMED,SHORT_STRADDLE,56977.2,164.85,NEUTRAL,Spot nearly flat -25.05
2026-07-28T12:13:00+05:30,NSE:NIFTYBANK-INDEX,MIXED_PREMIUM_REGIME,HOLD_FIRE,WEAK_CALL_BIAS,15.0,15.0,10.0,BALANCED,AGGRESSIVE_DOWNWARD_ROTATION,FAST_DECAY,DECAY_BREAKDOWN,SHORT_STRADDLE,56977.75,164.0,NEUTRAL,Spot nearly flat -2.35
2026-07-28T12:14:00+05:30,NSE:NIFTYBANK-INDEX,MIXED_PREMIUM_REGIME,WAIT,WEAK_CALL_BIAS,15.0,15.0,10.0,PUT,AGGRESSIVE_DOWNWARD_ROTATION,FAST_DECAY,DECAY_BREAKDOWN,SHORT_STRADDLE,56974.7,163.4,CORRECT,Spot +17.65
2026-07-28T12:15:00+05:30,NSE:NIFTYBANK-INDEX,MIXED_PREMIUM_REGIME,WAIT,WEAK_CALL_BIAS,15.0,15.0,10.0,CALL,AGGRESSIVE_DOWNWARD_ROTATION,FAST_DECAY,DECAY_BREAKDOWN,SHORT_STRADDLE,56972.6,162.05,CORRECT,Spot +12.35
2026-07-28T12:16:00+05:30,NSE:NIFTYBANK-INDEX,MIXED_PREMIUM_REGIME,WAIT,WEAK_CALL_BIAS,15.0,15.0,10.0,PUT,AGGRESSIVE_DOWNWARD_ROTATION,FAST_DECAY,DECAY_BREAKDOWN_UNCONFIRMED,SHORT_STRADDLE,56977.85,162.75,CORRECT,Spot +15.85
2026-07-28T12:17:00+05:30,NSE:NIFTYBANK-INDEX,MIXED_PREMIUM_REGIME,HOLD_FIRE,WEAK_CALL_BIAS,15.0,15.0,10.0,BALANCED,AGGRESSIVE_DOWNWARD_ROTATION,FAST_DECAY,DECAY_BREAKDOWN_UNCONFIRMED,SHORT_STRADDLE,56977.15,163.15,CORRECT,Spot +6.30
2026-07-28T12:18:00+05:30,NSE:NIFTYBANK-INDEX,MIXED_PREMIUM_REGIME,WAIT,WEAK_CALL_BIAS,15.0,15.0,10.0,PUT,AGGRESSIVE_DOWNWARD_ROTATION,FAST_DECAY,DECAY_BREAKDOWN_UNCONFIRMED,SHORT_STRADDLE,56965.7,163.35,CORRECT,Spot +2.80
2026-07-28T12:19:00+05:30,NSE:NIFTYBANK-INDEX,MIXED_PREMIUM_REGIME,WAIT,WEAK_CALL_BIAS,15.0,15.0,10.0,PUT,AGGRESSIVE_DOWNWARD_ROTATION,FAST_DECAY,DECAY_BREAKDOWN,SHORT_STRADDLE,56937.75,166.85,CORRECT,Spot +33.95
2026-07-28T12:20:00+05:30,NSE:NIFTYBANK-INDEX,MIXED_PREMIUM_REGIME,WAIT,WEAK_PUT_BIAS,25.0,15.0,25.0,CALL,AGGRESSIVE_DOWNWARD_ROTATION,FAST_DECAY,DECAY_BREAKDOWN_UNCONFIRMED,SHORT_STRADDLE,56939.4,167.8,WRONG,Spot +29.05
2026-07-28T12:21:00+05:30,NSE:NIFTYBANK-INDEX,MIXED_PREMIUM_REGIME,WAIT,WEAK_PUT_BIAS,25.0,15.0,25.0,PUT,AGGRESSIVE_DOWNWARD_ROTATION,FAST_DECAY,DECAY_BREAKDOWN,SHORT_STRADDLE,56940.75,167.15,NEUTRAL,Spot nearly flat +18.90
2026-07-28T12:22:00+05:30,NSE:NIFTYBANK-INDEX,MIXED_PREMIUM_REGIME,HOLD_FIRE,WEAK_PUT_BIAS,40.0,0.0,40.0,PUT,AGGRESSIVE_DOWNWARD_ROTATION,FAST_DECAY,DECAY_BREAKDOWN,SHORT_STRADDLE,56931.6,162.65,NEUTRAL,Spot nearly flat +20.20
2026-07-28T12:23:00+05:30,NSE:NIFTYBANK-INDEX,MIXED_PREMIUM_REGIME,HOLD_FIRE,WEAK_PUT_BIAS,40.0,0.0,40.0,CALL,AGGRESSIVE_DOWNWARD_ROTATION,FAST_DECAY,DECAY_BREAKDOWN_UNCONFIRMED,SHORT_STRADDLE,56939.65,163.85,NEUTRAL,Spot nearly flat +14.35
2026-07-28T12:24:00+05:30,NSE:NIFTYBANK-INDEX,MIXED_PREMIUM_REGIME,WAIT,WEAK_CALL_BIAS,15.0,15.0,10.0,CALL,AGGRESSIVE_DOWNWARD_ROTATION,FAST_DECAY,DECAY_BREAKDOWN_UNCONFIRMED,SHORT_STRADDLE,56949.15,164.05,CORRECT,Spot +9.00
2026-07-28T12:25:00+05:30,NSE:NIFTYBANK-INDEX,MIXED_PREMIUM_REGIME,WAIT,WEAK_CALL_BIAS,15.0,15.0,10.0,CALL,AGGRESSIVE_DOWNWARD_ROTATION,FAST_DECAY,DECAY_BREAKDOWN,SHORT_STRADDLE,56962.3,158.5,NEUTRAL,Spot nearly flat -20.75
2026-07-28T12:26:00+05:30,NSE:NIFTYBANK-INDEX,MIXED_PREMIUM_REGIME,WAIT,WEAK_PUT_BIAS,25.0,15.0,25.0,PUT,AGGRESSIVE_DOWNWARD_ROTATION,FAST_DECAY,DECAY_BREAKDOWN,SHORT_STRADDLE,56947.4,162.8,CORRECT,Spot -17.65
2026-07-28T12:27:00+05:30,NSE:NIFTYBANK-INDEX,MIXED_PREMIUM_REGIME,WAIT,WEAK_PUT_BIAS,25.0,15.0,25.0,CALL,AGGRESSIVE_DOWNWARD_ROTATION,FAST_DECAY,DECAY_BREAKDOWN,SHORT_STRADDLE,56952.15,163.05,CORRECT,Spot -20.85
2026-07-28T12:28:00+05:30,NSE:NIFTYBANK-INDEX,MIXED_PREMIUM_REGIME,WAIT,WEAK_CALL_BIAS,15.0,15.0,10.0,CALL,AGGRESSIVE_DOWNWARD_ROTATION,FAST_DECAY,DECAY_BREAKDOWN,SHORT_STRADDLE,56975.4,158.4,WRONG,Spot -52.70
2026-07-28T12:29:00+05:30,NSE:NIFTYBANK-INDEX,MIXED_PREMIUM_REGIME,WAIT,WEAK_CALL_BIAS,15.0,15.0,10.0,CALL,AGGRESSIVE_DOWNWARD_ROTATION,FAST_DECAY,DECAY_BREAKDOWN,SHORT_STRADDLE,56992.35,156.25,WRONG,Spot -73.45
2026-07-28T12:30:00+05:30,NSE:NIFTYBANK-INDEX,MIXED_PREMIUM_REGIME,WAIT,WEAK_CALL_BIAS,15.0,15.0,10.0,PUT,AGGRESSIVE_DOWNWARD_ROTATION,FAST_DECAY,DECAY_BREAKDOWN,SHORT_STRADDLE,56984.95,156.15,WRONG,Spot -67.85
2026-07-28T12:31:00+05:30,NSE:NIFTYBANK-INDEX,MIXED_PREMIUM_REGIME,WAIT,WEAK_CALL_BIAS,15.0,15.0,10.0,CALL,AGGRESSIVE_DOWNWARD_ROTATION,FAST_DECAY,DECAY_BREAKDOWN_UNCONFIRMED,SHORT_STRADDLE,56993.7,157.35,WRONG,Spot -69.10
2026-07-28T12:32:00+05:30,NSE:NIFTYBANK-INDEX,MIXED_PREMIUM_REGIME,WAIT,WEAK_CALL_BIAS,15.0,15.0,10.0,PUT,AGGRESSIVE_DOWNWARD_ROTATION,FAST_DECAY,DECAY_BREAKDOWN_UNCONFIRMED,SHORT_STRADDLE,56983.45,158.6,WRONG,Spot -58.00
2026-07-28T12:33:00+05:30,NSE:NIFTYBANK-INDEX,MIXED_PREMIUM_REGIME,WAIT,WEAK_CALL_BIAS,15.0,15.0,10.0,PUT,AGGRESSIVE_DOWNWARD_ROTATION,FAST_DECAY,DECAY_BREAKDOWN,SHORT_STRADDLE,56968.5,157.85,WRONG,Spot -49.55
2026-07-28T12:34:00+05:30,NSE:NIFTYBANK-INDEX,MIXED_PREMIUM_REGIME,WAIT,WEAK_CALL_BIAS,15.0,15.0,10.0,PUT,AGGRESSIVE_DOWNWARD_ROTATION,FAST_DECAY,DECAY_BREAKDOWN,SHORT_STRADDLE,56971.7,156.0,WRONG,Spot -72.85
2026-07-28T12:35:00+05:30,NSE:NIFTYBANK-INDEX,MIXED_PREMIUM_REGIME,WAIT,WEAK_CALL_BIAS,15.0,15.0,10.0,PUT,AGGRESSIVE_DOWNWARD_ROTATION,FAST_DECAY,DECAY_BREAKDOWN_UNCONFIRMED,SHORT_STRADDLE,56968.45,156.4,WRONG,Spot -62.75
2026-07-28T12:36:00+05:30,NSE:NIFTYBANK-INDEX,MIXED_PREMIUM_REGIME,WAIT,WEAK_CALL_BIAS,15.0,15.0,10.0,PUT,AGGRESSIVE_DOWNWARD_ROTATION,FAST_DECAY,DECAY_BREAKDOWN_UNCONFIRMED,SHORT_STRADDLE,56959.65,157.75,WRONG,Spot -66.00
2026-07-28T12:37:00+05:30,NSE:NIFTYBANK-INDEX,MIXED_PREMIUM_REGIME,WAIT,WEAK_CALL_BIAS,15.0,15.0,10.0,CALL,AGGRESSIVE_DOWNWARD_ROTATION,FAST_DECAY,DECAY_BREAKDOWN_UNCONFIRMED,SHORT_STRADDLE,56951.8,157.8,WRONG,Spot -47.60
2026-07-28T12:38:00+05:30,NSE:NIFTYBANK-INDEX,MIXED_PREMIUM_REGIME,HOLD_FIRE,WEAK_CALL_BIAS,15.0,15.0,10.0,BALANCED,AGGRESSIVE_DOWNWARD_ROTATION,FAST_DECAY,DECAY_BREAKDOWN,SHORT_STRADDLE,56954.0,155.6,WRONG,Spot -51.30
2026-07-28T12:39:00+05:30,NSE:NIFTYBANK-INDEX,MIXED_PREMIUM_REGIME,WAIT,WEAK_CALL_BIAS,15.0,15.0,10.0,CALL,AGGRESSIVE_DOWNWARD_ROTATION,FAST_DECAY,DECAY_BREAKDOWN,SHORT_STRADDLE,56958.15,153.5,WRONG,Spot -57.60
2026-07-28T12:40:00+05:30,NSE:NIFTYBANK-INDEX,MIXED_PREMIUM_REGIME,HOLD_FIRE,WEAK_PUT_BIAS,40.0,0.0,40.0,PUT,AGGRESSIVE_DOWNWARD_ROTATION,FAST_DECAY,DECAY_BREAKDOWN,SHORT_STRADDLE,56941.55,155.85,CORRECT,Spot -40.95
2026-07-28T12:41:00+05:30,NSE:NIFTYBANK-INDEX,MIXED_PREMIUM_REGIME,HOLD_FIRE,WEAK_PUT_BIAS,40.0,0.0,40.0,PUT,AGGRESSIVE_DOWNWARD_ROTATION,FAST_DECAY,DECAY_BREAKDOWN,SHORT_STRADDLE,56929.75,155.2,CORRECT,Spot -25.70
2026-07-28T12:42:00+05:30,NSE:NIFTYBANK-INDEX,MIXED_PREMIUM_REGIME,HOLD_FIRE,WEAK_PUT_BIAS,40.0,0.0,40.0,PUT,AGGRESSIVE_DOWNWARD_ROTATION,FAST_DECAY,DECAY_BREAKDOWN,SHORT_STRADDLE,56931.3,154.55,CORRECT,Spot -23.60
2026-07-28T12:43:00+05:30,NSE:NIFTYBANK-INDEX,MIXED_PREMIUM_REGIME,HOLD_FIRE,WEAK_PUT_BIAS,55.0,0.0,55.0,PUT,AGGRESSIVE_DOWNWARD_ROTATION,FAST_DECAY,DECAY_BREAKDOWN_UNCONFIRMED,SHORT_STRADDLE,56922.7,156.85,CORRECT,Spot -18.85
2026-07-28T12:44:00+05:30,NSE:NIFTYBANK-INDEX,MIXED_PREMIUM_REGIME,HOLD_FIRE,WEAK_PUT_BIAS,55.0,0.0,55.0,PUT,AGGRESSIVE_DOWNWARD_ROTATION,FAST_DECAY,DECAY_BREAKDOWN,SHORT_STRADDLE,56918.9,155.3,CORRECT,Spot -60.10
2026-07-28T12:45:00+05:30,NSE:NIFTYBANK-INDEX,MIXED_PREMIUM_REGIME,HOLD_FIRE,WEAK_PUT_BIAS,55.0,0.0,55.0,PUT,AGGRESSIVE_DOWNWARD_ROTATION,FAST_DECAY,DECAY_BREAKDOWN_UNCONFIRMED,SHORT_STRADDLE,56917.1,156.0,CORRECT,Spot -54.80
2026-07-28T12:46:00+05:30,NSE:NIFTYBANK-INDEX,MIXED_PREMIUM_REGIME,HOLD_FIRE,WEAK_PUT_BIAS,55.0,0.0,55.0,CALL,AGGRESSIVE_DOWNWARD_ROTATION,FAST_DECAY,DECAY_BREAKDOWN,SHORT_STRADDLE,56924.6,154.4,CORRECT,Spot -51.70
2026-07-28T12:47:00+05:30,NSE:NIFTYBANK-INDEX,MIXED_PREMIUM_REGIME,HOLD_FIRE,WEAK_PUT_BIAS,55.0,0.0,55.0,CALL,AGGRESSIVE_DOWNWARD_ROTATION,FAST_DECAY,DECAY_BREAKDOWN_UNCONFIRMED,SHORT_STRADDLE,56925.45,154.55,CORRECT,Spot -53.35
2026-07-28T12:48:00+05:30,NSE:NIFTYBANK-INDEX,MIXED_PREMIUM_REGIME,HOLD_FIRE,WEAK_PUT_BIAS,55.0,0.0,55.0,PUT,AGGRESSIVE_DOWNWARD_ROTATION,FAST_DECAY,DECAY_BREAKDOWN,SHORT_STRADDLE,56918.95,151.55,CORRECT,Spot -45.00
2026-07-28T12:49:00+05:30,NSE:NIFTYBANK-INDEX,MIXED_PREMIUM_REGIME,HOLD_FIRE,WEAK_PUT_BIAS,55.0,0.0,55.0,PUT,AGGRESSIVE_DOWNWARD_ROTATION,FAST_DECAY,DECAY_BREAKDOWN_UNCONFIRMED,SHORT_STRADDLE,56898.85,152.2,CORRECT,Spot -30.15
2026-07-28T12:50:00+05:30,NSE:NIFTYBANK-INDEX,MIXED_PREMIUM_REGIME,HOLD_FIRE,WEAK_PUT_BIAS,55.0,0.0,55.0,CALL,AGGRESSIVE_DOWNWARD_ROTATION,FAST_DECAY,DECAY_BREAKDOWN,SHORT_STRADDLE,56905.7,150.8,CORRECT,Spot -42.25
2026-07-28T12:51:00+05:30,NSE:NIFTYBANK-INDEX,MIXED_PREMIUM_REGIME,HOLD_FIRE,WEAK_PUT_BIAS,55.0,0.0,55.0,PUT,AGGRESSIVE_DOWNWARD_ROTATION,FAST_DECAY,DECAY_BREAKDOWN_UNCONFIRMED,SHORT_STRADDLE,56893.65,151.5,CORRECT,Spot -27.80
2026-07-28T12:52:00+05:30,NSE:NIFTYBANK-INDEX,MIXED_PREMIUM_REGIME,HOLD_FIRE,WEAK_PUT_BIAS,55.0,0.0,55.0,CALL,AGGRESSIVE_DOWNWARD_ROTATION,FAST_DECAY,DECAY_BREAKDOWN,SHORT_STRADDLE,56904.2,150.75,CORRECT,Spot -36.95
2026-07-28T12:53:00+05:30,NSE:NIFTYBANK-INDEX,MIXED_PREMIUM_REGIME,HOLD_FIRE,WEAK_PUT_BIAS,55.0,0.0,55.0,PUT,AGGRESSIVE_DOWNWARD_ROTATION,FAST_DECAY,DECAY_BREAKDOWN_UNCONFIRMED,SHORT_STRADDLE,56902.7,150.85,CORRECT,Spot -34.55
2026-07-28T12:54:00+05:30,NSE:NIFTYBANK-INDEX,MIXED_PREMIUM_REGIME,HOLD_FIRE,WEAK_PUT_BIAS,55.0,0.0,55.0,CALL,AGGRESSIVE_DOWNWARD_ROTATION,FAST_DECAY,DECAY_BREAKDOWN,SHORT_STRADDLE,56900.55,150.4,CORRECT,Spot -31.60
2026-07-28T12:55:00+05:30,NSE:NIFTYBANK-INDEX,MIXED_PREMIUM_REGIME,HOLD_FIRE,WEAK_PUT_BIAS,55.0,0.0,55.0,PUT,AGGRESSIVE_DOWNWARD_ROTATION,FAST_DECAY,DECAY_BREAKDOWN,SHORT_STRADDLE,56900.6,150.05,CORRECT,Spot -24.55
2026-07-28T12:56:00+05:30,NSE:NIFTYBANK-INDEX,MIXED_PREMIUM_REGIME,HOLD_FIRE,WEAK_PUT_BIAS,55.0,0.0,55.0,CALL,AGGRESSIVE_DOWNWARD_ROTATION,FAST_DECAY,DECAY_BREAKDOWN,SHORT_STRADDLE,56904.05,147.55,CORRECT,Spot -48.95
2026-07-28T12:57:00+05:30,NSE:NIFTYBANK-INDEX,MIXED_PREMIUM_REGIME,HOLD_FIRE,WEAK_PUT_BIAS,55.0,0.0,55.0,CALL,AGGRESSIVE_DOWNWARD_ROTATION,FAST_DECAY,DECAY_BREAKDOWN_UNCONFIRMED,SHORT_STRADDLE,56907.7,147.7,CORRECT,Spot -71.25
2026-07-28T12:58:00+05:30,NSE:NIFTYBANK-INDEX,MIXED_PREMIUM_REGIME,HOLD_FIRE,WEAK_PUT_BIAS,55.0,0.0,55.0,PUT,AGGRESSIVE_DOWNWARD_ROTATION,FAST_DECAY,DECAY_BREAKDOWN_UNCONFIRMED,SHORT_STRADDLE,56903.85,147.75,CORRECT,Spot -61.65
2026-07-28T12:59:00+05:30,NSE:NIFTYBANK-INDEX,MIXED_PREMIUM_REGIME,WAIT,PUT_BIAS,75.0,0.0,75.0,PUT,AGGRESSIVE_DOWNWARD_ROTATION,FAST_DECAY,DECAY_BREAKDOWN_UNCONFIRMED,SHORT_STRADDLE,56858.8,151.25,CORRECT,Spot -24.35
2026-07-28T13:00:00+05:30,NSE:NIFTYBANK-INDEX,MIXED_PREMIUM_REGIME,WAIT,PUT_BIAS,75.0,0.0,75.0,CALL,AGGRESSIVE_DOWNWARD_ROTATION,FAST_DECAY,DECAY_BREAKDOWN_UNCONFIRMED,SHORT_STRADDLE,56862.3,152.0,CORRECT,Spot -44.45
2026-07-28T13:01:00+05:30,NSE:NIFTYBANK-INDEX,MIXED_PREMIUM_REGIME,WAIT,PUT_BIAS,75.0,0.0,75.0,CALL,AGGRESSIVE_DOWNWARD_ROTATION,FAST_DECAY,DECAY_BREAKDOWN,SHORT_STRADDLE,56872.9,149.15,CORRECT,Spot -82.35
2026-07-28T13:02:00+05:30,NSE:NIFTYBANK-INDEX,MIXED_PREMIUM_REGIME,WAIT,PUT_BIAS,75.0,0.0,75.0,PUT,AGGRESSIVE_DOWNWARD_ROTATION,FAST_DECAY,DECAY_BREAKDOWN_UNCONFIRMED,SHORT_STRADDLE,56872.1,152.2,CORRECT,Spot -78.70
2026-07-28T13:03:00+05:30,NSE:NIFTYBANK-INDEX,MIXED_PREMIUM_REGIME,WAIT,PUT_BIAS,75.0,0.0,75.0,CALL,AGGRESSIVE_DOWNWARD_ROTATION,FAST_DECAY,DECAY_BREAKDOWN,SHORT_STRADDLE,56873.95,150.2,CORRECT,Spot -58.75
2026-07-28T13:04:00+05:30,NSE:NIFTYBANK-INDEX,MIXED_PREMIUM_REGIME,WAIT,PUT_BIAS,75.0,0.0,75.0,PUT,AGGRESSIVE_DOWNWARD_ROTATION,FAST_DECAY,DECAY_BREAKDOWN_UNCONFIRMED,SHORT_STRADDLE,56868.7,150.35,CORRECT,Spot -66.75
2026-07-28T13:05:00+05:30,NSE:NIFTYBANK-INDEX,MIXED_PREMIUM_REGIME,WAIT,PUT_BIAS,75.0,0.0,75.0,PUT,AGGRESSIVE_DOWNWARD_ROTATION,FAST_DECAY,DECAY_BREAKDOWN,SHORT_STRADDLE,56863.45,150.15,CORRECT,Spot -64.00
2026-07-28T13:06:00+05:30,NSE:NIFTYBANK-INDEX,MIXED_PREMIUM_REGIME,HOLD_FIRE,PUT_BIAS,75.0,0.0,75.0,BALANCED,AGGRESSIVE_DOWNWARD_ROTATION,FAST_DECAY,DECAY_BREAKDOWN,SHORT_STRADDLE,56865.85,148.65,CORRECT,Spot -76.00
2026-07-28T13:07:00+05:30,NSE:NIFTYBANK-INDEX,MIXED_PREMIUM_REGIME,WAIT,PUT_BIAS,75.0,0.0,75.0,PUT,AGGRESSIVE_DOWNWARD_ROTATION,FAST_DECAY,DECAY_BREAKDOWN,SHORT_STRADDLE,56867.25,148.0,CORRECT,Spot -45.55
2026-07-28T13:08:00+05:30,NSE:NIFTYBANK-INDEX,MIXED_PREMIUM_REGIME,WAIT,PUT_BIAS,75.0,0.0,75.0,CALL,AGGRESSIVE_DOWNWARD_ROTATION,FAST_DECAY,DECAY_BREAKDOWN,SHORT_STRADDLE,56868.15,142.55,CORRECT,Spot -33.85
2026-07-28T13:09:00+05:30,NSE:NIFTYBANK-INDEX,MIXED_PREMIUM_REGIME,WAIT,PUT_BIAS,75.0,0.0,75.0,PUT,AGGRESSIVE_DOWNWARD_ROTATION,FAST_DECAY,DECAY_BREAKDOWN_UNCONFIRMED,SHORT_STRADDLE,56868.95,145.95,CORRECT,Spot -33.00
2026-07-28T13:10:00+05:30,NSE:NIFTYBANK-INDEX,MIXED_PREMIUM_REGIME,WAIT,PUT_BIAS,75.0,0.0,75.0,CALL,AGGRESSIVE_DOWNWARD_ROTATION,FAST_DECAY,DECAY_BREAKDOWN,SHORT_STRADDLE,56876.05,143.2,CORRECT,Spot -42.40
2026-07-28T13:11:00+05:30,NSE:NIFTYBANK-INDEX,ROTATION_WITH_EXPANSION,WAIT,PUT_BIAS,75.0,0.0,75.0,PUT,AGGRESSIVE_DOWNWARD_ROTATION,PREMIUM_EXPANSION,DECAY_BREAKDOWN_UNCONFIRMED,SHORT_STRADDLE,56855.1,151.85,CORRECT,Spot -26.85
2026-07-28T13:12:00+05:30,NSE:NIFTYBANK-INDEX,MIXED_PREMIUM_REGIME,WAIT,PUT_BIAS,75.0,0.0,75.0,PUT,AGGRESSIVE_DOWNWARD_ROTATION,FAST_DECAY,DECAY_BREAKDOWN,SHORT_STRADDLE,56836.45,151.1,CORRECT,Spot -18.15
2026-07-28T13:13:00+05:30,NSE:NIFTYBANK-INDEX,MIXED_PREMIUM_REGIME,WAIT,PUT_BIAS,75.0,0.0,75.0,CALL,AGGRESSIVE_DOWNWARD_ROTATION,FAST_DECAY,DECAY_BREAKDOWN_UNCONFIRMED,SHORT_STRADDLE,56842.2,151.8,CORRECT,Spot -23.25
2026-07-28T13:14:00+05:30,NSE:NIFTYBANK-INDEX,MIXED_PREMIUM_REGIME,WAIT,PUT_BIAS,75.0,0.0,75.0,PUT,AGGRESSIVE_DOWNWARD_ROTATION,FAST_DECAY,DECAY_BREAKDOWN_UNCONFIRMED,SHORT_STRADDLE,56834.45,152.05,CORRECT,Spot -13.65
2026-07-28T13:15:00+05:30,NSE:NIFTYBANK-INDEX,MIXED_PREMIUM_REGIME,WAIT,PUT_BIAS,75.0,0.0,75.0,PUT,AGGRESSIVE_DOWNWARD_ROTATION,FAST_DECAY,DECAY_BREAKDOWN,SHORT_STRADDLE,56817.85,150.1,NEUTRAL,Spot nearly flat +9.15
2026-07-28T13:16:00+05:30,NSE:NIFTYBANK-INDEX,MIXED_PREMIUM_REGIME,WAIT,PUT_BIAS,75.0,0.0,75.0,PUT,AGGRESSIVE_DOWNWARD_ROTATION,FAST_DECAY,DECAY_BREAKDOWN,SHORT_STRADDLE,56790.55,147.8,NEUTRAL,Spot nearly flat +24.70
2026-07-28T13:17:00+05:30,NSE:NIFTYBANK-INDEX,MIXED_PREMIUM_REGIME,WAIT,PUT_BIAS,75.0,0.0,75.0,PUT,AGGRESSIVE_DOWNWARD_ROTATION,FAST_DECAY,DECAY_BREAKDOWN,SHORT_STRADDLE,56793.4,145.9,NEUTRAL,Spot nearly flat +26.20
2026-07-28T13:18:00+05:30,NSE:NIFTYBANK-INDEX,MIXED_PREMIUM_REGIME,WAIT,PUT_BIAS,75.0,0.0,75.0,CALL,AGGRESSIVE_DOWNWARD_ROTATION,FAST_DECAY,DECAY_BREAKDOWN,SHORT_STRADDLE,56815.2,144.65,NEUTRAL,Spot nearly flat +4.90
2026-07-28T13:19:00+05:30,NSE:NIFTYBANK-INDEX,MIXED_PREMIUM_REGIME,WAIT,PUT_BIAS,75.0,0.0,75.0,PUT,AGGRESSIVE_DOWNWARD_ROTATION,FAST_DECAY,DECAY_BREAKDOWN_UNCONFIRMED,SHORT_STRADDLE,56801.95,145.55,NEUTRAL,Spot nearly flat +16.85
2026-07-28T13:20:00+05:30,NSE:NIFTYBANK-INDEX,MIXED_PREMIUM_REGIME,HOLD_FIRE,PUT_BIAS,75.0,0.0,75.0,BALANCED,AGGRESSIVE_DOWNWARD_ROTATION,FAST_DECAY,DECAY_BREAKDOWN,SHORT_STRADDLE,56799.45,144.75,NEUTRAL,Spot nearly flat +22.15
2026-07-28T13:21:00+05:30,NSE:NIFTYBANK-INDEX,MIXED_PREMIUM_REGIME,WAIT,PUT_BIAS,75.0,0.0,75.0,PUT,AGGRESSIVE_DOWNWARD_ROTATION,FAST_DECAY,DECAY_BREAKDOWN_UNCONFIRMED,SHORT_STRADDLE,56789.85,146.7,WRONG,Spot +33.95
2026-07-28T13:22:00+05:30,NSE:NIFTYBANK-INDEX,MIXED_PREMIUM_REGIME,WAIT,PUT_BIAS,75.0,0.0,75.0,CALL,AGGRESSIVE_DOWNWARD_ROTATION,FAST_DECAY,DECAY_BREAKDOWN,SHORT_STRADDLE,56821.7,144.55,NEUTRAL,Spot nearly flat +6.15
2026-07-28T13:23:00+05:30,NSE:NIFTYBANK-INDEX,MIXED_PREMIUM_REGIME,WAIT,PUT_BIAS,75.0,0.0,75.0,CALL,AGGRESSIVE_DOWNWARD_ROTATION,FAST_DECAY,DECAY_BREAKDOWN_UNCONFIRMED,SHORT_STRADDLE,56834.3,144.85,CORRECT,Spot -31.45
2026-07-28T13:24:00+05:30,NSE:NIFTYBANK-INDEX,MIXED_PREMIUM_REGIME,WAIT,PUT_BIAS,75.0,0.0,75.0,PUT,AGGRESSIVE_DOWNWARD_ROTATION,FAST_DECAY,DECAY_BREAKDOWN,SHORT_STRADDLE,56835.95,142.2,CORRECT,Spot -37.10
2026-07-28T13:25:00+05:30,NSE:NIFTYBANK-INDEX,MIXED_PREMIUM_REGIME,WAIT,PUT_BIAS,75.0,0.0,75.0,PUT,AGGRESSIVE_DOWNWARD_ROTATION,FAST_DECAY,DECAY_BREAKDOWN,SHORT_STRADDLE,56833.65,141.65,CORRECT,Spot -20.75
2026-07-28T13:26:00+05:30,NSE:NIFTYBANK-INDEX,MIXED_PREMIUM_REGIME,WAIT,PUT_BIAS,75.0,0.0,75.0,PUT,AGGRESSIVE_DOWNWARD_ROTATION,FAST_DECAY,DECAY_BREAKDOWN_UNCONFIRMED,SHORT_STRADDLE,56828.25,141.7,CORRECT,Spot -26.50
2026-07-28T13:27:00+05:30,NSE:NIFTYBANK-INDEX,MIXED_PREMIUM_REGIME,WAIT,PUT_BIAS,75.0,0.0,75.0,PUT,AGGRESSIVE_DOWNWARD_ROTATION,FAST_DECAY,DECAY_BREAKDOWN,SHORT_STRADDLE,56818.3,141.35,CORRECT,Spot -28.55
2026-07-28T13:28:00+05:30,NSE:NIFTYBANK-INDEX,MIXED_PREMIUM_REGIME,WAIT,PUT_BIAS,75.0,0.0,75.0,CALL,AGGRESSIVE_DOWNWARD_ROTATION,FAST_DECAY,DECAY_BREAKDOWN,SHORT_STRADDLE,56818.95,141.25,CORRECT,Spot -30.90
2026-07-28T13:29:00+05:30,NSE:NIFTYBANK-INDEX,MIXED_PREMIUM_REGIME,WAIT,PUT_BIAS,75.0,0.0,75.0,CALL,AGGRESSIVE_DOWNWARD_ROTATION,FAST_DECAY,DECAY_BREAKDOWN_UNCONFIRMED,SHORT_STRADDLE,56820.8,141.4,CORRECT,Spot -25.15
2026-07-28T13:30:00+05:30,NSE:NIFTYBANK-INDEX,MIXED_PREMIUM_REGIME,HOLD_FIRE,PUT_BIAS,75.0,0.0,75.0,BALANCED,AGGRESSIVE_DOWNWARD_ROTATION,FAST_DECAY,DECAY_BREAKDOWN_UNCONFIRMED,SHORT_STRADDLE,56827.0,144.15,CORRECT,Spot -28.85
2026-07-28T13:31:00+05:30,NSE:NIFTYBANK-INDEX,MIXED_PREMIUM_REGIME,WAIT,PUT_BIAS,75.0,0.0,75.0,PUT,AGGRESSIVE_DOWNWARD_ROTATION,FAST_DECAY,DECAY_BREAKDOWN,SHORT_STRADDLE,56815.25,141.4,CORRECT,Spot -17.30
2026-07-28T13:32:00+05:30,NSE:NIFTYBANK-INDEX,MIXED_PREMIUM_REGIME,WAIT,PUT_BIAS,75.0,0.0,75.0,CALL,AGGRESSIVE_DOWNWARD_ROTATION,FAST_DECAY,DECAY_BREAKDOWN,SHORT_STRADDLE,56819.6,140.4,CORRECT,Spot -9.70
2026-07-28T13:33:00+05:30,NSE:NIFTYBANK-INDEX,MIXED_PREMIUM_REGIME,WAIT,PUT_BIAS,75.0,0.0,75.0,CALL,AGGRESSIVE_DOWNWARD_ROTATION,FAST_DECAY,DECAY_BREAKDOWN,SHORT_STRADDLE,56820.1,139.05,CORRECT,Spot -17.45
2026-07-28T13:34:00+05:30,NSE:NIFTYBANK-INDEX,MIXED_PREMIUM_REGIME,WAIT,PUT_BIAS,75.0,0.0,75.0,CALL,AGGRESSIVE_DOWNWARD_ROTATION,FAST_DECAY,DECAY_BREAKDOWN,SHORT_STRADDLE,56818.8,138.55,CORRECT,Spot -25.15
2026-07-28T13:35:00+05:30,NSE:NIFTYBANK-INDEX,MIXED_PREMIUM_REGIME,WAIT,PUT_BIAS,75.0,0.0,75.0,CALL,AGGRESSIVE_DOWNWARD_ROTATION,FAST_DECAY,DECAY_BREAKDOWN_UNCONFIRMED,SHORT_STRADDLE,56821.6,139.5,CORRECT,Spot -28.10
2026-07-28T13:36:00+05:30,NSE:NIFTYBANK-INDEX,MIXED_PREMIUM_REGIME,WAIT,PUT_BIAS,75.0,0.0,75.0,CALL,AGGRESSIVE_DOWNWARD_ROTATION,FAST_DECAY,DECAY_BREAKDOWN_UNCONFIRMED,SHORT_STRADDLE,56823.8,139.7,CORRECT,Spot -20.45
2026-07-28T13:37:00+05:30,NSE:NIFTYBANK-INDEX,MIXED_PREMIUM_REGIME,WAIT,PUT_BIAS,75.0,0.0,75.0,PUT,AGGRESSIVE_DOWNWARD_ROTATION,FAST_DECAY,DECAY_BREAKDOWN,SHORT_STRADDLE,56827.85,135.15,NEUTRAL,Spot nearly flat +19.65
2026-07-28T13:38:00+05:30,NSE:NIFTYBANK-INDEX,MIXED_PREMIUM_REGIME,WAIT,PUT_BIAS,75.0,0.0,75.0,PUT,AGGRESSIVE_DOWNWARD_ROTATION,FAST_DECAY,DECAY_BREAKDOWN,SHORT_STRADDLE,56802.85,132.75,WRONG,Spot +37.00
2026-07-28T13:39:00+05:30,NSE:NIFTYBANK-INDEX,MIXED_PREMIUM_REGIME,WAIT,PUT_BIAS,75.0,0.0,75.0,PUT,AGGRESSIVE_DOWNWARD_ROTATION,FAST_DECAY,DECAY_BREAKDOWN_UNCONFIRMED,SHORT_STRADDLE,56798.85,135.2,NEUTRAL,Spot nearly flat +16.90
2026-07-28T13:40:00+05:30,NSE:NIFTYBANK-INDEX,MIXED_PREMIUM_REGIME,WAIT,PUT_BIAS,75.0,0.0,75.0,CALL,AGGRESSIVE_DOWNWARD_ROTATION,FAST_DECAY,DECAY_BREAKDOWN,SHORT_STRADDLE,56812.9,134.3,CORRECT,Spot -0.55
2026-07-28T13:41:00+05:30,NSE:NIFTYBANK-INDEX,MIXED_PREMIUM_REGIME,WAIT,PUT_BIAS,75.0,0.0,75.0,PUT,AGGRESSIVE_DOWNWARD_ROTATION,FAST_DECAY,DECAY_BREAKDOWN_UNCONFIRMED,SHORT_STRADDLE,56801.75,135.2,NEUTRAL,Spot nearly flat +11.85
2026-07-28T13:42:00+05:30,NSE:NIFTYBANK-INDEX,MIXED_PREMIUM_REGIME,WAIT,PUT_BIAS,75.0,0.0,75.0,PUT,AGGRESSIVE_DOWNWARD_ROTATION,FAST_DECAY,DECAY_BREAKDOWN_UNCONFIRMED,SHORT_STRADDLE,56789.75,136.15,NEUTRAL,Spot nearly flat +23.60
2026-07-28T13:43:00+05:30,NSE:NIFTYBANK-INDEX,MIXED_PREMIUM_REGIME,HOLD_FIRE,PUT_BIAS,75.0,0.0,75.0,BALANCED,AGGRESSIVE_DOWNWARD_ROTATION,FAST_DECAY,DECAY_BREAKDOWN,SHORT_STRADDLE,56788.05,135.15,WRONG,Spot +28.55
2026-07-28T13:44:00+05:30,NSE:NIFTYBANK-INDEX,MIXED_PREMIUM_REGIME,WAIT,PUT_BIAS,75.0,0.0,75.0,CALL,AGGRESSIVE_DOWNWARD_ROTATION,FAST_DECAY,DECAY_BREAKDOWN,SHORT_STRADDLE,56795.65,134.05,NEUTRAL,Spot nearly flat +8.60
2026-07-28T13:45:00+05:30,NSE:NIFTYBANK-INDEX,MIXED_PREMIUM_REGIME,WAIT,PUT_BIAS,75.0,0.0,75.0,CALL,AGGRESSIVE_DOWNWARD_ROTATION,FAST_DECAY,DECAY_BREAKDOWN,SHORT_STRADDLE,56798.15,132.8,NEUTRAL,Spot nearly flat +26.80
2026-07-28T13:46:00+05:30,NSE:NIFTYBANK-INDEX,MIXED_PREMIUM_REGIME,WAIT,PUT_BIAS,75.0,0.0,75.0,CALL,AGGRESSIVE_DOWNWARD_ROTATION,FAST_DECAY,DECAY_BREAKDOWN_UNCONFIRMED,SHORT_STRADDLE,56797.95,133.9,NEUTRAL,Spot nearly flat +12.60
2026-07-28T13:47:00+05:30,NSE:NIFTYBANK-INDEX,MIXED_PREMIUM_REGIME,WAIT,PUT_BIAS,75.0,0.0,75.0,CALL,AGGRESSIVE_DOWNWARD_ROTATION,FAST_DECAY,DECAY_BREAKDOWN,SHORT_STRADDLE,56809.9,133.6,NEUTRAL,Spot nearly flat +22.60
2026-07-28T13:48:00+05:30,NSE:NIFTYBANK-INDEX,MIXED_PREMIUM_REGIME,WAIT,PUT_BIAS,75.0,0.0,75.0,PUT,AGGRESSIVE_DOWNWARD_ROTATION,FAST_DECAY,DECAY_BREAKDOWN_UNCONFIRMED,SHORT_STRADDLE,56802.65,134.15,WRONG,Spot +30.10
2026-07-28T13:49:00+05:30,NSE:NIFTYBANK-INDEX,MIXED_PREMIUM_REGIME,WAIT,PUT_BIAS,75.0,0.0,75.0,PUT,AGGRESSIVE_DOWNWARD_ROTATION,FAST_DECAY,DECAY_BREAKDOWN_UNCONFIRMED,SHORT_STRADDLE,56793.65,135.0,WRONG,Spot +35.10
2026-07-28T13:50:00+05:30,NSE:NIFTYBANK-INDEX,MIXED_PREMIUM_REGIME,WAIT,PUT_BIAS,75.0,0.0,75.0,CALL,AGGRESSIVE_DOWNWARD_ROTATION,FAST_DECAY,DECAY_BREAKDOWN,SHORT_STRADDLE,56793.5,134.35,WRONG,Spot +40.70
2026-07-28T13:51:00+05:30,NSE:NIFTYBANK-INDEX,MIXED_PREMIUM_REGIME,WAIT,PUT_BIAS,75.0,0.0,75.0,CALL,AGGRESSIVE_DOWNWARD_ROTATION,FAST_DECAY,DECAY_BREAKDOWN,SHORT_STRADDLE,56803.35,134.3,WRONG,Spot +46.45
2026-07-28T13:52:00+05:30,NSE:NIFTYBANK-INDEX,MIXED_PREMIUM_REGIME,WAIT,PUT_BIAS,75.0,0.0,75.0,CALL,AGGRESSIVE_DOWNWARD_ROTATION,FAST_DECAY,DECAY_BREAKDOWN_UNCONFIRMED,SHORT_STRADDLE,56847.5,136.15,CORRECT,Spot -10.20
2026-07-28T13:53:00+05:30,NSE:NIFTYBANK-INDEX,MIXED_PREMIUM_REGIME,WAIT,PUT_BIAS,75.0,0.0,75.0,PUT,AGGRESSIVE_DOWNWARD_ROTATION,FAST_DECAY,DECAY_BREAKDOWN,SHORT_STRADDLE,56839.85,127.55,CORRECT,Spot -13.95
2026-07-28T13:54:00+05:30,NSE:NIFTYBANK-INDEX,MIXED_PREMIUM_REGIME,WAIT,PUT_BIAS,75.0,0.0,75.0,PUT,AGGRESSIVE_DOWNWARD_ROTATION,FAST_DECAY,DECAY_BREAKDOWN,SHORT_STRADDLE,56815.75,127.35,NEUTRAL,Spot nearly flat +9.65
2026-07-28T13:55:00+05:30,NSE:NIFTYBANK-INDEX,MIXED_PREMIUM_REGIME,WAIT,PUT_BIAS,75.0,0.0,75.0,PUT,AGGRESSIVE_DOWNWARD_ROTATION,FAST_DECAY,DECAY_BREAKDOWN_UNCONFIRMED,SHORT_STRADDLE,56812.35,128.15,NEUTRAL,Spot nearly flat +16.10
2026-07-28T13:56:00+05:30,NSE:NIFTYBANK-INDEX,MIXED_PREMIUM_REGIME,WAIT,PUT_BIAS,75.0,0.0,75.0,CALL,AGGRESSIVE_DOWNWARD_ROTATION,FAST_DECAY,DECAY_BREAKDOWN_UNCONFIRMED,SHORT_STRADDLE,56813.6,129.05,NEUTRAL,Spot nearly flat +1.65
2026-07-28T13:57:00+05:30,NSE:NIFTYBANK-INDEX,MIXED_PREMIUM_REGIME,WAIT,PUT_BIAS,75.0,0.0,75.0,CALL,AGGRESSIVE_DOWNWARD_ROTATION,FAST_DECAY,DECAY_BREAKDOWN,SHORT_STRADDLE,56813.35,128.2,CORRECT,Spot -6.25
2026-07-28T13:58:00+05:30,NSE:NIFTYBANK-INDEX,MIXED_PREMIUM_REGIME,HOLD_FIRE,PUT_BIAS,75.0,0.0,75.0,BALANCED,AGGRESSIVE_DOWNWARD_ROTATION,FAST_DECAY,DECAY_BREAKDOWN,SHORT_STRADDLE,56816.6,127.6,CORRECT,Spot -14.50
2026-07-28T13:59:00+05:30,NSE:NIFTYBANK-INDEX,MIXED_PREMIUM_REGIME,WAIT,PUT_BIAS,75.0,0.0,75.0,PUT,AGGRESSIVE_DOWNWARD_ROTATION,FAST_DECAY,DECAY_BREAKDOWN,SHORT_STRADDLE,56804.25,126.5,CORRECT,Spot -5.90
2026-07-28T14:00:00+05:30,NSE:NIFTYBANK-INDEX,MIXED_PREMIUM_REGIME,WAIT,PUT_BIAS,75.0,0.0,75.0,CALL,AGGRESSIVE_DOWNWARD_ROTATION,FAST_DECAY,DECAY_BREAKDOWN,SHORT_STRADDLE,56824.95,125.75,CORRECT,Spot -21.60
2026-07-28T14:01:00+05:30,NSE:NIFTYBANK-INDEX,MIXED_PREMIUM_REGIME,WAIT,PUT_BIAS,75.0,0.0,75.0,CALL,AGGRESSIVE_DOWNWARD_ROTATION,FAST_DECAY,DECAY_BREAKDOWN,SHORT_STRADDLE,56810.55,125.35,NEUTRAL,Spot nearly flat +1.50
2026-07-28T14:02:00+05:30,NSE:NIFTYBANK-INDEX,MIXED_PREMIUM_REGIME,WAIT,PUT_BIAS,75.0,0.0,75.0,CALL,AGGRESSIVE_DOWNWARD_ROTATION,FAST_DECAY,DECAY_BREAKDOWN_UNCONFIRMED,SHORT_STRADDLE,56832.5,126.95,CORRECT,Spot -25.50
2026-07-28T14:03:00+05:30,NSE:NIFTYBANK-INDEX,MIXED_PREMIUM_REGIME,WAIT,PUT_BIAS,75.0,0.0,75.0,PUT,AGGRESSIVE_DOWNWARD_ROTATION,FAST_DECAY,DECAY_BREAKDOWN,SHORT_STRADDLE,56832.75,124.9,CORRECT,Spot -33.85
2026-07-28T14:04:00+05:30,NSE:NIFTYBANK-INDEX,MIXED_PREMIUM_REGIME,WAIT,PUT_BIAS,75.0,0.0,75.0,PUT,AGGRESSIVE_DOWNWARD_ROTATION,FAST_DECAY,DECAY_BREAKDOWN,SHORT_STRADDLE,56828.75,122.8,CORRECT,Spot -25.80
2026-07-28T14:05:00+05:30,NSE:NIFTYBANK-INDEX,MIXED_PREMIUM_REGIME,WAIT,PUT_BIAS,75.0,0.0,75.0,CALL,AGGRESSIVE_DOWNWARD_ROTATION,FAST_DECAY,DECAY_BREAKDOWN,SHORT_STRADDLE,56834.2,122.0,CORRECT,Spot -33.85
2026-07-28T14:06:00+05:30,NSE:NIFTYBANK-INDEX,MIXED_PREMIUM_REGIME,WAIT,PUT_BIAS,75.0,0.0,75.0,CALL,AGGRESSIVE_DOWNWARD_ROTATION,FAST_DECAY,DECAY_BREAKDOWN_UNCONFIRMED,SHORT_STRADDLE,56849.8,125.65,CORRECT,Spot -38.70
2026-07-28T14:07:00+05:30,NSE:NIFTYBANK-INDEX,MIXED_PREMIUM_REGIME,WAIT,PUT_BIAS,75.0,0.0,75.0,PUT,AGGRESSIVE_DOWNWARD_ROTATION,FAST_DECAY,DECAY_BREAKDOWN,SHORT_STRADDLE,56837.3,121.1,CORRECT,Spot -29.20
2026-07-28T14:08:00+05:30,NSE:NIFTYBANK-INDEX,MIXED_PREMIUM_REGIME,WAIT,PUT_BIAS,75.0,0.0,75.0,PUT,AGGRESSIVE_DOWNWARD_ROTATION,FAST_DECAY,DECAY_BREAKDOWN,SHORT_STRADDLE,56825.9,120.0,CORRECT,Spot -29.60
2026-07-28T14:09:00+05:30,NSE:NIFTYBANK-INDEX,MIXED_PREMIUM_REGIME,WAIT,PUT_BIAS,75.0,0.0,75.0,CALL,AGGRESSIVE_DOWNWARD_ROTATION,FAST_DECAY,DECAY_BREAKDOWN_UNCONFIRMED,SHORT_STRADDLE,56825.4,120.2,CORRECT,Spot -27.50
2026-07-28T14:10:00+05:30,NSE:NIFTYBANK-INDEX,MIXED_PREMIUM_REGIME,WAIT,PUT_BIAS,75.0,0.0,75.0,CALL,AGGRESSIVE_DOWNWARD_ROTATION,FAST_DECAY,DECAY_BREAKDOWN_UNCONFIRMED,SHORT_STRADDLE,56828.45,121.35,CORRECT,Spot -37.40
2026-07-28T14:11:00+05:30,NSE:NIFTYBANK-INDEX,MIXED_PREMIUM_REGIME,WAIT,PUT_BIAS,75.0,0.0,75.0,PUT,AGGRESSIVE_DOWNWARD_ROTATION,FAST_DECAY,DECAY_BREAKDOWN,SHORT_STRADDLE,56815.25,116.15,CORRECT,Spot -12.45
2026-07-28T14:12:00+05:30,NSE:NIFTYBANK-INDEX,MIXED_PREMIUM_REGIME,WAIT,PUT_BIAS,75.0,0.0,75.0,CALL,AGGRESSIVE_DOWNWARD_ROTATION,FAST_DECAY,DECAY_BREAKDOWN,SHORT_STRADDLE,56807.1,114.85,CORRECT,Spot -3.05
2026-07-28T14:13:00+05:30,NSE:NIFTYBANK-INDEX,MIXED_PREMIUM_REGIME,WAIT,PUT_BIAS,75.0,0.0,75.0,PUT,AGGRESSIVE_DOWNWARD_ROTATION,FAST_DECAY,DECAY_BREAKDOWN_UNCONFIRMED,SHORT_STRADDLE,56802.1,115.35,NEUTRAL,Spot nearly flat +4.15
2026-07-28T14:14:00+05:30,NSE:NIFTYBANK-INDEX,MIXED_PREMIUM_REGIME,HOLD_FIRE,PUT_BIAS,75.0,0.0,75.0,BALANCED,AGGRESSIVE_DOWNWARD_ROTATION,FAST_DECAY,DECAY_BREAKDOWN,SHORT_STRADDLE,56798.35,114.2,CORRECT,Spot -4.90
2026-07-28T14:15:00+05:30,NSE:NIFTYBANK-INDEX,MIXED_PREMIUM_REGIME,WAIT,PUT_BIAS,75.0,0.0,75.0,CALL,AGGRESSIVE_DOWNWARD_ROTATION,FAST_DECAY,DECAY_BREAKDOWN_UNCONFIRMED,SHORT_STRADDLE,56803.35,115.05,CORRECT,Spot -12.10
2026-07-28T14:16:00+05:30,NSE:NIFTYBANK-INDEX,MIXED_PREMIUM_REGIME,HOLD_FIRE,PUT_BIAS,75.0,0.0,75.0,BALANCED,AGGRESSIVE_DOWNWARD_ROTATION,FAST_DECAY,DECAY_BREAKDOWN,SHORT_STRADDLE,56812.05,112.8,CORRECT,Spot -34.75
2026-07-28T14:17:00+05:30,NSE:NIFTYBANK-INDEX,MIXED_PREMIUM_REGIME,WAIT,PUT_BIAS,75.0,0.0,75.0,PUT,AGGRESSIVE_DOWNWARD_ROTATION,FAST_DECAY,DECAY_BREAKDOWN,SHORT_STRADDLE,56807.0,112.45,CORRECT,Spot -44.75
2026-07-28T14:18:00+05:30,NSE:NIFTYBANK-INDEX,MIXED_PREMIUM_REGIME,WAIT,PUT_BIAS,75.0,0.0,75.0,PUT,AGGRESSIVE_DOWNWARD_ROTATION,FAST_DECAY,DECAY_BREAKDOWN_UNCONFIRMED,SHORT_STRADDLE,56798.9,113.8,CORRECT,Spot -40.00
2026-07-28T14:19:00+05:30,NSE:NIFTYBANK-INDEX,MIXED_PREMIUM_REGIME,WAIT,PUT_BIAS,75.0,0.0,75.0,CALL,AGGRESSIVE_DOWNWARD_ROTATION,FAST_DECAY,DECAY_BREAKDOWN_UNCONFIRMED,SHORT_STRADDLE,56802.95,114.05,CORRECT,Spot -54.95
2026-07-28T14:20:00+05:30,NSE:NIFTYBANK-INDEX,MIXED_PREMIUM_REGIME,WAIT,PUT_BIAS,75.0,0.0,75.0,PUT,AGGRESSIVE_DOWNWARD_ROTATION,FAST_DECAY,DECAY_BREAKDOWN,SHORT_STRADDLE,56800.35,113.35,CORRECT,Spot -49.40
2026-07-28T14:21:00+05:30,NSE:NIFTYBANK-INDEX,MIXED_PREMIUM_REGIME,WAIT,PUT_BIAS,75.0,0.0,75.0,CALL,AGGRESSIVE_DOWNWARD_ROTATION,FAST_DECAY,DECAY_BREAKDOWN,SHORT_STRADDLE,56811.1,112.3,CORRECT,Spot -24.50
2026-07-28T14:22:00+05:30,NSE:NIFTYBANK-INDEX,MIXED_PREMIUM_REGIME,WAIT,PUT_BIAS,75.0,0.0,75.0,CALL,AGGRESSIVE_DOWNWARD_ROTATION,FAST_DECAY,DECAY_BREAKDOWN_UNCONFIRMED,SHORT_STRADDLE,56808.1,113.75,CORRECT,Spot -21.70
2026-07-28T14:23:00+05:30,NSE:NIFTYBANK-INDEX,MIXED_PREMIUM_REGIME,WAIT,PUT_BIAS,75.0,0.0,75.0,PUT,AGGRESSIVE_DOWNWARD_ROTATION,FAST_DECAY,DECAY_BREAKDOWN,SHORT_STRADDLE,56796.3,112.5,CORRECT,Spot -0.75
2026-07-28T14:24:00+05:30,NSE:NIFTYBANK-INDEX,MIXED_PREMIUM_REGIME,WAIT,PUT_BIAS,75.0,0.0,75.0,PUT,AGGRESSIVE_DOWNWARD_ROTATION,FAST_DECAY,DECAY_BREAKDOWN,SHORT_STRADDLE,56797.9,110.6,CORRECT,Spot -8.20
2026-07-28T14:25:00+05:30,NSE:NIFTYBANK-INDEX,MIXED_PREMIUM_REGIME,WAIT,PUT_BIAS,75.0,0.0,75.0,CALL,AGGRESSIVE_DOWNWARD_ROTATION,FAST_DECAY,DECAY_BREAKDOWN_UNCONFIRMED,SHORT_STRADDLE,56791.05,113.35,NEUTRAL,Spot nearly flat +2.25
2026-07-28T14:26:00+05:30,NSE:NIFTYBANK-INDEX,MIXED_PREMIUM_REGIME,WAIT,PUT_BIAS,75.0,0.0,75.0,CALL,AGGRESSIVE_DOWNWARD_ROTATION,FAST_DECAY,DECAY_BREAKDOWN,SHORT_STRADDLE,56802.8,111.45,NEUTRAL,Spot nearly flat +6.95
2026-07-28T14:27:00+05:30,NSE:NIFTYBANK-INDEX,MIXED_PREMIUM_REGIME,WAIT,PUT_BIAS,75.0,0.0,75.0,PUT,AGGRESSIVE_DOWNWARD_ROTATION,FAST_DECAY,DECAY_BREAKDOWN,SHORT_STRADDLE,56804.05,109.05,NEUTRAL,Spot nearly flat +7.40
2026-07-28T14:28:00+05:30,NSE:NIFTYBANK-INDEX,MIXED_PREMIUM_REGIME,WAIT,PUT_BIAS,75.0,0.0,75.0,CALL,AGGRESSIVE_DOWNWARD_ROTATION,FAST_DECAY,DECAY_BREAKDOWN_UNCONFIRMED,SHORT_STRADDLE,56806.25,109.75,NEUTRAL,Spot nearly flat +14.20
2026-07-28T14:29:00+05:30,NSE:NIFTYBANK-INDEX,MIXED_PREMIUM_REGIME,WAIT,PUT_BIAS,75.0,0.0,75.0,CALL,AGGRESSIVE_DOWNWARD_ROTATION,FAST_DECAY,DECAY_BREAKDOWN_UNCONFIRMED,SHORT_STRADDLE,56793.45,109.8,NEUTRAL,Spot nearly flat +1.25
2026-07-28T14:30:00+05:30,NSE:NIFTYBANK-INDEX,MIXED_PREMIUM_REGIME,WAIT,PUT_BIAS,75.0,0.0,75.0,PUT,AGGRESSIVE_DOWNWARD_ROTATION,FAST_DECAY,DECAY_BREAKDOWN_UNCONFIRMED,SHORT_STRADDLE,56791.25,110.55,NEUTRAL,Spot nearly flat +17.70
2026-07-28T14:31:00+05:30,NSE:NIFTYBANK-INDEX,MIXED_PREMIUM_REGIME,WAIT,PUT_BIAS,75.0,0.0,75.0,PUT,AGGRESSIVE_DOWNWARD_ROTATION,FAST_DECAY,DECAY_BREAKDOWN,SHORT_STRADDLE,56777.3,106.3,NEUTRAL,Spot nearly flat +8.00
2026-07-28T14:32:00+05:30,NSE:NIFTYBANK-INDEX,MIXED_PREMIUM_REGIME,WAIT,PUT_BIAS,75.0,0.0,75.0,PUT,AGGRESSIVE_DOWNWARD_ROTATION,FAST_DECAY,DECAY_BREAKDOWN_UNCONFIRMED,SHORT_STRADDLE,56762.25,107.15,WRONG,Spot +34.85
2026-07-28T14:33:00+05:30,NSE:NIFTYBANK-INDEX,MIXED_PREMIUM_REGIME,HOLD_FIRE,PUT_BIAS,75.0,0.0,75.0,BALANCED,AGGRESSIVE_DOWNWARD_ROTATION,FAST_DECAY,DECAY_BREAKDOWN,SHORT_STRADDLE,56758.9,103.8,WRONG,Spot +32.30
2026-07-28T14:34:00+05:30,NSE:NIFTYBANK-INDEX,MIXED_PREMIUM_REGIME,WAIT,PUT_BIAS,75.0,0.0,75.0,PUT,AGGRESSIVE_DOWNWARD_ROTATION,FAST_DECAY,DECAY_BREAKDOWN_UNCONFIRMED,SHORT_STRADDLE,56748.0,120.95,WRONG,Spot +46.20
2026-07-28T14:35:00+05:30,NSE:NIFTYBANK-INDEX,MIXED_PREMIUM_REGIME,WAIT,PUT_BIAS,75.0,0.0,75.0,PUT,AGGRESSIVE_DOWNWARD_ROTATION,FAST_DECAY,DECAY_BREAKDOWN,SHORT_STRADDLE,56750.95,103.8,WRONG,Spot +43.85
2026-07-28T14:36:00+05:30,NSE:NIFTYBANK-INDEX,MIXED_PREMIUM_REGIME,WAIT,PUT_BIAS,75.0,0.0,75.0,CALL,AGGRESSIVE_DOWNWARD_ROTATION,FAST_DECAY,DECAY_BREAKDOWN,SHORT_STRADDLE,56786.6,99.15,CORRECT,Spot -10.15
2026-07-28T14:37:00+05:30,NSE:NIFTYBANK-INDEX,MIXED_PREMIUM_REGIME,WAIT,PUT_BIAS,75.0,0.0,75.0,CALL,AGGRESSIVE_DOWNWARD_ROTATION,FAST_DECAY,DECAY_BREAKDOWN,SHORT_STRADDLE,56786.4,96.1,CORRECT,Spot -1.65
2026-07-28T14:38:00+05:30,NSE:NIFTYBANK-INDEX,MIXED_PREMIUM_REGIME,WAIT,PUT_BIAS,75.0,0.0,75.0,PUT,AGGRESSIVE_DOWNWARD_ROTATION,FAST_DECAY,DECAY_BREAKDOWN_UNCONFIRMED,SHORT_STRADDLE,56795.55,97.55,CORRECT,Spot -6.00
2026-07-28T14:39:00+05:30,NSE:NIFTYBANK-INDEX,MIXED_PREMIUM_REGIME,WAIT,PUT_BIAS,75.0,0.0,75.0,CALL,AGGRESSIVE_DOWNWARD_ROTATION,FAST_DECAY,DECAY_BREAKDOWN,SHORT_STRADDLE,56789.7,96.25,CORRECT,Spot -9.20
2026-07-28T14:40:00+05:30,NSE:NIFTYBANK-INDEX,MIXED_PREMIUM_REGIME,WAIT,PUT_BIAS,75.0,0.0,75.0,CALL,AGGRESSIVE_DOWNWARD_ROTATION,FAST_DECAY,DECAY_BREAKDOWN,SHORT_STRADDLE,56793.3,95.5,NEUTRAL,Spot nearly flat +20.85
2026-07-28T14:41:00+05:30,NSE:NIFTYBANK-INDEX,MIXED_PREMIUM_REGIME,WAIT,PUT_BIAS,75.0,0.0,75.0,CALL,AGGRESSIVE_DOWNWARD_ROTATION,FAST_DECAY,DECAY_BREAKDOWN_UNCONFIRMED,SHORT_STRADDLE,56809.75,96.2,CORRECT,Spot -13.05
2026-07-28T14:42:00+05:30,NSE:NIFTYBANK-INDEX,MIXED_PREMIUM_REGIME,WAIT,PUT_BIAS,75.0,0.0,75.0,PUT,AGGRESSIVE_DOWNWARD_ROTATION,FAST_DECAY,DECAY_BREAKDOWN,SHORT_STRADDLE,56811.45,93.9,CORRECT,Spot -17.35
2026-07-28T14:43:00+05:30,NSE:NIFTYBANK-INDEX,MIXED_PREMIUM_REGIME,WAIT,PUT_BIAS,75.0,0.0,75.0,CALL,AGGRESSIVE_DOWNWARD_ROTATION,FAST_DECAY,DECAY_BREAKDOWN,SHORT_STRADDLE,56820.45,93.2,CORRECT,Spot -32.70
2026-07-28T14:44:00+05:30,NSE:NIFTYBANK-INDEX,MIXED_PREMIUM_REGIME,WAIT,PUT_BIAS,75.0,0.0,75.0,PUT,AGGRESSIVE_DOWNWARD_ROTATION,FAST_DECAY,DECAY_BREAKDOWN,SHORT_STRADDLE,56794.7,87.75,CORRECT,Spot -8.40
2026-07-28T14:45:00+05:30,NSE:NIFTYBANK-INDEX,MIXED_PREMIUM_REGIME,WAIT,PUT_BIAS,75.0,0.0,75.0,CALL,AGGRESSIVE_DOWNWARD_ROTATION,FAST_DECAY,DECAY_BREAKDOWN_UNCONFIRMED,SHORT_STRADDLE,56808.95,88.35,CORRECT,Spot -3.10
2026-07-28T14:46:00+05:30,NSE:NIFTYBANK-INDEX,MIXED_PREMIUM_REGIME,WAIT,PUT_BIAS,75.0,0.0,75.0,PUT,AGGRESSIVE_DOWNWARD_ROTATION,FAST_DECAY,DECAY_BREAKDOWN,SHORT_STRADDLE,56785.3,83.65,CORRECT,Spot -56.25
2026-07-28T14:47:00+05:30,NSE:NIFTYBANK-INDEX,MIXED_PREMIUM_REGIME,WAIT,PUT_BIAS,75.0,0.0,75.0,CALL,AGGRESSIVE_DOWNWARD_ROTATION,FAST_DECAY,DECAY_BREAKDOWN,SHORT_STRADDLE,56797.1,81.2,CORRECT,Spot -88.40
2026-07-28T14:48:00+05:30,NSE:NIFTYBANK-INDEX,MIXED_PREMIUM_REGIME,WAIT,PUT_BIAS,75.0,0.0,75.0,CALL,AGGRESSIVE_DOWNWARD_ROTATION,FAST_DECAY,DECAY_BREAKDOWN_UNCONFIRMED,SHORT_STRADDLE,56791.2,83.25,CORRECT,Spot -88.10
2026-07-28T14:49:00+05:30,NSE:NIFTYBANK-INDEX,MIXED_PREMIUM_REGIME,WAIT,PUT_BIAS,75.0,0.0,75.0,CALL,AGGRESSIVE_DOWNWARD_ROTATION,FAST_DECAY,DECAY_BREAKDOWN,SHORT_STRADDLE,56794.2,82.3,CORRECT,Spot -92.05
2026-07-28T14:50:00+05:30,NSE:NIFTYBANK-INDEX,MIXED_PREMIUM_REGIME,HOLD_FIRE,PUT_BIAS,75.0,0.0,75.0,BALANCED,AGGRESSIVE_DOWNWARD_ROTATION,FAST_DECAY,DECAY_BREAKDOWN,SHORT_STRADDLE,56794.8,78.7,CORRECT,Spot -95.05
2026-07-28T14:51:00+05:30,NSE:NIFTYBANK-INDEX,MIXED_PREMIUM_REGIME,WAIT,PUT_BIAS,75.0,0.0,75.0,PUT,AGGRESSIVE_DOWNWARD_ROTATION,FAST_DECAY,DECAY_BREAKDOWN_UNCONFIRMED,SHORT_STRADDLE,56776.45,79.1,CORRECT,Spot -70.10
2026-07-28T14:52:00+05:30,NSE:NIFTYBANK-INDEX,MIXED_PREMIUM_REGIME,WAIT,PUT_BIAS,75.0,0.0,75.0,CALL,AGGRESSIVE_DOWNWARD_ROTATION,FAST_DECAY,DECAY_BREAKDOWN,SHORT_STRADDLE,56784.75,75.45,CORRECT,Spot -67.90
2026-07-28T14:53:00+05:30,NSE:NIFTYBANK-INDEX,MIXED_PREMIUM_REGIME,WAIT,PUT_BIAS,75.0,0.0,75.0,CALL,AGGRESSIVE_DOWNWARD_ROTATION,FAST_DECAY,DECAY_BREAKDOWN,SHORT_STRADDLE,56789.55,74.25,CORRECT,Spot -86.35
2026-07-28T14:54:00+05:30,NSE:NIFTYBANK-INDEX,MIXED_PREMIUM_REGIME,WAIT,PUT_BIAS,75.0,0.0,75.0,PUT,AGGRESSIVE_DOWNWARD_ROTATION,FAST_DECAY,DECAY_BREAKDOWN,SHORT_STRADDLE,56780.5,73.7,CORRECT,Spot -75.95
2026-07-28T14:55:00+05:30,NSE:NIFTYBANK-INDEX,MIXED_PREMIUM_REGIME,WAIT,PUT_BIAS,75.0,0.0,75.0,CALL,AGGRESSIVE_DOWNWARD_ROTATION,FAST_DECAY,DECAY_BREAKDOWN_UNCONFIRMED,SHORT_STRADDLE,56814.15,74.9,CORRECT,Spot -116.10
2026-07-28T14:56:00+05:30,NSE:NIFTYBANK-INDEX,MIXED_PREMIUM_REGIME,HOLD_FIRE,PUT_BIAS,75.0,0.0,75.0,BALANCED,AGGRESSIVE_DOWNWARD_ROTATION,FAST_DECAY,DECAY_BREAKDOWN,SHORT_STRADDLE,56796.7,74.9,CORRECT,Spot -103.60
2026-07-28T14:57:00+05:30,NSE:NIFTYBANK-INDEX,MIXED_PREMIUM_REGIME,WAIT,PUT_BIAS,75.0,0.0,75.0,PUT,AGGRESSIVE_DOWNWARD_ROTATION,FAST_DECAY,DECAY_BREAKDOWN,SHORT_STRADDLE,56794.1,70.6,CORRECT,Spot -100.25
2026-07-28T14:58:00+05:30,NSE:NIFTYBANK-INDEX,MIXED_PREMIUM_REGIME,HOLD_FIRE,PUT_BIAS,75.0,0.0,75.0,BALANCED,AGGRESSIVE_DOWNWARD_ROTATION,FAST_DECAY,DECAY_BREAKDOWN,SHORT_STRADDLE,56787.75,69.2,CORRECT,Spot -88.50
2026-07-28T14:59:00+05:30,NSE:NIFTYBANK-INDEX,MIXED_PREMIUM_REGIME,HOLD_FIRE,PUT_BIAS,75.0,0.0,75.0,BALANCED,AGGRESSIVE_DOWNWARD_ROTATION,FAST_DECAY,DECAY_BREAKDOWN,SHORT_STRADDLE,56786.3,68.5,CORRECT,Spot -91.55
2026-07-28T15:00:00+05:30,NSE:NIFTYBANK-INDEX,MIXED_PREMIUM_REGIME,WAIT,PUT_BIAS,75.0,0.0,75.0,CALL,AGGRESSIVE_DOWNWARD_ROTATION,FAST_DECAY,DECAY_BREAKDOWN,SHORT_STRADDLE,56805.85,67.9,CORRECT,Spot -106.15
2026-07-28T15:01:00+05:30,NSE:NIFTYBANK-INDEX,MIXED_PREMIUM_REGIME,WAIT,PUT_BIAS,75.0,0.0,75.0,PUT,AGGRESSIVE_DOWNWARD_ROTATION,FAST_DECAY,DECAY_BREAKDOWN,SHORT_STRADDLE,56729.05,54.0,CORRECT,Spot -20.80
2026-07-28T15:02:00+05:30,NSE:NIFTYBANK-INDEX,MIXED_PREMIUM_REGIME,WAIT,PUT_BIAS,75.0,0.0,75.0,CALL,AGGRESSIVE_DOWNWARD_ROTATION,FAST_DECAY,DECAY_BREAKDOWN,SHORT_STRADDLE,56708.7,46.15,CORRECT,Spot -14.25
2026-07-28T15:03:00+05:30,NSE:NIFTYBANK-INDEX,MIXED_PREMIUM_REGIME,WAIT,PUT_BIAS,75.0,0.0,75.0,PUT,AGGRESSIVE_DOWNWARD_ROTATION,FAST_DECAY,DECAY_BREAKDOWN,SHORT_STRADDLE,56703.1,38.9,CORRECT,Spot -9.50
2026-07-28T15:04:00+05:30,NSE:NIFTYBANK-INDEX,MIXED_PREMIUM_REGIME,WAIT,PUT_BIAS,75.0,0.0,75.0,PUT,AGGRESSIVE_DOWNWARD_ROTATION,FAST_DECAY,DECAY_BREAKDOWN,SHORT_STRADDLE,56702.15,37.85,WRONG,Spot +102.35
2026-07-28T15:05:00+05:30,NSE:NIFTYBANK-INDEX,MIXED_PREMIUM_REGIME,WAIT,PUT_BIAS,75.0,0.0,75.0,CALL,AGGRESSIVE_DOWNWARD_ROTATION,FAST_DECAY,DECAY_BREAKDOWN,SHORT_STRADDLE,56699.75,35.35,WRONG,Spot +151.25
2026-07-28T15:06:00+05:30,NSE:NIFTYBANK-INDEX,MIXED_PREMIUM_REGIME,WAIT,PUT_BIAS,75.0,0.0,75.0,PUT,AGGRESSIVE_DOWNWARD_ROTATION,FAST_DECAY,DECAY_BREAKDOWN,SHORT_STRADDLE,56706.35,32.5,WRONG,Spot +116.40
2026-07-28T15:07:00+05:30,NSE:NIFTYBANK-INDEX,MIXED_PREMIUM_REGIME,WAIT,PUT_BIAS,75.0,0.0,75.0,CALL,AGGRESSIVE_DOWNWARD_ROTATION,FAST_DECAY,DECAY_BREAKDOWN,SHORT_STRADDLE,56716.85,29.25,WRONG,Spot +123.20
2026-07-28T15:08:00+05:30,NSE:NIFTYBANK-INDEX,MIXED_PREMIUM_REGIME,WAIT,PUT_BIAS,75.0,0.0,75.0,PUT,AGGRESSIVE_DOWNWARD_ROTATION,FAST_DECAY,DECAY_BREAKDOWN,SHORT_STRADDLE,56703.2,29.05,WRONG,Spot +132.30
2026-07-28T15:09:00+05:30,NSE:NIFTYBANK-INDEX,MIXED_PREMIUM_REGIME,WAIT,PUT_BIAS,75.0,0.0,75.0,CALL,AGGRESSIVE_DOWNWARD_ROTATION,FAST_DECAY,DECAY_BREAKDOWN,SHORT_STRADDLE,56704.55,28.55,WRONG,Spot +87.20
2026-07-28T15:10:00+05:30,NSE:NIFTYBANK-INDEX,MIXED_PREMIUM_REGIME,WAIT,PUT_BIAS,75.0,0.0,75.0,PUT,AGGRESSIVE_DOWNWARD_ROTATION,FAST_DECAY,DECAY_BREAKDOWN,SHORT_STRADDLE,56698.05,26.5,NEUTRAL,Spot nearly flat +26.75
2026-07-28T15:11:00+05:30,NSE:NIFTYBANK-INDEX,MIXED_PREMIUM_REGIME,WAIT,PUT_BIAS,75.0,0.0,75.0,PUT,AGGRESSIVE_DOWNWARD_ROTATION,FAST_DECAY,DECAY_BREAKDOWN,SHORT_STRADDLE,56693.1,23.5,WRONG,Spot +36.60
2026-07-28T15:12:00+05:30,NSE:NIFTYBANK-INDEX,MIXED_PREMIUM_REGIME,HOLD_FIRE,PUT_BIAS,75.0,0.0,75.0,BALANCED,AGGRESSIVE_DOWNWARD_ROTATION,FAST_DECAY,DECAY_BREAKDOWN,SHORT_STRADDLE,56693.85,23.3,WRONG,Spot +32.15
2026-07-28T15:13:00+05:30,NSE:NIFTYBANK-INDEX,MIXED_PREMIUM_REGIME,WAIT,PUT_BIAS,75.0,0.0,75.0,CALL,AGGRESSIVE_DOWNWARD_ROTATION,FAST_DECAY,DECAY_BREAKDOWN,SHORT_STRADDLE,56699.25,18.5,NEUTRAL,Spot nearly flat +25.35
2026-07-28T15:14:00+05:30,NSE:NIFTYBANK-INDEX,MIXED_PREMIUM_REGIME,WAIT,PUT_BIAS,75.0,0.0,75.0,PUT,AGGRESSIVE_DOWNWARD_ROTATION,FAST_DECAY,DECAY_BREAKDOWN,SHORT_STRADDLE,56694.75,17.75,WRONG,Spot +39.95
2026-07-28T15:15:00+05:30,NSE:NIFTYBANK-INDEX,ROTATION_WITH_EXPANSION,WAIT,PUT_BIAS,75.0,0.0,75.0,CALL,AGGRESSIVE_DOWNWARD_ROTATION,PREMIUM_EXPANSION,DECAY_BREAKDOWN_UNCONFIRMED,SHORT_STRADDLE,56699.7,18.9,UNSCORED,No future row
2026-07-28T15:16:00+05:30,NSE:NIFTYBANK-INDEX,ROTATION_WITH_EXPANSION,WAIT,PUT_BIAS,75.0,0.0,75.0,CALL,AGGRESSIVE_DOWNWARD_ROTATION,PREMIUM_EXPANSION,DECAY_BREAKDOWN_UNCONFIRMED,SHORT_STRADDLE,56708.25,23.05,UNSCORED,No future row
2026-07-28T15:17:00+05:30,NSE:NIFTYBANK-INDEX,MIXED_PREMIUM_REGIME,HOLD_FIRE,PUT_BIAS,75.0,0.0,75.0,BALANCED,AGGRESSIVE_DOWNWARD_ROTATION,FAST_DECAY,DECAY_BREAKDOWN,SHORT_STRADDLE,56694.45,22.95,UNSCORED,No future row
2026-07-28T15:18:00+05:30,NSE:NIFTYBANK-INDEX,MIXED_PREMIUM_REGIME,HOLD_FIRE,PUT_BIAS,75.0,0.0,75.0,BALANCED,AGGRESSIVE_DOWNWARD_ROTATION,FAST_DECAY,DECAY_BREAKDOWN,SHORT_STRADDLE,56693.6,20.3,UNSCORED,No future row
2026-07-28T15:19:00+05:30,NSE:NIFTYBANK-INDEX,MIXED_PREMIUM_REGIME,HOLD_FIRE,PUT_BIAS,75.0,0.0,75.0,BALANCED,AGGRESSIVE_DOWNWARD_ROTATION,FAST_DECAY,DECAY_BREAKDOWN,SHORT_STRADDLE,56804.5,38.55,UNSCORED,No future row
2026-07-28T15:20:00+05:30,NSE:NIFTYBANK-INDEX,MIXED_PREMIUM_REGIME,HOLD_FIRE,PUT_BIAS,75.0,0.0,75.0,BALANCED,AGGRESSIVE_DOWNWARD_ROTATION,FAST_DECAY,DECAY_BREAKDOWN,SHORT_STRADDLE,56851.0,113.85,UNSCORED,No future row
2026-07-28T15:21:00+05:30,NSE:NIFTYBANK-INDEX,MIXED_PREMIUM_REGIME,HOLD_FIRE,PUT_BIAS,75.0,0.0,75.0,BALANCED,AGGRESSIVE_DOWNWARD_ROTATION,FAST_DECAY,DECAY_BREAKDOWN_UNCONFIRMED,SHORT_STRADDLE,56822.75,28.8,UNSCORED,No future row
2026-07-28T15:22:00+05:30,NSE:NIFTYBANK-INDEX,MIXED_PREMIUM_REGIME,HOLD_FIRE,PUT_BIAS,75.0,0.0,75.0,BALANCED,AGGRESSIVE_DOWNWARD_ROTATION,FAST_DECAY,DECAY_BREAKDOWN,SHORT_STRADDLE,56840.05,16.45,UNSCORED,No future row
2026-07-28T15:23:00+05:30,NSE:NIFTYBANK-INDEX,ROTATION_WITH_EXPANSION,WAIT,PUT_BIAS,75.0,0.0,75.0,PUT,AGGRESSIVE_DOWNWARD_ROTATION,PREMIUM_EXPANSION,DECAY_BREAKDOWN_UNCONFIRMED,SHORT_STRADDLE,56835.5,19.0,UNSCORED,No future row
2026-07-28T15:24:00+05:30,NSE:NIFTYBANK-INDEX,ROTATION_WITH_EXPANSION,WAIT,PUT_BIAS,75.0,0.0,75.0,PUT,AGGRESSIVE_DOWNWARD_ROTATION,PREMIUM_EXPANSION,DECAY_BREAKDOWN_UNCONFIRMED,SHORT_STRADDLE,56791.75,42.3,UNSCORED,No future row
2026-07-28T15:25:00+05:30,NSE:NIFTYBANK-INDEX,MIXED_PREMIUM_REGIME,HOLD_FIRE,PUT_BIAS,75.0,0.0,75.0,BALANCED,AGGRESSIVE_DOWNWARD_ROTATION,FAST_DECAY,DECAY_BREAKDOWN,SHORT_STRADDLE,56724.8,57.4,UNSCORED,No future row
2026-07-28T15:26:00+05:30,NSE:NIFTYBANK-INDEX,MIXED_PREMIUM_REGIME,WAIT,PUT_BIAS,75.0,0.0,75.0,CALL,AGGRESSIVE_DOWNWARD_ROTATION,FAST_DECAY,DECAY_BREAKDOWN_UNCONFIRMED,SHORT_STRADDLE,56729.7,57.65,UNSCORED,No future row
2026-07-28T15:27:00+05:30,NSE:NIFTYBANK-INDEX,ROTATION_WITH_EXPANSION,WAIT,PUT_BIAS,75.0,0.0,75.0,CALL,AGGRESSIVE_DOWNWARD_ROTATION,PREMIUM_EXPANSION,DECAY_BREAKDOWN_UNCONFIRMED,SHORT_STRADDLE,56726.0,60.6,UNSCORED,No future row
2026-07-28T15:28:00+05:30,NSE:NIFTYBANK-INDEX,ROTATION_WITH_EXPANSION,WAIT,PUT_BIAS,75.0,0.0,75.0,CALL,AGGRESSIVE_DOWNWARD_ROTATION,PREMIUM_EXPANSION,DECAY_BREAKDOWN_UNCONFIRMED,SHORT_STRADDLE,56724.6,63.2,UNSCORED,No future row
2026-07-28T15:29:00+05:30,NSE:NIFTYBANK-INDEX,MIXED_PREMIUM_REGIME,HOLD_FIRE,PUT_BIAS,75.0,0.0,75.0,BALANCED,AGGRESSIVE_DOWNWARD_ROTATION,FAST_DECAY,DECAY_BREAKDOWN,SHORT_STRADDLE,56734.7,57.2,UNSCORED,No future row
